feature	metadata	value	coef	stderr	N	N.not.0	pval	qval
X1965	glioma_progression_overall	Y	0.330971705805916	0.00111374094903483	57	27	0	0
X1965	age_at_surgery	age_at_surgery	0.0423977040099918	0.000545415231243168	57	27	0	0
X1965	grade_category	High	-0.667511743806199	0.00167414544466229	57	27	0	0
X1965	steroids_at_surgery	Y	-0.303569568894224	0.00117170100731062	57	27	0	0
X1877	glioma_progression_overall	Y	-1.67306823540384	0.000452468348689322	57	38	0	0
X1877	age_at_surgery	age_at_surgery	0.448367287654195	0.000250526453587328	57	38	0	0
X1877	grade_category	High	0.747848334611765	0.000838912638033317	57	38	0	0
X1877	glioma_idh_mutation	Mutant	0.107965737018579	0.000667801815441546	57	38	0	0
X1877	steroids_at_surgery	Y	0.757049801117782	0.000675331484000658	57	38	0	0
X1867	glioma_progression_overall	Y	0.871391436710053	0.00125712015740617	57	31	0	0
X1867	age_at_surgery	age_at_surgery	0.0867488447677819	0.000573226184646134	57	31	0	0
X1867	grade_category	High	-0.968801627281018	0.00196537869345754	57	31	0	0
X1867	glioma_idh_mutation	Mutant	-0.0807987780277674	0.0016345826766739	57	31	0	0
X1867	steroids_at_surgery	Y	0.157857275966375	0.00131132399337168	57	31	0	0
X1861	glioma_progression_overall	Y	0.63827412381561	0.000720736946153887	57	45	0	0
X1861	age_at_surgery	age_at_surgery	0.253395903041153	0.00034722973132202	57	45	0	0
X1861	grade_category	High	-0.578394136081616	0.00100008663630626	57	45	0	0
X1861	glioma_idh_mutation	Mutant	0.318401334207008	0.000888940213671214	57	45	0	0
X1861	steroids_at_surgery	Y	-0.421737990313029	0.000719874119543741	57	45	0	0
X1858	glioma_progression_overall	Y	-1.02589930818434	0.00147870498761599	57	22	0	0
X1858	age_at_surgery	age_at_surgery	0.0668683965346711	0.000864024658168807	57	22	0	0
X1858	grade_category	High	-0.185412896256492	0.00358618907273112	57	22	0	0
X1858	glioma_idh_mutation	Mutant	-0.779265205055476	0.00291854951191307	57	22	0	0
X1858	steroids_at_surgery	Y	1.29181420747129	0.00259045537168742	57	22	0	0
X1844	glioma_progression_overall	Y	0.489964646488945	0.000987438950767454	57	20	0	0
X1844	age_at_surgery	age_at_surgery	0.232454311635048	0.000584209711963729	57	20	0	0
X1844	grade_category	High	-0.735090736207982	0.00127198813349095	57	20	0	0
X1844	glioma_idh_mutation	Mutant	2.01495252763933	0.00132801724192822	57	20	0	0
X1812	glioma_progression_overall	Y	0.0685916900686559	0.000569466882579667	57	25	0	0
X1812	age_at_surgery	age_at_surgery	0.209934158719927	0.000290960740972794	57	25	0	0
X1812	grade_category	High	-1.30147756003159	0.00088539096596575	57	25	0	0
X1812	glioma_idh_mutation	Mutant	-0.158909808929856	0.000788871176815404	57	25	0	0
X1812	steroids_at_surgery	Y	0.138276047024662	0.00066017400035359	57	25	0	0
X2295	glioma_progression_overall	Y	0.76660789149506	0.000636499957165402	57	38	0	0
X2295	age_at_surgery	age_at_surgery	0.372896217472124	0.000278581510491224	57	38	0	0
X2295	grade_category	High	2.34806848905301	0.00129364226107893	57	38	0	0
X2295	glioma_idh_mutation	Mutant	1.05157349990889	0.000634831485398264	57	38	0	0
X2295	steroids_at_surgery	Y	-0.737896583307747	0.000534707178192158	57	38	0	0
X2303	glioma_progression_overall	Y	-0.0202774922063614	0.00033719598493625	57	34	0	0
X2303	age_at_surgery	age_at_surgery	-0.0931323334136632	0.000163747119128982	57	34	0	0
X2303	grade_category	High	-0.0807388577202384	0.000609684735708666	57	34	0	0
X2303	glioma_idh_mutation	Mutant	-1.09585379304856	0.000540575363959436	57	34	0	0
X2303	steroids_at_surgery	Y	-0.619469200534882	0.000342239396679354	57	34	0	0
X2318	glioma_progression_overall	Y	0.368362949928322	0.000332870809922006	57	43	0	0
X2318	age_at_surgery	age_at_surgery	0.456785907930563	0.00016395701468014	57	43	0	0
X2318	grade_category	High	0.346455748506236	0.000536947938182797	57	43	0	0
X2318	glioma_idh_mutation	Mutant	0.798025507404267	0.00042022832899754	57	43	0	0
X2318	steroids_at_surgery	Y	0.293134718171677	0.000386746205090295	57	43	0	0
X2290	glioma_progression_overall	Y	0.580255740979774	0.000979607490881442	57	26	0	0
X2290	age_at_surgery	age_at_surgery	0.247187369493191	0.0004617412131702	57	26	0	0
X2290	grade_category	High	1.49357613433803	0.00157088791684302	57	26	0	0
X2290	glioma_idh_mutation	Mutant	1.3946550172136	0.00102989843640117	57	26	0	0
X2290	steroids_at_surgery	Y	-0.124467626964187	0.000969217350522787	57	26	0	0
X2325	glioma_progression_overall	Y	-0.349779697410393	0.00165752141209416	57	21	0	0
X2325	age_at_surgery	age_at_surgery	-0.0607178710713923	0.000867642866481996	57	21	0	0
X2325	glioma_idh_mutation	Mutant	-0.950673051818607	0.00295135808944098	57	21	0	0
X2325	steroids_at_surgery	Y	0.199468858677587	0.00208587477792752	57	21	0	0
X9286	glioma_progression_overall	Y	0.309007142619138	0.000642388520039741	57	22	0	0
X9286	age_at_surgery	age_at_surgery	0.451843367915859	0.000306994393701921	57	22	0	0
X9286	grade_category	High	-0.280032866304484	0.000775039995278153	57	22	0	0
X9286	glioma_idh_mutation	Mutant	0.217090990258564	0.000719121748338455	57	22	0	0
X9286	steroids_at_surgery	Y	-1.26954146388873	0.000619055885748465	57	22	0	0
X15452	glioma_progression_overall	Y	-0.56183550689607	0.000761637770300449	57	44	0	0
X15452	grade_category	High	1.03143747014822	0.00136275650257544	57	44	0	0
X15452	glioma_idh_mutation	Mutant	0.478397245107992	0.000979749869930477	57	44	0	0
X15452	steroids_at_surgery	Y	0.287185714533915	0.000958396800669631	57	44	0	0
X7962	glioma_progression_overall	Y	-0.978083721843475	0.00110667733739391	57	21	0	0
X7962	age_at_surgery	age_at_surgery	-0.844071075985816	0.000598699254865555	57	21	0	0
X7962	grade_category	High	-1.12234496283804	0.00339466028534383	57	21	0	0
X7962	glioma_idh_mutation	Mutant	-3.09366443889	0.00333071252138588	57	21	0	0
X7962	steroids_at_surgery	Y	1.2040035594489	0.00156188314868064	57	21	0	0
X8053	glioma_progression_overall	Y	1.03743978166172	0.0115400175766717	57	15	0	0
X8053	steroids_at_surgery	Y	1.51767348315143	0.0178629884199686	57	15	0	0
X8028	glioma_progression_overall	Y	0.867833771915714	0.0076536817546858	57	20	0	0
X8028	age_at_surgery	age_at_surgery	-0.122433599413778	0.00298879789974871	57	20	0	0
X8028	glioma_idh_mutation	Mutant	-3.70482918647887	0.0380879744030071	57	20	0	0
X8028	steroids_at_surgery	Y	2.86346384656344	0.0239986940219314	57	20	0	0
X8059	glioma_progression_overall	Y	0.891623857833023	0.00739755993913061	57	21	0	0
X8059	age_at_surgery	age_at_surgery	0.239465867216761	0.00303319203835056	57	21	0	0
X8059	glioma_idh_mutation	Mutant	-0.901505081400713	0.0124025291182688	57	21	0	0
X8059	steroids_at_surgery	Y	0.627622277309915	0.00845472346461316	57	21	0	0
X4046	glioma_progression_overall	Y	-0.765533916422823	0.00284814427352869	57	28	0	0
X4046	age_at_surgery	age_at_surgery	-0.0609427815132882	0.00150265168311268	57	28	0	0
X4046	grade_category	High	1.49558999386405	0.00525347824292193	57	28	0	0
X4046	glioma_idh_mutation	Mutant	0.630189678043488	0.00349296256529369	57	28	0	0
X4046	steroids_at_surgery	Y	0.274976514794451	0.00355759150425948	57	28	0	0
X4041	glioma_progression_overall	Y	0.137640735109544	0.00180629502283968	57	24	0	0
X4041	age_at_surgery	age_at_surgery	-0.0496858016028681	0.000865919747364712	57	24	0	0
X4041	grade_category	High	0.555806932450732	0.00371418539340108	57	24	0	0
X4041	glioma_idh_mutation	Mutant	-1.00618653720799	0.00298851648577724	57	24	0	0
X4041	steroids_at_surgery	Y	-0.503882799402113	0.00181240157757444	57	24	0	0
X6747	grade_category	High	0.935178842994787	0.0112977348990194	57	15	0	0
X6747	glioma_idh_mutation	Mutant	-0.394574290242897	0.00925817911803581	57	15	0	0
X6747	steroids_at_surgery	Y	-1.16614027621531	0.00683834327868465	57	15	0	0
X6754	glioma_progression_overall	Y	1.41517327066037	0.00339878836922211	57	17	0	0
X6754	age_at_surgery	age_at_surgery	-0.176650455826764	0.00144686761445148	57	17	0	0
X6754	grade_category	High	0.52747513506164	0.00436985406596705	57	17	0	0
X6754	glioma_idh_mutation	Mutant	0.201329964988774	0.00333057461666348	57	17	0	0
X6754	steroids_at_surgery	Y	-1.40554463732541	0.00261608122119861	57	17	0	0
X4285	glioma_progression_overall	Y	-0.520050064089823	0.000750803303095827	57	18	0	0
X4285	age_at_surgery	age_at_surgery	0.212574412134646	0.000427389315474589	57	18	0	0
X4285	grade_category	High	0.829212129440508	0.00177191562219556	57	18	0	0
X4285	glioma_idh_mutation	Mutant	0.126736734898885	0.00119637386820928	57	18	0	0
X4285	steroids_at_surgery	Y	0.925949722614036	0.00121418912519494	57	18	0	0
X14890	glioma_progression_overall	Y	0.176943680227473	0.00300849460808855	57	26	0	0
X14890	age_at_surgery	age_at_surgery	-0.520956235581477	0.00145078808428613	57	26	0	0
X14890	grade_category	High	2.12880748841648	0.00589615802093928	57	26	0	0
X14890	glioma_idh_mutation	Mutant	0.461370248685516	0.00312787573594312	57	26	0	0
X14890	steroids_at_surgery	Y	-0.465044517482585	0.00294991106675254	57	26	0	0
X14941	glioma_progression_overall	Y	-0.881739258111033	0.0063736199742795	57	17	0	0
X14941	age_at_surgery	age_at_surgery	0.365971355330643	0.00380004464940517	57	17	0	0
X14941	grade_category	High	3.40517173487899	0.0277641103071958	57	17	0	0
X14941	glioma_idh_mutation	Mutant	1.22017377944984	0.00873737188898543	57	17	0	0
X14941	steroids_at_surgery	Y	0.993258636704862	0.0105953282566053	57	17	0	0
X15346	glioma_progression_overall	Y	0.831381665441265	0.00105931238275153	57	30	0	0
X15346	age_at_surgery	age_at_surgery	0.213246851807543	0.000459667200035204	57	30	0	0
X15346	grade_category	High	0.820507292808555	0.00191114321435264	57	30	0	0
X15346	glioma_idh_mutation	Mutant	0.549777694232964	0.00119233142505246	57	30	0	0
X15346	steroids_at_surgery	Y	0.308135546067329	0.0010901558249127	57	30	0	0
X15300	glioma_progression_overall	Y	-0.56088493361935	0.000507601377757458	57	36	0	0
X15300	age_at_surgery	age_at_surgery	0.166242539519822	0.000265808808803574	57	36	0	0
X15300	grade_category	High	1.82897759413005	0.00117966472580158	57	36	0	0
X15300	steroids_at_surgery	Y	-0.13648101734521	0.00060749940206473	57	36	0	0
X15286	glioma_progression_overall	Y	0.200630648432261	0.000509870170194452	57	41	0	0
X15286	age_at_surgery	age_at_surgery	-0.117054044707635	0.000240491783297576	57	41	0	0
X15286	grade_category	High	1.37691334369341	0.000978206368157907	57	41	0	0
X15286	glioma_idh_mutation	Mutant	-0.0586884224905992	0.000637902852065979	57	41	0	0
X15286	steroids_at_surgery	Y	-0.528795498201033	0.000502047997873518	57	41	0	0
X79883	age_at_surgery	age_at_surgery	-0.186136660080733	0.00490078751112719	57	29	0	0
X79883	grade_category	High	1.14295262737415	0.0205205643696951	57	29	0	0
X79883	glioma_idh_mutation	Mutant	-0.673042204274752	0.0150118704158753	57	29	0	0
X79883	steroids_at_surgery	Y	-0.927454722591585	0.00982784031879	57	29	0	0
X7263	grade_category	High	1.17985681099608	0.00847198234120426	57	35	0	0
X7263	glioma_idh_mutation	Mutant	0.447585357521353	0.0064086969751853	57	35	0	0
X7263	steroids_at_surgery	Y	-1.02441565926296	0.00560679739374062	57	35	0	0
X7264	age_at_surgery	age_at_surgery	-0.369540688450042	0.00695425274254675	57	19	0	0
X7264	grade_category	High	1.96372661238453	0.0318371439174964	57	19	0	0
X25416	glioma_progression_overall	Y	0.762319567717229	0.00662554713599017	57	25	0	0
X25416	age_at_surgery	age_at_surgery	0.58934537133567	0.00295495299730774	57	25	0	0
X25416	grade_category	High	2.76974171667378	0.0174260829449538	57	25	0	0
X25416	glioma_idh_mutation	Mutant	1.42117766258952	0.00694061058797221	57	25	0	0
X25416	steroids_at_surgery	Y	-0.266729584622481	0.00600910808868502	57	25	0	0
X14963	glioma_progression_overall	Y	-0.268233193012423	0.00220604276747749	57	38	0	0
X14963	age_at_surgery	age_at_surgery	-0.369870140323701	0.0011329680858628	57	38	0	0
X14963	grade_category	High	1.13068229580568	0.00555776126016101	57	38	0	0
X14963	glioma_idh_mutation	Mutant	-0.820244962067462	0.00364972201449375	57	38	0	0
X14963	steroids_at_surgery	Y	0.159228209517945	0.00267883117187965	57	38	0	0
X63327	age_at_surgery	age_at_surgery	0.224985072601947	0.00479374435664222	57	25	0	0
X63327	grade_category	High	1.63834711794362	0.021035114034448	57	25	0	0
X14837	glioma_progression_overall	Y	0.335222016447005	0.0043533247520315	57	35	0	0
X14837	age_at_surgery	age_at_surgery	0.402881302440458	0.00220105131078476	57	35	0	0
X14837	grade_category	High	0.888169732598006	0.00673775820478527	57	35	0	0
X14837	glioma_idh_mutation	Mutant	1.50651746314023	0.00510090876192623	57	35	0	0
X14837	steroids_at_surgery	Y	0.334823612443137	0.0050647748279431	57	35	0	0
X15350	glioma_progression_overall	Y	0.906298435884342	0.00305777264423988	57	28	0	0
X15350	age_at_surgery	age_at_surgery	0.270595183771672	0.00140539821271161	57	28	0	0
X15350	glioma_idh_mutation	Mutant	0.979620652664825	0.00345158109647251	57	28	0	0
X15350	steroids_at_surgery	Y	0.428521354374105	0.00325694870175414	57	28	0	0
X14838	glioma_idh_mutation	Mutant	1.13454501125415	0.0095677946370518	57	20	0	0
X4262	glioma_progression_overall	Y	-0.235417627682668	0.00119766945056259	57	21	0	0
X4262	age_at_surgery	age_at_surgery	-0.600455811468724	0.000593485505808735	57	21	0	0
X4262	grade_category	High	-0.117343986719472	0.00204862324505371	57	21	0	0
X4262	glioma_idh_mutation	Mutant	-0.595082052129791	0.00172739757243194	57	21	0	0
X4262	steroids_at_surgery	Y	-0.342829965440777	0.00123374392772736	57	21	0	0
X29305	glioma_progression_overall	Y	-1.36894277566098	0.0149859059232743	57	17	0	0
X29305	grade_category	High	3.09222963757399	0.0433237822782523	57	17	0	0
X29305	steroids_at_surgery	Y	-0.98318048126631	0.0153434428091633	57	17	0	0
X7253	glioma_progression_overall	Y	-1.08796672988776	0.00537506622608339	57	31	0	0
X7253	grade_category	High	0.557683130965902	0.0074466219246827	57	31	0	0
X7253	glioma_idh_mutation	Mutant	-0.462782625743437	0.00670191150803976	57	31	0	0
X7253	steroids_at_surgery	Y	-1.01447338227867	0.00542773445987093	57	31	0	0
X15254	glioma_progression_overall	Y	-0.430162046191944	0.000617755401487717	57	24	0	0
X15254	age_at_surgery	age_at_surgery	0.9680635830375	0.000373236871182367	57	24	0	0
X15254	grade_category	High	0.498553333882658	0.00118539457604312	57	24	0	0
X15254	glioma_idh_mutation	Mutant	-0.423341689244562	0.00104863580474613	57	24	0	0
X15254	steroids_at_surgery	Y	-0.054371164636281	0.000804309035269846	57	24	0	0
X29328	age_at_surgery	age_at_surgery	0.391795253494378	0.00448841461307594	57	18	0	0
X29328	glioma_idh_mutation	Mutant	1.77141620450083	0.0102122791855767	57	18	0	0
X29328	steroids_at_surgery	Y	1.47849244970581	0.010626855866598	57	18	0	0
X79840	glioma_progression_overall	Y	0.467387116432482	0.0105562579547473	57	19	0	0
X79840	age_at_surgery	age_at_surgery	0.739458537759054	0.00516303650007662	57	19	0	0
X79840	grade_category	High	2.1710725844178	0.0352980625938844	57	19	0	0
X79840	glioma_idh_mutation	Mutant	0.78534567459523	0.0144093812843043	57	19	0	0
X79840	steroids_at_surgery	Y	0.531495684132838	0.0129588074659422	57	19	0	0
X15131	glioma_progression_overall	Y	-1.14066395152662	0.00440929946229529	57	16	0	0
X15131	age_at_surgery	age_at_surgery	1.29438093736502	0.00336069595355448	57	16	0	0
X15131	steroids_at_surgery	Y	1.13207401929849	0.0104916747628132	57	16	0	0
X15120	glioma_progression_overall	Y	0.090629224350521	0.00119894979159161	57	34	0	0
X15120	age_at_surgery	age_at_surgery	0.104610614237095	0.000591267534693569	57	34	0	0
X15120	grade_category	High	1.29385348616309	0.0021883329978949	57	34	0	0
X15120	glioma_idh_mutation	Mutant	0.559682832240055	0.00144601474918801	57	34	0	0
X15120	steroids_at_surgery	Y	-0.0589355684625331	0.00132853215367772	57	34	0	0
X15265	glioma_progression_overall	Y	-0.944194618029547	0.00177352866937578	57	19	0	0
X15265	age_at_surgery	age_at_surgery	0.55676057954611	0.00103789158072441	57	19	0	0
X15265	grade_category	High	0.327039907138019	0.00350382745255672	57	19	0	0
X15265	glioma_idh_mutation	Mutant	-0.491537165435664	0.00304767400207286	57	19	0	0
X15265	steroids_at_surgery	Y	0.297291285966255	0.00259289023833769	57	19	0	0
X14995	glioma_progression_overall	Y	0.371909102869754	0.00679825230927737	57	30	0	0
X14995	steroids_at_surgery	Y	0.793638930544483	0.00877899864314791	57	30	0	0
X29339	age_at_surgery	age_at_surgery	-0.17232587984633	0.00249231015207874	57	15	0	0
X29339	grade_category	High	1.45182264584956	0.00944714499973571	57	15	0	0
X29339	steroids_at_surgery	Y	-0.792222004685317	0.00517869004545481	57	15	0	0
X14143	glioma_progression_overall	Y	-0.595275614450843	0.00540105634556818	57	19	0	0
X14143	age_at_surgery	age_at_surgery	-0.166815459560471	0.00270523639594422	57	19	0	0
X14143	grade_category	High	1.22757895783608	0.0112018865600554	57	19	0	0
X14143	glioma_idh_mutation	Mutant	-0.752552103261936	0.00855840870870809	57	19	0	0
X14143	steroids_at_surgery	Y	-0.632889578353164	0.00571803394351925	57	19	0	0
X4815	glioma_progression_overall	Y	-0.116183479603363	0.0022739360541221	57	33	0	0
X4815	grade_category	High	1.86992213504466	0.00663914842514389	57	33	0	0
X4815	glioma_idh_mutation	Mutant	-0.308249194594785	0.0034892042534288	57	33	0	0
X4815	steroids_at_surgery	Y	0.143998113771747	0.00279290139445867	57	33	0	0
X4677	glioma_progression_overall	Y	-0.568018650993051	0.00191014803502798	57	20	0	0
X4677	age_at_surgery	age_at_surgery	0.411735697316831	0.00098641371007266	57	20	0	0
X4677	grade_category	High	1.47378562860911	0.00366759408631779	57	20	0	0
X4677	glioma_idh_mutation	Mutant	-1.4409814057266	0.00317169455233361	57	20	0	0
X4677	steroids_at_surgery	Y	-1.53590038092725	0.00182924690902118	57	20	0	0
X48013	age_at_surgery	age_at_surgery	-0.128137194822708	0.0033962847089843	57	16	0	0
X48013	grade_category	High	1.93473189450129	0.0153845166060545	57	16	0	0
X48013	glioma_idh_mutation	Mutant	-0.73833883548125	0.0100755565680702	57	16	0	0
X48013	steroids_at_surgery	Y	-1.89121394828046	0.00677640247051864	57	16	0	0
X4774	glioma_progression_overall	Y	-1.61330574934162	0.00743903118429399	57	16	0	0
X4774	age_at_surgery	age_at_surgery	1.11058455497297	0.0055351900721571	57	16	0	0
X4774	grade_category	High	-0.851369652643862	0.0128473445211517	57	16	0	0
X4774	glioma_idh_mutation	Mutant	1.54077823052491	0.0124804066128801	57	16	0	0
X4774	steroids_at_surgery	Y	2.52560568784005	0.013985617633896	57	16	0	0
X4779	age_at_surgery	age_at_surgery	0.392612320560802	0.00359258421344023	57	15	0	0
X4779	glioma_idh_mutation	Mutant	1.62207905260074	0.00834569330094632	57	15	0	0
X4779	steroids_at_surgery	Y	1.44782289006746	0.00933231720443147	57	15	0	0
X4581	glioma_progression_overall	Y	0.231809777888366	0.00104318330766693	57	32	0	0
X4581	age_at_surgery	age_at_surgery	-0.515445494970471	0.000488860111935789	57	32	0	0
X4581	grade_category	High	-0.18273694716303	0.00216936222064158	57	32	0	0
X4581	glioma_idh_mutation	Mutant	-1.73676770393759	0.00192710790549496	57	32	0	0
X4581	steroids_at_surgery	Y	-0.774081290686439	0.00100459517403224	57	32	0	0
X4577	glioma_progression_overall	Y	0.283308281156963	0.00144840913165745	57	31	0	0
X4577	age_at_surgery	age_at_surgery	-0.245670856699796	0.000688001374311195	57	31	0	0
X4577	glioma_idh_mutation	Mutant	-0.459209347149066	0.00199505548661085	57	31	0	0
X4577	steroids_at_surgery	Y	-0.366512044486379	0.00147004022295446	57	31	0	0
X4571	glioma_progression_overall	Y	-1.18521428911083	0.00371463407563304	57	15	0	0
X4571	age_at_surgery	age_at_surgery	0.270222901059007	0.00178047358481459	57	15	0	0
X4571	grade_category	High	1.57384286372582	0.00508356723680394	57	15	0	0
X4571	glioma_idh_mutation	Mutant	1.15792807906071	0.00403147842019306	57	15	0	0
X4571	steroids_at_surgery	Y	-0.326941334966048	0.00414266691501853	57	15	0	0
X4617	glioma_progression_overall	Y	0.0560769076304245	0.0013205275191468	57	34	0	0
X4617	grade_category	High	0.555943900671311	0.0021158077913414	57	34	0	0
X4617	glioma_idh_mutation	Mutant	-0.352324757993011	0.00174956609634074	57	34	0	0
X4617	steroids_at_surgery	Y	-0.960082046286755	0.00128078616929617	57	34	0	0
X25493	glioma_progression_overall	Y	-0.292884023082294	0.00604350961060637	57	21	0	0
X25493	grade_category	High	1.25577829800402	0.0127907032784865	57	21	0	0
X25493	glioma_idh_mutation	Mutant	-1.19845289970265	0.0103301437449499	57	21	0	0
X25493	steroids_at_surgery	Y	-1.12277606081258	0.00587672862030233	57	21	0	0
X4753	glioma_progression_overall	Y	0.143807199496213	0.00123657322268569	57	26	0	0
X4753	age_at_surgery	age_at_surgery	0.485197685858027	0.000622150968283198	57	26	0	0
X4753	grade_category	High	-0.559860467445276	0.00181501830202323	57	26	0	0
X4753	glioma_idh_mutation	Mutant	0.0774580968032502	0.00163782230901735	57	26	0	0
X4753	steroids_at_surgery	Y	-0.152197690046611	0.00137174735981052	57	26	0	0
X4711	glioma_progression_overall	Y	2.15941280389241	0.00675268838428667	57	16	0	0
X4711	age_at_surgery	age_at_surgery	0.664829784924866	0.00303688622126294	57	16	0	0
X4711	grade_category	High	-2.07313216079952	0.00966339920188288	57	16	0	0
X4711	glioma_idh_mutation	Mutant	1.65587167052272	0.00785625428616204	57	16	0	0
X4711	steroids_at_surgery	Y	1.4417421738112	0.00783296921549513	57	16	0	0
X4705	glioma_progression_overall	Y	0.764970809986041	0.0012056246859549	57	32	0	0
X4705	age_at_surgery	age_at_surgery	0.530732110492035	0.000600097521471296	57	32	0	0
X4705	grade_category	High	-0.68955836519448	0.00153302724419582	57	32	0	0
X4705	glioma_idh_mutation	Mutant	1.00777488347896	0.00144554870974122	57	32	0	0
X4705	steroids_at_surgery	Y	-0.292013892196062	0.00123714028928028	57	32	0	0
X4716	glioma_progression_overall	Y	0.988000250173333	0.00130283953638771	57	31	0	0
X4716	age_at_surgery	age_at_surgery	-0.290351023934225	0.000516091617032664	57	31	0	0
X4716	grade_category	High	1.94363910858943	0.0033714751078013	57	31	0	0
X4716	glioma_idh_mutation	Mutant	0.111922314962529	0.00127756723511283	57	31	0	0
X4716	steroids_at_surgery	Y	0.364112149968371	0.00129563256398024	57	31	0	0
X4721	glioma_progression_overall	Y	0.564931313416072	0.00110624815793356	57	50	0	0
X4721	age_at_surgery	age_at_surgery	0.486129863507671	0.000512579837417494	57	50	0	0
X4721	grade_category	High	0.458262778930488	0.00158030917076246	57	50	0	0
X4721	glioma_idh_mutation	Mutant	0.439102928268451	0.00129332581416412	57	50	0	0
X4721	steroids_at_surgery	Y	-0.632688248819593	0.00101367700688514	57	50	0	0
X4670	glioma_progression_overall	Y	0.910204500492193	0.0020199791916458	57	23	0	0
X4670	age_at_surgery	age_at_surgery	-0.165501682952727	0.000815444452206914	57	23	0	0
X4670	grade_category	High	2.89780721412532	0.00677940836947843	57	23	0	0
X4670	glioma_idh_mutation	Mutant	-0.646736922449672	0.00243722380008156	57	23	0	0
X4670	steroids_at_surgery	Y	-1.21357763410734	0.00150404991519413	57	23	0	0
X59869	glioma_progression_overall	Y	0.784019693322807	0.0123995432268789	57	15	0	0
X59869	glioma_idh_mutation	Mutant	0.530068982105306	0.0130888104264378	57	15	0	0
X59869	steroids_at_surgery	Y	1.28273150533731	0.0166437868174944	57	15	0	0
X4529	glioma_progression_overall	Y	1.16519280397645	0.00544830925104063	57	16	0	0
X4529	age_at_surgery	age_at_surgery	-0.402426164129613	0.00262312747009713	57	16	0	0
X4529	grade_category	High	-2.42216548759128	0.00922705036119785	57	16	0	0
X4529	glioma_idh_mutation	Mutant	-1.88752142556755	0.00848502688177109	57	16	0	0
X4529	steroids_at_surgery	Y	-0.677023321951905	0.0054554968775272	57	16	0	0
X4936	glioma_progression_overall	Y	0.777796616530523	0.00239443888462219	57	34	0	0
X4936	age_at_surgery	age_at_surgery	0.315342827497011	0.00101866569129274	57	34	0	0
X4936	grade_category	High	1.14206400017257	0.00571295121901834	57	34	0	0
X4936	glioma_idh_mutation	Mutant	-0.676334906596585	0.00360171359840725	57	34	0	0
X4936	steroids_at_surgery	Y	-0.274228872973272	0.00210943731424813	57	34	0	0
X4933	glioma_progression_overall	Y	-0.496515020910767	0.000622608425652771	57	41	0	0
X4933	age_at_surgery	age_at_surgery	-0.306400688458818	0.000306502393485386	57	41	0	0
X4933	grade_category	High	1.22007658151041	0.000992451883190211	57	41	0	0
X4933	glioma_idh_mutation	Mutant	0.332121750963433	0.00073587461722001	57	41	0	0
X4933	steroids_at_surgery	Y	-0.460939325276062	0.000653195476930574	57	41	0	0
X4938	age_at_surgery	age_at_surgery	0.571593742285914	0.0018358019050932	57	18	0	0
X4938	grade_category	High	-1.34261617718459	0.0045918360596003	57	18	0	0
X4938	glioma_idh_mutation	Mutant	0.641138570759599	0.00431689944985882	57	18	0	0
X4938	steroids_at_surgery	Y	-0.192183393527835	0.00409015475427094	57	18	0	0
X4959	glioma_progression_overall	Y	1.21473509397963	0.00266898412945181	57	23	0	0
X4959	age_at_surgery	age_at_surgery	0.406190941198395	0.00107513803542632	57	23	0	0
X4959	steroids_at_surgery	Y	-0.29597418889514	0.00216171661465327	57	23	0	0
X4910	glioma_progression_overall	Y	-0.184199018115168	0.00139206913737094	57	26	0	0
X4910	age_at_surgery	age_at_surgery	0.250669002088873	0.000894621032252456	57	26	0	0
X4910	grade_category	High	1.22451327104602	0.00273309595576842	57	26	0	0
X4910	glioma_idh_mutation	Mutant	2.11620799835149	0.00188533275187365	57	26	0	0
X4910	steroids_at_surgery	Y	1.66816589190399	0.00239771286271131	57	26	0	0
X4993	glioma_progression_overall	Y	0.552782470017016	0.00134941220177563	57	34	0	0
X4993	age_at_surgery	age_at_surgery	0.486534614741996	0.00061852881882746	57	34	0	0
X4993	grade_category	High	2.09711464747498	0.00312002767090891	57	34	0	0
X4993	glioma_idh_mutation	Mutant	0.80840114631675	0.00154604671263549	57	34	0	0
X4993	steroids_at_surgery	Y	-0.240683506611719	0.00130168106680355	57	34	0	0
X4988	glioma_progression_overall	Y	-0.957545004436149	0.0016682740179741	57	31	0	0
X4988	age_at_surgery	age_at_surgery	0.358165250204944	0.000880783955533727	57	31	0	0
X4988	grade_category	High	0.350600379761916	0.002701361137119	57	31	0	0
X4988	glioma_idh_mutation	Mutant	-0.15144773861433	0.00236424311222748	57	31	0	0
X4987	glioma_progression_overall	Y	-1.17273505174387	0.00114968577115065	57	37	0	0
X4987	age_at_surgery	age_at_surgery	0.0895300204248185	0.000651158099278025	57	37	0	0
X4987	grade_category	High	-0.157341949139985	0.00207690071922002	57	37	0	0
X4987	glioma_idh_mutation	Mutant	0.0700909605371334	0.00174450173828263	57	37	0	0
X4987	steroids_at_surgery	Y	1.15093701685476	0.00167330686542246	57	37	0	0
X5190	glioma_progression_overall	Y	-0.294124465260372	0.00104681757954099	57	17	0	0
X5190	age_at_surgery	age_at_surgery	0.618509951475088	0.000595906613056997	57	17	0	0
X5190	grade_category	High	-4.16720958781239	0.00147572967362898	57	17	0	0
X5190	glioma_idh_mutation	Mutant	1.90805906639336	0.00152396953770447	57	17	0	0
X5190	steroids_at_surgery	Y	3.10667574248538	0.000761719887048575	57	17	0	0
X3958	glioma_progression_overall	Y	0.289288419975192	0.00395495566068844	57	27	0	0
X3958	age_at_surgery	age_at_surgery	0.0692066620788503	0.00181634992980389	57	27	0	0
X3958	grade_category	High	0.478750202759423	0.00645260281005659	57	27	0	0
X3958	glioma_idh_mutation	Mutant	-0.9034858859768	0.00553636190625574	57	27	0	0
X3958	steroids_at_surgery	Y	-1.40609258476623	0.00350066443503339	57	27	0	0
X5736	glioma_progression_overall	Y	2.45588151566661	0.00124900488132177	57	16	0	0
X5736	age_at_surgery	age_at_surgery	-0.270316724022388	0.000307248768844199	57	16	0	0
X5736	grade_category	High	-2.02415416832402	0.00194942841206031	57	16	0	0
X5736	glioma_idh_mutation	Mutant	-2.7348790028091	0.0017747820018013	57	16	0	0
X5736	steroids_at_surgery	Y	-0.0644898674400926	0.000739035141809336	57	16	0	0
X5792	glioma_progression_overall	Y	-0.602156208557015	0.00129033956438834	57	25	0	0
X5792	age_at_surgery	age_at_surgery	0.361301454432589	0.000723493080631231	57	25	0	0
X5792	grade_category	High	-1.11558281791878	0.00235040176971216	57	25	0	0
X5792	glioma_idh_mutation	Mutant	-0.958255158873291	0.00211614950091482	57	25	0	0
X5792	steroids_at_surgery	Y	0.456896881073421	0.00181309809887188	57	25	0	0
X5825	glioma_progression_overall	Y	0.397339611684041	0.00213771055650646	57	23	0	0
X5825	age_at_surgery	age_at_surgery	-0.619651501389689	0.000994802093223202	57	23	0	0
X5825	grade_category	High	1.18006484025315	0.00413334067140424	57	23	0	0
X5825	glioma_idh_mutation	Mutant	-0.248808021820088	0.00248520480221608	57	23	0	0
X5825	steroids_at_surgery	Y	-0.150363385422752	0.00216518632191429	57	23	0	0
X72479	glioma_progression_overall	Y	-0.580881454416383	0.00347786757969308	57	23	0	0
X72479	age_at_surgery	age_at_surgery	-0.109874589358906	0.00168708471316766	57	23	0	0
X72479	grade_category	High	1.94004830306684	0.00672782331673541	57	23	0	0
X72479	steroids_at_surgery	Y	-0.821852505439659	0.00358218554557933	57	23	0	0
X14807	glioma_progression_overall	Y	0.475211547836053	0.00418208453423487	57	22	0	0
X14807	grade_category	High	1.29497827851695	0.00686058204153527	57	22	0	0
X14807	glioma_idh_mutation	Mutant	-0.325097035919454	0.00497693710263414	57	22	0	0
X14807	steroids_at_surgery	Y	-1.75026345626506	0.00369559679944883	57	22	0	0
X63101	glioma_progression_overall	Y	-0.874434433008483	0.0031400423802489	57	27	0	0
X63101	age_at_surgery	age_at_surgery	0.448943193840002	0.00176813140677797	57	27	0	0
X63101	grade_category	High	2.4133448880751	0.00980132974022066	57	27	0	0
X63101	glioma_idh_mutation	Mutant	-0.633054035849087	0.00546444877988224	57	27	0	0
X63101	steroids_at_surgery	Y	-0.430988815830797	0.00376929864349488	57	27	0	0
X14797	glioma_progression_overall	Y	-0.815030351959579	0.00121911010392352	57	38	0	0
X14797	age_at_surgery	age_at_surgery	0.0664171727520986	0.000648548929892704	57	38	0	0
X14797	grade_category	High	1.83074093580167	0.00282843003662695	57	38	0	0
X14797	glioma_idh_mutation	Mutant	0.142889249986407	0.00170032060786056	57	38	0	0
X14797	steroids_at_surgery	Y	0.170347196149189	0.00156006899294461	57	38	0	0
X17168	glioma_progression_overall	Y	1.4843380911697	0.0111865202827599	57	17	0	0
X17168	age_at_surgery	age_at_surgery	0.18901704500959	0.00435004799685813	57	17	0	0
X17168	grade_category	High	-2.23625856295244	0.0188101650775437	57	17	0	0
X17168	glioma_idh_mutation	Mutant	-0.869168382967237	0.0152652651715331	57	17	0	0
X17168	steroids_at_surgery	Y	0.732938137778377	0.0118687349730685	57	17	0	0
X17244	glioma_progression_overall	Y	-0.140977950009073	0.000511533066044722	57	20	0	0
X17244	age_at_surgery	age_at_surgery	-0.0560636943742045	0.000228072729706461	57	20	0	0
X17244	grade_category	High	0.693903993869291	0.000708085174333428	57	20	0	0
X17244	glioma_idh_mutation	Mutant	-0.966690992887212	0.000631712413411942	57	20	0	0
X17244	steroids_at_surgery	Y	-3.27857450730195	0.000697828022284333	57	20	0	0
X17234	glioma_progression_overall	Y	-0.90144145049564	0.00146572231332213	57	21	0	0
X17234	age_at_surgery	age_at_surgery	0.61667547203809	0.000956900603843663	57	21	0	0
X17234	grade_category	High	2.16261238732266	0.00680471999332307	57	21	0	0
X17234	glioma_idh_mutation	Mutant	-6.81481495018611	0.0454758307824134	57	21	0	0
X17234	steroids_at_surgery	Y	-0.179156311517184	0.00202501854608761	57	21	0	0
X16971	glioma_progression_overall	Y	1.59906437651021	0.00687898103152557	57	39	0	0
X16971	age_at_surgery	age_at_surgery	0.337235299220169	0.00244233374316339	57	39	0	0
X16971	grade_category	High	0.898364042279427	0.010284876713146	57	39	0	0
X16971	steroids_at_surgery	Y	-0.900332108876115	0.00426103975128952	57	39	0	0
X15300	glioma_idh_mutation	Mutant	0.0260048559805333	0.00072222839709008	57	36	6.63871269352626e-284	1.49242378381598e-283
X63327	glioma_idh_mutation	Mutant	0.436880725364091	0.0122791994012747	57	25	2.96760165401396e-277	6.65415834791791e-277
X1844	steroids_at_surgery	Y	-0.0408444387991349	0.00115184668698238	57	20	2.03702021785752e-275	4.55580357207208e-275
X59869	age_at_surgery	age_at_surgery	-0.189470438960799	0.0055324891765611	57	15	4.85529939047844e-257	1.08310524864519e-256
X29328	grade_category	High	-0.382916449420145	0.0113228932678834	57	18	1.07627626415039e-250	2.39478350335254e-250
X6747	age_at_surgery	age_at_surgery	0.110716674340945	0.00334369642218434	57	15	1.99289151412709e-240	4.42299902370043e-240
X14838	grade_category	High	0.382681612717106	0.0118009727127482	57	20	1.10752288677432e-230	2.45176822263018e-230
X29339	glioma_progression_overall	Y	-0.166267997652045	0.00517077435288346	57	15	7.43796059908615e-227	1.64239231502664e-226
X14838	age_at_surgery	age_at_surgery	-0.136375755555322	0.0044197840850138	57	20	4.69007678604279e-209	1.03300425414107e-208
X4779	glioma_progression_overall	Y	0.188877060187598	0.00636582366131132	57	15	1.84610362674246e-193	4.05583372541904e-193
X1965	glioma_idh_mutation	Mutant	-0.0431900957625987	0.00146857124917443	57	27	4.13944220049246e-190	9.0713216988122e-190
X15350	grade_category	High	-0.129882270955014	0.00444217970701419	57	28	6.30441951782936e-188	1.37810175389737e-187
X6747	glioma_progression_overall	Y	-0.201017222381563	0.00697059863679711	57	15	7.19220831872605e-183	1.56822587400794e-182
X7263	age_at_surgery	age_at_surgery	-0.0775507218669533	0.00271547265505237	57	35	2.18227281083984e-179	4.74644336357665e-179
X4988	steroids_at_surgery	Y	-0.058187923868007	0.00207361347175923	57	31	2.92253284875036e-173	6.34065730277509e-173
X4959	grade_category	High	-0.109036582541558	0.00396983948331231	57	23	4.44489841830261e-166	9.61955627841609e-166
X4617	age_at_surgery	age_at_surgery	-0.0168526281399548	0.000626786370885078	57	34	3.0871671576496e-159	6.66460403760584e-159
X14995	glioma_idh_mutation	Mutant	0.232204444356536	0.00867582060180538	57	30	8.36105395333774e-158	1.80052399490194e-157
X29305	glioma_idh_mutation	Mutant	-0.58324368375258	0.021876747485511	57	17	1.35446485220652e-156	2.9095911639992e-156
X7264	glioma_idh_mutation	Mutant	0.404022821431008	0.0156575185981784	57	19	8.04649325682791e-147	1.72424855503455e-146
X63327	glioma_progression_overall	Y	0.246974330365381	0.00996481027144542	57	25	1.31248699965376e-135	2.80556189115177e-135
X14838	steroids_at_surgery	Y	0.229890738877103	0.00947077521364353	57	20	3.7172202049494e-130	7.92642543702445e-130
X48013	glioma_progression_overall	Y	0.174641201229584	0.00738327753715798	57	16	1.0834368868201e-123	2.30462125069313e-123
X25493	age_at_surgery	age_at_surgery	0.0706649456628243	0.00299553573707256	57	21	4.87188420085131e-123	1.03379006213186e-122
X14807	age_at_surgery	age_at_surgery	-0.0419799431897115	0.00187660527849823	57	22	7.68763519916075e-111	1.62730964069826e-110
X8053	age_at_surgery	age_at_surgery	0.0942297842041604	0.00446382841669651	57	15	6.48730683260346e-99	1.36989246222452e-98
X8059	grade_category	High	0.389770791825144	0.0193031467752369	57	21	1.14909913057847e-90	2.42062044455997e-90
X15452	age_at_surgery	age_at_surgery	-0.00793904931695158	0.000402647007871181	57	44	1.53661914570161e-86	3.22912719024251e-86
X7264	glioma_progression_overall	Y	0.276899320784037	0.0144701786190659	57	19	1.26965386219191e-81	2.66168400025774e-81
X14995	age_at_surgery	age_at_surgery	-0.049764609969343	0.00330535256248716	57	30	3.16419995456314e-51	6.6174374049758e-51
X4815	age_at_surgery	age_at_surgery	0.0171141010948373	0.00116565162773104	57	33	8.40694542871207e-49	1.75396703188957e-48
X29305	age_at_surgery	age_at_surgery	0.105078678372763	0.00736480089417848	57	17	3.47925223500184e-46	7.24150584797033e-46
X29339	glioma_idh_mutation	Mutant	-0.0936844143128914	0.00659724982390436	57	15	9.09279975320938e-46	1.88800376737283e-45
X16971	glioma_idh_mutation	Mutant	0.091714504080764	0.00660066058318313	57	39	6.81646246616604e-44	1.41198151084868e-43
X4938	glioma_progression_overall	Y	0.0460303443470007	0.00354445194221927	57	18	1.45778810219801e-38	3.01253123257071e-38
X7263	glioma_progression_overall	Y	0.0745466932580858	0.00574123542865719	57	35	1.49942272222994e-38	3.09122693919443e-38
X79883	glioma_progression_overall	Y	0.132829743818359	0.0104183264529227	57	29	3.13252907600965e-37	6.44279029817588e-37
X4577	grade_category	High	-0.0307848685585049	0.00244465759064231	57	31	2.31578453855017e-36	4.75172770881756e-36
X63327	steroids_at_surgery	Y	-0.119107842919752	0.0106308729175279	57	25	3.89919322589594e-29	7.98187789771639e-29
X7253	age_at_surgery	age_at_surgery	0.0271562333665227	0.00243726736228518	57	31	7.82677135320475e-29	1.59842513551365e-28
X8028	grade_category	High	-0.597716648259354	0.0542366088661083	57	20	3.04232787485078e-28	6.198653983888e-28
X8053	glioma_idh_mutation	Mutant	-0.147934896469093	0.0141557098693289	57	15	1.45684154174691e-25	2.96133677878461e-25
X59869	grade_category	High	0.186151499976322	0.022154055042317	57	15	4.36727553853432e-17	8.85671263059407e-17
X2325	grade_category	High	0.0245628363311187	0.00351707856896932	57	21	2.87148015061322e-12	5.80973890938025e-12
X14995	grade_category	High	0.0779770765725099	0.0123797187958554	57	30	3.00005014245351e-10	6.0557856703818e-10
X6939	grade_category	High	-14.6708153178352	3.2184972725642	57	23	5.15739778862499e-06	1.0386426102092e-05
X7264	steroids_at_surgery	Y	0.0707555615484981	0.0156572813557706	57	19	6.2126639850041e-06	1.24827197851122e-05
X6939	glioma_idh_mutation	Mutant	-11.3999232217803	2.93462927762876	57	23	0.000102489539582535	0.000205451381190797
X4779	grade_category	High	-0.0373964695601096	0.0103620814509668	57	15	0.000307411898909934	0.000614823797819869
X14838	glioma_progression_overall	Y	-0.0296555997102058	0.00830803515411411	57	20	0.000357652006386584	0.000713663407239284
X4761	steroids_at_surgery	Y	-3.02083991910684	0.906637213280126	57	45	0.000862499840459865	0.00171710494553795
X4749	glioma_progression_overall	Y	5.35353152333007	1.61841628110809	57	24	0.00094004111153766	0.0018672049475748
X4699	glioma_progression_overall	Y	-2.67139448864985	0.846877759782504	57	43	0.00160826348351515	0.00318721920423276
X4348	grade_category	High	4.25739150479792	1.40591874224712	57	44	0.0024602194442239	0.00486452481016999
X15091	grade_category	High	3.19564125453484	1.06275453999884	57	50	0.00263890113312261	0.00520599543269087
X4742	age_at_surgery	age_at_surgery	-1.24987680841739	0.424889915240185	57	46	0.00326470201828467	0.00642599718531145
X14861	grade_category	High	2.20056616346925	0.752990256707311	57	54	0.00347304501128126	0.00682065273095868
X4760	grade_category	High	-6.92579961123142	2.42013281782648	57	28	0.00421317588621475	0.00825554734460997
X6952	glioma_idh_mutation	Mutant	-6.32210015521266	2.2166433459972	57	19	0.00434307159706614	0.00849094896505066
X6952	glioma_progression_overall	Y	4.50656900347474	1.58700670906241	57	19	0.00451607903302618	0.00880939183572371
X4725	steroids_at_surgery	Y	-3.23433345187852	1.22300304883436	57	35	0.00817915694564287	0.0159191645250767
X14809	age_at_surgery	age_at_surgery	-0.901350113042374	0.341621264763068	57	48	0.00832863500802338	0.0161739117343311
X14809	glioma_idh_mutation	Mutant	-2.39329722939733	0.925811544468113	57	48	0.00973563069947222	0.0188641396626745
X4925	glioma_progression_overall	Y	3.346683131951	1.30582323994419	57	30	0.0103804516613297	0.0200688732119042
X4742	steroids_at_surgery	Y	-2.44415373486822	0.961809640730597	57	46	0.0110471695594918	0.0213105044717469
X9262	steroids_at_surgery	Y	3.00078248624185	1.21666981579809	57	33	0.0136482572884665	0.0262698757543493
X10068	steroids_at_surgery	Y	2.24682137538444	0.913331758376619	57	47	0.0138926313745187	0.0266812125735789
X4874	steroids_at_surgery	Y	-1.86115469817481	0.757319701330361	57	47	0.0139886450927141	0.0268064344287694
X14027	grade_category	High	6.59367254336141	2.70201460947742	57	20	0.014675876925157	0.0280615668678826
X4761	age_at_surgery	age_at_surgery	-0.963379027995797	0.4005168489873	57	45	0.0161574442078044	0.03082670276489
X15249	grade_category	High	2.73951468401137	1.14521892953256	57	49	0.0167508233043654	0.0318888758748313
X1836	grade_category	High	2.14755487595329	0.913350035628683	57	52	0.0187082224932295	0.0355374532076631
X5090	grade_category	High	4.54136863901623	1.96135644618839	57	31	0.0205898271202801	0.0390264697051061
X4761	glioma_idh_mutation	Mutant	-2.51089306033925	1.08542076764169	57	45	0.020706697458748	0.0391626669328496
X4763	steroids_at_surgery	Y	-2.44671052396198	1.07426137828915	57	40	0.0227519299900068	0.0429374817598827
X14861	age_at_surgery	age_at_surgery	0.517673649653716	0.228422023165389	57	54	0.0234328021746473	0.0441267053938163
X4348	age_at_surgery	age_at_surgery	0.960392410264351	0.426489272315779	57	44	0.0243313759018677	0.0457198640056693
X4763	glioma_idh_mutation	Mutant	-2.89158312197105	1.28610086555385	57	40	0.0245549587775742	0.0460405477079516
X9262	grade_category	High	-3.96945972229426	1.77182484625466	57	33	0.0250699696462842	0.0469051044994994
X14809	glioma_progression_overall	Y	-1.52962470009039	0.683709219110563	57	48	0.0252703634258114	0.0471785754945406
X6939	glioma_progression_overall	Y	2.97936057555647	1.3389405187222	57	23	0.0260703140522595	0.0485678227526034
X15132	steroids_at_surgery	Y	1.60764963335668	0.727276488638832	57	49	0.0270700081841098	0.0503224511114863
X4725	grade_category	High	3.91356772491796	1.78100767462351	57	35	0.0279926340706974	0.0519266346300784
X15091	age_at_surgery	age_at_surgery	0.703594412582873	0.322390006560149	57	50	0.0290776314322665	0.0538245518001528
X17248	steroids_at_surgery	Y	-2.04362249180438	0.945374233823276	57	46	0.0306407356862041	0.0565975372547719
X6140	glioma_idh_mutation	Mutant	-4.21454280357857	1.99531959022319	57	25	0.0346680625585851	0.0639008780211208
X5090	steroids_at_surgery	Y	-2.84309904766964	1.34686382996922	57	31	0.0347806407079942	0.0639728486595241
X4498	age_at_surgery	age_at_surgery	0.653869658133019	0.310112020908635	57	49	0.0349881912872231	0.0642188321094601
X14142	glioma_progression_overall	Y	3.52184795191011	1.6732631697213	57	17	0.0353106139617482	0.0646741771509914
X14861	steroids_at_surgery	Y	-1.06277058178981	0.517071844196754	57	54	0.0398439107411065	0.0728239545058039
X1862	glioma_progression_overall	Y	3.87953113267321	1.89347794849556	57	19	0.0404727123379708	0.0738181545786889
X15154	age_at_surgery	age_at_surgery	0.576735663234942	0.286497462598357	57	48	0.0441086549853024	0.080281443174086
X14142	age_at_surgery	age_at_surgery	-1.6527948902247	0.836112520533648	57	17	0.0480686157441017	0.0873062540654875
X6939	age_at_surgery	age_at_surgery	1.33275985948228	0.681201986323419	57	23	0.0504083256962847	0.091365090324516
X1934	grade_category	High	-2.14308219628067	1.09660415861678	57	49	0.0506669679772694	0.0916429566324831
X4964	grade_category	High	1.50520192966945	0.770634938931719	57	53	0.0507962443114525	0.091686167118182
X25431	steroids_at_surgery	Y	-1.46684483411435	0.756784238967188	57	44	0.0525914752125357	0.0947299864076729
X6846	steroids_at_surgery	Y	3.94388833351628	2.03589937155	57	15	0.0527242571422464	0.0947729415573438
X6846	grade_category	High	-5.68557726459899	2.96489847405949	57	15	0.0551579860055222	0.0989431913913491
X4874	grade_category	High	2.0942551066381	1.10285321962297	57	47	0.0575720059680371	0.103060998337844
X4348	steroids_at_surgery	Y	-1.81159974626732	0.965433149669203	57	44	0.0605917077465153	0.108243913222727
X17248	age_at_surgery	age_at_surgery	-0.77573136152732	0.417629265644763	57	46	0.0632451563980806	0.112752635381824
X4940	age_at_surgery	age_at_surgery	1.00296933168671	0.547506931331978	57	33	0.066968665543469	0.119146705568135
X14965	age_at_surgery	age_at_surgery	1.96687908078633	1.07683478093794	57	18	0.067769341885286	0.120325158041222
X14808	glioma_idh_mutation	Mutant	-3.94626486943948	2.16676176827876	57	18	0.0685653571094796	0.121490551293783
X8071	glioma_progression_overall	Y	1.61859514647155	0.909273873230751	57	38	0.0750601859937357	0.13272837767185
X4644	grade_category	High	4.69994785611445	2.65114865920532	57	20	0.076262384070418	0.134580677771326
X15091	steroids_at_surgery	Y	-1.28353013550725	0.72978428664981	57	50	0.0786148533193328	0.138451259894372
X14341	steroids_at_surgery	Y	-2.8380986378625	1.62091506306822	57	25	0.0799590497207658	0.140534087388013
X4630	age_at_surgery	age_at_surgery	-0.880102184945408	0.503432770909292	57	37	0.08042905267431	0.14107515287631
X4714	glioma_progression_overall	Y	3.14316269172587	1.80739332178659	57	16	0.0820244760859822	0.143584092947293
X4874	glioma_progression_overall	Y	1.15717158257755	0.669565539953461	57	47	0.0839447678160331	0.146650497991865
X5090	glioma_progression_overall	Y	2.04413688053897	1.19073817932624	57	31	0.086034514764168	0.150000055801255
X16988	age_at_surgery	age_at_surgery	1.27355037404299	0.753785472490372	57	16	0.0911160777286814	0.158541975247906
X1941	glioma_progression_overall	Y	-3.76972781969374	2.23581776954682	57	15	0.0917838203204421	0.159385077203163
X15154	grade_category	High	1.58041902796893	0.944434523398864	57	48	0.0942480994898138	0.163338339753263
X15332	grade_category	High	1.78226029739187	1.06970787391722	57	49	0.0956897736972035	0.165178776024935
X15132	grade_category	High	-1.7646244581406	1.05910126930946	57	49	0.0956830007000593	0.165178776024935
X4811	steroids_at_surgery	Y	-1.37523745886437	0.826453586448015	57	44	0.0961079099149027	0.165572042823694
X4761	grade_category	High	2.19535337251069	1.32029865643884	57	45	0.096358427012523	0.16567555632588
X17248	glioma_idh_mutation	Mutant	-1.87631381012133	1.13179593219683	57	46	0.0973538250319027	0.1670568595222
X17130	glioma_idh_mutation	Mutant	-2.9790409815635	1.8134950887058	57	22	0.100443580644123	0.172019518032258
X4925	glioma_idh_mutation	Mutant	-2.87984115021959	1.76822091289965	57	30	0.103383759801028	0.17670701576993
X1949	glioma_progression_overall	Y	1.41438151287973	0.873959037635867	57	44	0.105584750033388	0.180115161821662
X15271	steroids_at_surgery	Y	-0.966578678583472	0.608720851348084	57	53	0.112312357293298	0.190917533052727
X4742	grade_category	High	2.22379003990701	1.40064346662491	57	46	0.112356065428731	0.190917533052727
X4557	glioma_progression_overall	Y	2.56664934158196	1.62240374060864	57	19	0.113648638443716	0.192505424025055
X6939	steroids_at_surgery	Y	2.43544202940603	1.53982630527526	57	23	0.113733089596412	0.192505424025055
X15332	glioma_progression_overall	Y	1.02579154403444	0.649442249502623	57	49	0.11422229491162	0.192584101885871
X4763	age_at_surgery	age_at_surgery	-0.74966724966695	0.474566643349189	57	40	0.114178326408851	0.192584101885871
X14965	grade_category	High	5.56362541853395	3.54975584267188	57	18	0.117038458902689	0.196950598153461
X14341	grade_category	High	3.68203100847231	2.36046793417791	57	25	0.118789814949371	0.199511851362843
X4816	glioma_progression_overall	Y	2.8475171296297	1.84816924984316	57	15	0.123384182539663	0.206717857139941
X4951	glioma_progression_overall	Y	1.93044836206575	1.25352169281941	57	31	0.123555500819275	0.206717857139941
X63326	grade_category	High	3.34233206147832	2.18728699548951	57	21	0.126494657101027	0.211229081915343
X1871	steroids_at_surgery	Y	-1.17753305852836	0.774562486803875	57	49	0.128446715783738	0.214077859639563
X15332	steroids_at_surgery	Y	-1.11596879468103	0.734559075524267	57	49	0.128703033176078	0.214094911784297
X14987	steroids_at_surgery	Y	2.11241405337643	1.39375372675117	57	29	0.12961310157815	0.215197325139294
X4575	glioma_progression_overall	Y	1.49848523110674	0.990787648143476	57	35	0.130427518120652	0.216137030028509
X4742	glioma_progression_overall	Y	-1.28119619674481	0.850360328849512	57	46	0.131900150542457	0.218161845954255
X4762	glioma_idh_mutation	Mutant	-2.147466511365	1.42733792437867	57	37	0.13244607526656	0.218649118561494
X15154	glioma_idh_mutation	Mutant	1.16168959340545	0.776421261038871	57	48	0.134598825902668	0.221782156316896
X4749	steroids_at_surgery	Y	-2.70819541700995	1.83050215442809	57	24	0.139011476108814	0.228620007967237
X4630	glioma_idh_mutation	Mutant	-2.016587020021	1.36432928771304	57	37	0.139386526204328	0.228804297731633
X4749	grade_category	High	-3.91367048756232	2.66570529341043	57	24	0.142061927703541	0.232756830700717
X15126	steroids_at_surgery	Y	1.83601142087143	1.2646023745635	57	32	0.146543655681054	0.238750899705088
X4699	age_at_surgery	age_at_surgery	-0.614599206449536	0.423149982524	57	43	0.146379796224951	0.238750899705088
X17130	glioma_progression_overall	Y	1.94435249965638	1.33870471754177	57	22	0.146386728047502	0.238750899705088
X14808	steroids_at_surgery	Y	-2.62128508254356	1.80974749303084	57	18	0.147497984758565	0.239856535962526
X6952	age_at_surgery	age_at_surgery	-1.16342803467179	0.804863209317852	57	19	0.148318097855989	0.240740196146847
X15332	age_at_surgery	age_at_surgery	0.468476294687546	0.32449936394643	57	49	0.148826362162371	0.241115335346858
X1862	age_at_surgery	age_at_surgery	1.36316125255186	0.94609183503338	57	19	0.149631594609471	0.241969307268104
X4820	glioma_progression_overall	Y	0.82751244675669	0.576403275196691	57	50	0.151102411557175	0.243894430528279
X8007	age_at_surgery	age_at_surgery	-0.542097027497409	0.378125323314237	57	47	0.151673935950849	0.244363563476368
X4613	steroids_at_surgery	Y	-1.3949403918673	0.982035516381781	57	40	0.155474332458784	0.250023418186954
X14027	glioma_idh_mutation	Mutant	3.12067153723943	2.22125125285142	57	20	0.16004624317619	0.256900796242224
X25431	glioma_progression_overall	Y	-0.93570367589993	0.669092493711487	57	44	0.161972918954883	0.259514621529923
X9262	glioma_progression_overall	Y	1.50153671754796	1.07568609741457	57	33	0.162748392135818	0.260277759481914
X6846	glioma_progression_overall	Y	2.48594693731934	1.79959778486748	57	15	0.167158984459712	0.266840947669633
X2301	age_at_surgery	age_at_surgery	-0.707918096986498	0.519818741777647	57	37	0.173243440961938	0.276047241093197
X9262	age_at_surgery	age_at_surgery	-0.731167425244779	0.537482036062635	57	33	0.173716993462609	0.276242022942624
X4811	glioma_progression_overall	Y	0.993341941093048	0.730688363090781	57	44	0.174000722497193	0.276242022942624
X14546	steroids_at_surgery	Y	-1.47792051013212	1.10043434749583	57	38	0.179261033402156	0.284074861675548
X4820	grade_category	High	1.25504522648348	0.949404979610159	57	50	0.186192057200758	0.294521981390289
X14965	glioma_progression_overall	Y	-2.8423358423997	2.15513180669422	57	18	0.1872130183079	0.295599502591422
X4837	steroids_at_surgery	Y	-0.782621965887079	0.596455412747398	57	53	0.18947914559814	0.298450289195353
X4760	steroids_at_surgery	Y	2.17947966328462	1.661881063906	57	28	0.18970460910923	0.298450289195353
X7985	steroids_at_surgery	Y	-1.89369749328562	1.45128175847685	57	26	0.19194569188084	0.301430960173881
X1862	steroids_at_surgery	Y	-2.76483509904409	2.14165680030829	57	19	0.196710774169636	0.308357429779429
X14987	grade_category	High	-2.61079579021971	2.02966389511802	57	29	0.198331658218972	0.310339105486521
X17130	grade_category	High	-2.81342741008162	2.20572036622371	57	22	0.202127339535981	0.315710566241119
X4644	glioma_idh_mutation	Mutant	2.77088795844255	2.17946658650965	57	20	0.203600390774925	0.316873595660438
X4951	age_at_surgery	age_at_surgery	-0.796405701135545	0.626332601221675	57	31	0.203537318762962	0.316873595660438
X4761	glioma_progression_overall	Y	-1.01434239502359	0.801580130885133	57	45	0.205717740704879	0.319027512323075
X4758	steroids_at_surgery	Y	-0.914458408083514	0.722575433239186	57	53	0.205672715423552	0.319027512323075
X7985	glioma_idh_mutation	Mutant	-2.18823215626577	1.73744037490078	57	26	0.207865163989951	0.3217841506606
X2301	glioma_idh_mutation	Mutant	-1.77121484412712	1.40873461242026	57	37	0.208641731001127	0.322154459548302
X6952	grade_category	High	-3.39629921699073	2.70245081533496	57	19	0.208844959983037	0.322154459548302
X15271	glioma_idh_mutation	Mutant	-0.914438395346746	0.72875697052614	57	53	0.209554288060394	0.322676514358482
X4725	glioma_progression_overall	Y	-1.35542578144492	1.08128677033991	57	35	0.210012761704509	0.322811135482196
X4557	grade_category	High	3.34118845254309	2.67232988395655	57	19	0.211193476755905	0.324053482852976
X8007	glioma_progression_overall	Y	0.944017807989124	0.756767117082584	57	47	0.212238030488383	0.325082898811432
X1934	steroids_at_surgery	Y	0.932334967967897	0.753028374770876	57	49	0.215673796069645	0.329242184254278
X5075	grade_category	High	-3.22287167261441	2.60325678895006	57	23	0.215710396580389	0.329242184254278
X4575	glioma_idh_mutation	Mutant	-1.64174983173745	1.34162604555289	57	35	0.22106484591059	0.336823845783211
X1934	glioma_idh_mutation	Mutant	-1.09557335343531	0.90152084561941	57	49	0.224270693939668	0.341111020502642
X6140	glioma_progression_overall	Y	1.77661636402535	1.47349744627971	57	25	0.227927820602413	0.346068418715706
X4303	steroids_at_surgery	Y	0.789471886661885	0.657770417556981	57	51	0.230052330208318	0.348685587597973
X5075	age_at_surgery	age_at_surgery	-0.941674338502529	0.789696483618315	57	23	0.233084464501477	0.352666928897886
X4964	age_at_surgery	age_at_surgery	0.27826424754782	0.233774502188424	57	53	0.233924370386173	0.353323267770782
X14894	glioma_progression_overall	Y	-1.53548656256638	1.29601786824664	57	27	0.236107337323163	0.35600239769697
X4874	glioma_idh_mutation	Mutant	1.06561196086185	0.90665789465511	57	47	0.239867243444596	0.361045850859513
X14142	glioma_idh_mutation	Mutant	-2.65646867934721	2.26631910406854	57	17	0.241136353007771	0.362329235089397
X4762	grade_category	High	-2.01648568943689	1.7362028251623	57	37	0.245465285616517	0.36756419705055
X4714	glioma_idh_mutation	Mutant	-2.84324921855146	2.44749673983423	57	16	0.24535863142105	0.36756419705055
X4742	glioma_idh_mutation	Mutant	-1.32339003875258	1.15147226990551	57	46	0.250431238859548	0.374355975614788
X1814	glioma_idh_mutation	Mutant	1.01659932100901	0.885939969581592	57	50	0.251182863221574	0.374835490570788
X4498	glioma_idh_mutation	Mutant	0.958350066340027	0.840417912951214	57	49	0.25415067354051	0.378614873253842
X14809	steroids_at_surgery	Y	-0.878577859478616	0.773317229095272	57	48	0.255908137340166	0.380581332454606
X10068	glioma_idh_mutation	Mutant	-1.22699952677342	1.09343492271519	57	47	0.261798073514122	0.388676320746222
X5075	glioma_progression_overall	Y	1.77044275326976	1.58045392093152	57	23	0.262623618680551	0.389237731264189
X4608	steroids_at_surgery	Y	0.63119875008518	0.566433124127664	57	52	0.265133608445541	0.392289522700035
X14142	steroids_at_surgery	Y	-2.0997243680395	1.89216671825474	57	17	0.267131293417242	0.394574236456707
X5075	steroids_at_surgery	Y	1.97273226346224	1.78759184849901	57	23	0.269779825587323	0.397810929255883
X4575	steroids_at_surgery	Y	-1.22888827412052	1.12063956542824	57	35	0.272818267392487	0.401610647430565
X15091	glioma_progression_overall	Y	-0.705421642992464	0.645220627472083	57	50	0.274260789338422	0.403052173520991
X4837	glioma_idh_mutation	Mutant	-0.770767548717179	0.714072668814975	57	53	0.280411004759973	0.411395571907549
X4652	glioma_progression_overall	Y	1.80951743826441	1.68613723229638	57	17	0.283193373140583	0.414778172781661
X4652	grade_category	High	2.97520407930275	2.77733185410752	57	17	0.284059085704111	0.415346898424498
X4940	glioma_idh_mutation	Mutant	1.5666135789931	1.48376745643275	57	33	0.291043615033515	0.424845545434828
X8007	steroids_at_surgery	Y	0.902095264377462	0.855950083996388	57	47	0.291923636603794	0.425073842607248
X4613	grade_category	High	1.50640824636685	1.43010165387542	57	40	0.292177192964522	0.425073842607248
X14027	steroids_at_surgery	Y	-1.9474299580979	1.85540768896737	57	20	0.293903532654217	0.426871574973571
X4575	age_at_surgery	age_at_surgery	-0.516438631938968	0.495054997729397	57	35	0.296858237930883	0.429728231280979
X6140	steroids_at_surgery	Y	-1.74018793772251	1.66661047962303	57	25	0.296416938033282	0.429728231280979
X14341	glioma_idh_mutation	Mutant	2.0196167323671	1.94053626629941	57	25	0.297990726662408	0.430651050159958
X9262	glioma_idh_mutation	Mutant	-1.50757869669111	1.45661756692718	57	33	0.300675479024979	0.433810392623104
X25431	grade_category	High	1.13036596915717	1.102075470093	57	44	0.305047064914666	0.43938898423139
X4552	glioma_idh_mutation	Mutant	-1.60263479013746	1.56418184111792	57	29	0.30555978801928	0.439400025746734
X14809	grade_category	High	1.13584670705683	1.12615123449436	57	48	0.313162003339886	0.449589014695875
X63326	glioma_progression_overall	Y	-1.33615846660337	1.32775055966219	57	21	0.314255678344552	0.449675066052237
X17248	grade_category	High	1.38647008945902	1.37670927891057	57	46	0.313891546623111	0.449675066052237
X4811	glioma_idh_mutation	Mutant	-0.992690933979673	0.989424912524944	57	44	0.315715688006734	0.451022411438192
X4862	grade_category	High	-2.30659946917346	2.30191196875521	57	29	0.316326036662074	0.451153527698368
X4811	age_at_surgery	age_at_surgery	0.365189664948642	0.365094568711939	57	44	0.317184471978018	0.451637464191286
X14894	grade_category	High	2.13194054948503	2.13469432943526	57	27	0.317935200503645	0.451909723786357
X4699	glioma_idh_mutation	Mutant	-1.1441441776013	1.14675736652195	57	43	0.318414552506939	0.451909723786357
X1836	glioma_idh_mutation	Mutant	0.744395038643854	0.750867143788615	57	52	0.321499822133333	0.455545350579805
X7985	glioma_progression_overall	Y	1.24611410652658	1.28308222904178	57	26	0.33145465186982	0.46888706849877
X4725	glioma_idh_mutation	Mutant	1.41662130650445	1.46416933050194	57	35	0.333281351206029	0.47070580446306
X4925	grade_category	High	-2.04915107330199	2.15085199651452	57	30	0.340733993201098	0.480451497706572
X14861	glioma_idh_mutation	Mutant	0.58600703238412	0.61903488518652	57	54	0.343819084820983	0.484017158243132
X4820	age_at_surgery	age_at_surgery	-0.270211893394324	0.288004789176861	57	50	0.348131290750689	0.489295998308723
X4532	grade_category	High	1.2502949940527	1.33959127383364	57	42	0.350644111714924	0.492032866438684
X4652	age_at_surgery	age_at_surgery	-0.77889435585365	0.842496273142571	57	17	0.355222004750995	0.497654016317819
X4557	steroids_at_surgery	Y	-1.69117792585448	1.83506292912406	57	19	0.356741827944826	0.498979727189708
X15126	grade_category	High	1.69379569610124	1.84159008627444	57	32	0.357705343384632	0.499524315801974
X1830	steroids_at_surgery	Y	1.32614332264239	1.44964477601903	57	33	0.360293635192243	0.501528740187602
X5082	glioma_progression_overall	Y	0.991642052114382	1.08311126378358	57	35	0.359903191789154	0.501528740187602
X15154	steroids_at_surgery	Y	-0.590743211147812	0.648535096777658	57	48	0.362354085233381	0.503591140819555
X2301	steroids_at_surgery	Y	1.06552827776695	1.1766974540157	57	37	0.365187629591855	0.506719677424105
X14993	glioma_progression_overall	Y	0.99817261702513	1.10575280583301	57	33	0.366680547061359	0.507981012648698
X4608	glioma_idh_mutation	Mutant	-0.602573832290039	0.678130142331148	57	52	0.374228090143579	0.517612779689847
X15249	age_at_surgery	age_at_surgery	0.308301053195461	0.3474054378625	57	49	0.374842719937169	0.5176399465799
X6148	glioma_idh_mutation	Mutant	-1.83340309656266	2.08599666023936	57	23	0.379450135472131	0.523172136070925
X15131	grade_category	High	16.8644544405464	19.2448844571752	57	16	0.380862384677992	0.524171710816285
X5082	steroids_at_surgery	Y	-1.07236804580772	1.22506473057569	57	35	0.381380106835297	0.524171710816285
X25431	glioma_idh_mutation	Mutant	-0.789286176460225	0.906020694496478	57	44	0.383668491313479	0.526485153695153
X4862	age_at_surgery	age_at_surgery	0.604085692146576	0.69829505408897	57	29	0.386991260475402	0.530208498604094
X4630	glioma_progression_overall	Y	-0.85924752861963	1.00755246769612	57	37	0.393766489340652	0.538642839192401
X4964	steroids_at_surgery	Y	-0.445765667146097	0.529188121736076	57	53	0.399587785904758	0.545747839461758
X14808	age_at_surgery	age_at_surgery	-0.668512570637363	0.799470274981046	57	18	0.403045545670792	0.549607562278353
X14965	glioma_idh_mutation	Mutant	2.43334979859198	2.91823463959314	57	18	0.404369408252074	0.550549898559162
X1790	age_at_surgery	age_at_surgery	-0.354177506492856	0.429196801144273	57	39	0.409252358262621	0.555488987828631
X4121	age_at_surgery	age_at_surgery	0.438804170390609	0.532361350128691	57	33	0.409791837226405	0.555488987828631
X14341	glioma_progression_overall	Y	1.18093058039559	1.43308555216316	57	25	0.409912563432162	0.555488987828631
X1934	glioma_progression_overall	Y	0.545708457545363	0.665771431226249	57	49	0.412408035028401	0.557539339349373
X6148	age_at_surgery	age_at_surgery	-0.630511897997532	0.769725437007396	57	23	0.412707281081605	0.557539339349373
X4608	glioma_progression_overall	Y	-0.405916809554529	0.500797666610755	57	52	0.417629576794479	0.563192125886213
X4940	steroids_at_surgery	Y	1.00336177850056	1.23937347250787	57	33	0.418186337152292	0.563192125886213
X1934	age_at_surgery	age_at_surgery	-0.268774417515336	0.33265840476562	57	49	0.41911407165877	0.56356915354425
X1790	steroids_at_surgery	Y	0.783138332451705	0.971559342547309	57	39	0.420206349781624	0.56416593257718
X4762	glioma_progression_overall	Y	-0.847109682819049	1.05408381090142	57	37	0.421601753239598	0.565167219288829
X1790	glioma_idh_mutation	Mutant	-0.93070675529682	1.16314499821712	57	39	0.423615784101006	0.566993434104423
X8071	glioma_idh_mutation	Mutant	-0.98271555737361	1.23125565522277	57	38	0.424788700521183	0.567448420892486
X4831	glioma_idh_mutation	Mutant	-1.69888322604392	2.13071895085126	57	19	0.425260195887242	0.567448420892486
X1814	age_at_surgery	age_at_surgery	0.258345784940936	0.326909168936074	57	50	0.429371396209962	0.572056837216947
X8007	glioma_idh_mutation	Mutant	-0.80679793066954	1.02473888837744	57	47	0.431094273997933	0.573474034217434
X1836	age_at_surgery	age_at_surgery	0.217258523545077	0.277067703453747	57	52	0.432960815825476	0.575077724836891
X16988	grade_category	High	1.9342818960938	2.48452690974533	57	16	0.436255878145226	0.578571057906016
X1830	grade_category	High	-1.63661544541754	2.11105734034362	57	33	0.438186843043132	0.580247417728348
X17248	glioma_progression_overall	Y	-0.645998077301297	0.835829321570137	57	46	0.439591765459619	0.58122315493901
X4862	steroids_at_surgery	Y	1.21316435079227	1.58070773029096	57	29	0.442795133895147	0.584570207114989
X4532	glioma_idh_mutation	Mutant	-0.832097508099199	1.10128073046564	57	42	0.449905509025669	0.593057261897473
X15091	glioma_idh_mutation	Mutant	0.658379820445556	0.873692735486542	57	50	0.451113523731499	0.593750023670807
X14894	age_at_surgery	age_at_surgery	0.486247198381578	0.647565931044826	57	27	0.452722189778603	0.59496722825889
X29328	glioma_progression_overall	Y	-0.00561538068066776	0.00754562417935118	57	18	0.456761326725582	0.599370066743976
X15132	glioma_progression_overall	Y	-0.477579305726602	0.643002664528791	57	49	0.457643339106565	0.599623049733
X8071	age_at_surgery	age_at_surgery	-0.334923469851528	0.454327437049326	57	38	0.461009722641572	0.602276910107916
X4348	glioma_idh_mutation	Mutant	0.851960194708142	1.15580605854999	57	44	0.461053358772267	0.602276910107916
X4552	grade_category	High	1.3902112945575	1.90267701167166	57	29	0.464986433225676	0.606303245683982
X4758	glioma_idh_mutation	Mutant	-0.631298776560346	0.865062691958579	57	53	0.465529388640115	0.606303245683982
X15078	glioma_idh_mutation	Mutant	0.554028318136603	0.764263556107425	57	51	0.468502410063136	0.608353875753624
X4714	steroids_at_surgery	Y	1.48302713002758	2.04428025295907	57	16	0.468174802273688	0.608353875753624
X1836	steroids_at_surgery	Y	-0.451759814289429	0.627189477515817	57	52	0.471344982823717	0.610151979268672
X4608	grade_category	High	-0.593284290079752	0.824873070983005	57	52	0.471991128790594	0.610151979268672
X17130	steroids_at_surgery	Y	-1.0909410711794	1.51388594149937	57	22	0.471141481710285	0.610151979268672
X16988	glioma_idh_mutation	Mutant	1.46184918043063	2.0421314327899	57	16	0.474087182066564	0.611952297326277
X15078	age_at_surgery	age_at_surgery	0.199048197492431	0.282010991846658	57	51	0.480301848884978	0.619055716340639
X1786	glioma_progression_overall	Y	-1.26491977843957	1.79687160557621	57	17	0.481459748863014	0.619630150163938
X4816	steroids_at_surgery	Y	1.46146442157538	2.09044038534233	57	15	0.484478314222946	0.622593993166858
X10068	grade_category	High	-0.923642677772829	1.33004735868204	57	47	0.487404152490262	0.623768549496887
X15271	age_at_surgery	age_at_surgery	-0.18689397029485	0.268909031787255	57	53	0.487050190338571	0.623768549496887
X4498	steroids_at_surgery	Y	-0.487336878028147	0.701990346698563	57	49	0.487543234089521	0.623768549496887
X15126	glioma_idh_mutation	Mutant	1.04777408172897	1.5139725567256	57	32	0.488893746043264	0.624577913447342
X4749	age_at_surgery	age_at_surgery	0.556858158685635	0.808643452446531	57	24	0.491054566301062	0.626418581645049
X4763	glioma_progression_overall	Y	-0.651778676239714	0.94978176496324	57	40	0.492561487086381	0.627420927913838
X4532	age_at_surgery	age_at_surgery	-0.27620113609053	0.406369202421948	57	42	0.496706920709051	0.631776346515899
X4760	glioma_idh_mutation	Mutant	-1.34663400572652	1.98959687654081	57	28	0.498508989093129	0.632418355830557
X4914	steroids_at_surgery	Y	0.80451696990583	1.18907434790644	57	36	0.498665508160646	0.632418355830557
X1798	age_at_surgery	age_at_surgery	0.700282838374287	1.04203897143944	57	15	0.501563749726586	0.634291934244483
X5075	glioma_idh_mutation	Mutant	-1.43811458979546	2.14013792425703	57	23	0.501600977885292	0.634291934244483
X16988	steroids_at_surgery	Y	-1.13576954140137	1.7063755093639	57	16	0.505664557423922	0.63850241648594
X1871	age_at_surgery	age_at_surgery	-0.22611878495738	0.342171359458966	57	49	0.508718182032306	0.640499013557318
X8071	grade_category	High	-0.990170949438831	1.49769445244626	57	38	0.50852885512063	0.640499013557318
X17130	age_at_surgery	age_at_surgery	-0.438544579485286	0.668846948571824	57	22	0.512034839012934	0.643743222458458
X14993	age_at_surgery	age_at_surgery	0.360840832152593	0.552498973344983	57	33	0.51368743377965	0.644888986130296
X4925	steroids_at_surgery	Y	-0.962340431000316	1.47696383300997	57	30	0.514680744151233	0.645204967451834
X2328	steroids_at_surgery	Y	-1.17085003469736	1.81548686576027	57	21	0.518976800843041	0.649497847793205
X15078	steroids_at_surgery	Y	0.41109391265569	0.638379505621783	57	51	0.519598278234564	0.649497847793205
X4121	glioma_idh_mutation	Mutant	0.925414005205658	1.44271621190372	57	33	0.521237698833603	0.65061233570335
X4826	glioma_idh_mutation	Mutant	-0.714488362492775	1.12346684063931	57	42	0.524797625871771	0.65411738468258
X8071	steroids_at_surgery	Y	0.64840076804021	1.0284432478076	57	38	0.528388299048354	0.65765067263529
X4749	glioma_idh_mutation	Mutant	-1.37873108954791	2.19149305005353	57	24	0.529264827691558	0.657800571559508
X4725	age_at_surgery	age_at_surgery	0.338838185428357	0.540274633741846	57	35	0.530554910913644	0.658463298851455
X14987	glioma_progression_overall	Y	0.756671544963408	1.23225036406514	57	29	0.539177885240073	0.66821190905821
X4826	grade_category	High	-0.8353958275958	1.36657766563098	57	42	0.540997648691452	0.669513448593974
X63326	age_at_surgery	age_at_surgery	-0.403813481385271	0.663361380738762	57	21	0.542697913989696	0.670663615299766
X15332	glioma_idh_mutation	Mutant	0.516465639283907	0.879409271340594	57	49	0.557010965574738	0.684491944645716
X14965	steroids_at_surgery	Y	-1.43147193634868	2.43757911305618	57	18	0.557034823918583	0.684491944645716
X4831	steroids_at_surgery	Y	1.04524827702303	1.77975909282201	57	19	0.557003840179733	0.684491944645716
X4914	glioma_idh_mutation	Mutant	-0.837966173120133	1.42355230174851	57	36	0.556099803868198	0.684491944645716
X14993	steroids_at_surgery	Y	0.732310068604207	1.25067470637793	57	33	0.55819005289031	0.684944070542412
X4303	grade_category	High	0.554945691021367	0.957884061790142	57	51	0.562356161440295	0.689084310497263
X15126	glioma_progression_overall	Y	-0.638713480519147	1.11806492807512	57	32	0.567818738312891	0.693823458331763
X4831	age_at_surgery	age_at_surgery	0.44950411417505	0.786226009512896	57	19	0.567509114478268	0.693823458331763
X1830	glioma_idh_mutation	Mutant	0.984355392969644	1.73550519444165	57	33	0.570587370991705	0.69426452682934
X4820	steroids_at_surgery	Y	-0.368258291038392	0.651947382552341	57	50	0.572169730731767	0.69426452682934
X4613	glioma_idh_mutation	Mutant	0.664455585347431	1.17568662129623	57	40	0.571962317855534	0.69426452682934
X4758	glioma_progression_overall	Y	-0.363622394021721	0.638847271450468	57	53	0.569230482428486	0.69426452682934
X4959	glioma_idh_mutation	Mutant	0.00177844289286594	0.0031316457208927	57	23	0.570106929441254	0.69426452682934
X1786	grade_category	High	1.66470692986617	2.95966093200893	57	17	0.573798957358707	0.695271717133809
X4498	glioma_progression_overall	Y	0.347077179039281	0.620647458695487	57	49	0.576013006708953	0.696983749425297
X14027	glioma_progression_overall	Y	0.911184784853334	1.64034739191994	57	20	0.578564462212606	0.697162163607988
X4826	steroids_at_surgery	Y	0.521792952872775	0.938416897559255	57	42	0.578186700272811	0.697162163607988
X4714	grade_category	High	-1.65585936624342	2.97716032970132	57	16	0.578082682276955	0.697162163607988
X4964	glioma_idh_mutation	Mutant	0.348912378766168	0.633540304476883	57	53	0.581815825088746	0.700110328944964
X4831	glioma_progression_overall	Y	0.861715241749923	1.57352388413192	57	19	0.583943211231438	0.7016997151538
X14808	glioma_progression_overall	Y	-0.864827517044485	1.60004685583268	57	18	0.588851316702128	0.706621580042554
X10068	glioma_progression_overall	Y	-0.434865395787993	0.80749950259061	57	47	0.590208901422705	0.707275129804067
X4121	steroids_at_surgery	Y	0.63861705086169	1.2050914467834	57	33	0.596158773345182	0.709518649535305
X4826	age_at_surgery	age_at_surgery	0.220415860207468	0.414555712048741	57	42	0.594939493111374	0.709518649535305
X4714	age_at_surgery	age_at_surgery	0.479685591784808	0.903095181249469	57	16	0.595309784750709	0.709518649535305
X4644	glioma_progression_overall	Y	0.854787470773233	1.60948301582995	57	20	0.595353341328079	0.709518649535305
X5082	age_at_surgery	age_at_surgery	-0.287542200045158	0.541185617499038	57	35	0.595197742540029	0.709518649535305
X14027	age_at_surgery	age_at_surgery	0.431622065992087	0.819623316775641	57	20	0.598464250305435	0.711289477822033
X1836	glioma_progression_overall	Y	0.290417443092057	0.554514098244488	57	52	0.600464120601113	0.712692748871716
X15271	glioma_progression_overall	Y	-0.279443401708871	0.538185609599955	57	53	0.603598692729686	0.715437142608756
X4940	grade_category	High	0.925193286349507	1.80484513393649	57	33	0.608219651334106	0.719933464844453
X6148	grade_category	High	1.28744332988039	2.53739993272886	57	23	0.611883418676388	0.723286106315839
X15132	glioma_idh_mutation	Mutant	0.430477091772673	0.870689656184458	57	49	0.621017124357573	0.733086700394964
X14546	grade_category	High	0.789571633174799	1.60251683077165	57	38	0.622219466348722	0.733510753012721
X6140	grade_category	High	-1.19263453469816	2.42707900179147	57	25	0.623152912882075	0.733617096356434
X1798	glioma_progression_overall	Y	1.01819325214918	2.08550230814689	57	15	0.625390856186418	0.735256817408357
X1786	age_at_surgery	age_at_surgery	0.429851446835484	0.897821831307144	57	17	0.632101239860964	0.742143156112063
X4816	age_at_surgery	age_at_surgery	0.44000321928085	0.923478608603459	57	15	0.633744691417538	0.742560053278553
X4532	steroids_at_surgery	Y	-0.437750480723198	0.919885222139906	57	42	0.634163355845937	0.742560053278553
X1941	grade_category	High	1.73223553522983	3.6826547023205	57	15	0.638085797444211	0.746148714753311
X4498	grade_category	High	0.473724095612954	1.02227879443762	57	49	0.643077606963167	0.749969863348465
X6140	age_at_surgery	age_at_surgery	-0.341390457108805	0.736241399053401	57	25	0.642867251703344	0.749969863348465
X4816	glioma_idh_mutation	Mutant	1.14715291855195	2.50261024837735	57	15	0.646677611493349	0.753158663988237
X1790	grade_category	High	-0.643943639888307	1.41484226584035	57	39	0.649012421941958	0.75486738915709
X4925	age_at_surgery	age_at_surgery	-0.294221184895166	0.652465324868313	57	30	0.652034482005778	0.757369825560783
X4644	age_at_surgery	age_at_surgery	0.359855890702749	0.804198600458178	57	20	0.654534717964626	0.759260272838966
X7985	grade_category	High	0.939211816638827	2.11345230664327	57	26	0.656755598474562	0.760822064810744
X15131	glioma_idh_mutation	Mutant	-0.00509707625910946	0.011660610652376	57	16	0.662024937319492	0.765906509930795
X10068	age_at_surgery	age_at_surgery	-0.173195967230668	0.403474052103102	57	47	0.667732768375279	0.77046088658686
X6846	age_at_surgery	age_at_surgery	0.386762859583391	0.899443895521014	57	15	0.667194036215433	0.77046088658686
X14546	glioma_progression_overall	Y	-0.416360661307971	0.972921983896594	57	38	0.668688497460703	0.770541712305711
X1798	steroids_at_surgery	Y	-0.997063297801068	2.35883097166319	57	15	0.672518657799373	0.772907836572595
X14987	glioma_idh_mutation	Mutant	-0.706424139940912	1.66859110180146	57	29	0.672028509852448	0.772907836572595
X14993	grade_category	High	-0.76688138132356	1.82130627513392	57	33	0.673710402885509	0.773256003311864
X4121	grade_category	High	0.731914670071051	1.7549187555756	57	33	0.676631081587301	0.775585034230504
X1814	glioma_progression_overall	Y	0.270643610139322	0.654265149638029	57	50	0.679122802392101	0.777407389232137
X1814	steroids_at_surgery	Y	0.304318236320643	0.740014024785609	57	50	0.680901644361941	0.777407389232137
X2328	glioma_idh_mutation	Mutant	-0.893937935837752	2.17348916269842	57	21	0.680858694331609	0.777407389232137
X2328	grade_category	High	1.0603804889749	2.64381837986016	57	21	0.688361834188004	0.784894883019087
X8007	grade_category	High	-0.496211031400331	1.24648622111049	57	47	0.690565423310531	0.786160568769974
X14993	glioma_idh_mutation	Mutant	-0.594607436461209	1.49729990512983	57	33	0.691279120814977	0.786160568769974
X4652	steroids_at_surgery	Y	-0.752109298718673	1.90712942864921	57	17	0.693309953976798	0.787440809347016
X4940	glioma_progression_overall	Y	-0.426862174049431	1.09575962213447	57	33	0.696863247534717	0.790444622366628
X1862	glioma_idh_mutation	Mutant	-0.994771073993812	2.5639589087589	57	19	0.698029016896306	0.790735995702847
X4760	glioma_progression_overall	Y	0.562850676513847	1.469307144938	57	28	0.701666253690765	0.793822679728173
X14341	age_at_surgery	age_at_surgery	0.273080097947284	0.716053180941446	57	25	0.702929862048298	0.794219454522103
X25431	age_at_surgery	age_at_surgery	-0.126257736018231	0.334318182598794	57	44	0.705685117032216	0.796298381086937
X1949	steroids_at_surgery	Y	-0.3685826400831	0.988501267175181	57	44	0.70924507102076	0.798244775922459
X6846	glioma_idh_mutation	Mutant	-0.911184376271438	2.43740849956554	57	15	0.708528369399066	0.798244775922459
X1786	steroids_at_surgery	Y	-0.749233901743655	2.03237189224196	57	17	0.71238862047032	0.800746898978267
X4874	age_at_surgery	age_at_surgery	0.121240117308351	0.334554066271015	57	47	0.717058223276086	0.802883724903725
X4575	grade_category	High	-0.592465287196943	1.63194533006072	57	35	0.716573239745324	0.802883724903725
X4914	grade_category	High	-0.629171199988311	1.73159989839244	57	36	0.716345872708873	0.802883724903725
X6148	steroids_at_surgery	Y	-0.62625789402909	1.74240239793853	57	23	0.719279359350069	0.804335530378612
X14894	steroids_at_surgery	Y	-0.491430080234387	1.46587329655898	57	27	0.737438536194057	0.82358347431172
X1786	glioma_idh_mutation	Mutant	-0.795118048884808	2.43314297079084	57	17	0.743829441223328	0.829655915210636
X14987	age_at_surgery	age_at_surgery	-0.200103529746134	0.61570490946135	57	29	0.745181767224261	0.830061292732448
X5082	glioma_idh_mutation	Mutant	-0.474875476278191	1.46663981865894	57	35	0.746101070019281	0.830061292732448
X1949	grade_category	High	0.455392185860956	1.43951340715116	57	44	0.751735746307852	0.83419655521407
X4820	glioma_idh_mutation	Mutant	-0.247023057186711	0.780507338549873	57	50	0.75163033264584	0.83419655521407
X16988	glioma_progression_overall	Y	0.472183490521061	1.50814180330833	57	16	0.754212601983334	0.835878934682166
X15271	grade_category	High	0.275096294797113	0.886455128081366	57	53	0.756307725353636	0.836070801852177
X4644	steroids_at_surgery	Y	-0.565528297395395	1.82044496652905	57	20	0.756063759788039	0.836070801852177
X4303	glioma_progression_overall	Y	0.179533780423344	0.581551321360942	57	51	0.757538117612207	0.836368226297741
X2301	grade_category	High	-0.510426283496604	1.71357588598702	57	37	0.765800855969725	0.844419194795514
X4121	glioma_progression_overall	Y	0.302905327579975	1.06544449742229	57	33	0.776180876702664	0.854781471811794
X14861	glioma_progression_overall	Y	-0.125850915871616	0.457156222728619	57	54	0.783092809210455	0.860215585875121
X4557	glioma_idh_mutation	Mutant	0.606993938057999	2.19689720608539	57	19	0.782320718277471	0.860215585875121
X4552	glioma_progression_overall	Y	0.314990230115523	1.15514372561391	57	29	0.785095457132932	0.861327929010909
X1871	grade_category	High	0.303968755499888	1.12796318498029	57	49	0.787556758854392	0.861496197043279
X4837	age_at_surgery	age_at_surgery	-0.0712026855532379	0.263490612948961	57	53	0.786984431837535	0.861496197043279
X4837	grade_category	High	0.233324493253919	0.868593352827113	57	53	0.788219509018909	0.861496197043279
X4758	grade_category	High	0.273929998537793	1.05225663981263	57	53	0.794612145331087	0.867393433422893
X1814	grade_category	High	0.273084709077863	1.07765168030776	57	50	0.799953554225654	0.869949490220399
X4348	glioma_progression_overall	Y	-0.216399260249019	0.853560920887968	57	44	0.799862338658746	0.869949490220399
X14546	age_at_surgery	age_at_surgery	0.124076605829047	0.486128792212383	57	38	0.79854235689027	0.869949490220399
X1949	glioma_idh_mutation	Mutant	-0.294173657970274	1.18342730570278	57	44	0.803687446757009	0.872918949661171
X15249	glioma_idh_mutation	Mutant	0.232417620716995	0.941485789605669	57	49	0.805014569056627	0.873270168428012
X1830	age_at_surgery	age_at_surgery	0.156884656746984	0.64039616974711	57	33	0.806471429910055	0.873761075992214
X2301	glioma_progression_overall	Y	-0.249362916401744	1.04034789722567	57	37	0.810569150370677	0.876990553408039
X14894	glioma_idh_mutation	Mutant	0.414047310033272	1.75493291260764	57	27	0.813484340919871	0.876990553408039
X4552	age_at_surgery	age_at_surgery	0.136549452404479	0.577177194134763	57	29	0.812981465539837	0.876990553408039
X4552	steroids_at_surgery	Y	-0.310360582784867	1.30654377371577	57	29	0.812235412961857	0.876990553408039
X4303	age_at_surgery	age_at_surgery	-0.0657387944110756	0.290577105750152	57	51	0.821018428274961	0.877750198556458
X15249	glioma_progression_overall	Y	-0.157747256271353	0.695285846941635	57	49	0.820516155808362	0.877750198556458
X15126	age_at_surgery	age_at_surgery	-0.126219198406178	0.558650667233598	57	32	0.8212513352011	0.877750198556458
X4826	glioma_progression_overall	Y	-0.189202431450999	0.829677989797446	57	42	0.819612649235851	0.877750198556458
X4608	age_at_surgery	age_at_surgery	0.0567702263456194	0.250227850237418	57	52	0.820521617203294	0.877750198556458
X4762	steroids_at_surgery	Y	0.278261041561549	1.192234122709	57	37	0.815454982935787	0.877750198556458
X14808	grade_category	High	0.602618267375275	2.63552286178613	57	18	0.819139200183904	0.877750198556458
X4914	age_at_surgery	age_at_surgery	0.112567791781709	0.525286326473712	57	36	0.830314703425096	0.8863482110182
X1871	glioma_progression_overall	Y	-0.141494964427435	0.684810397095295	57	49	0.836307278043152	0.890706045350702
X72479	glioma_idh_mutation	Mutant	-0.000911798435128946	0.00441670128930797	57	23	0.836444642587958	0.890706045350702
X4760	age_at_surgery	age_at_surgery	0.149409944198953	0.734153218841913	57	28	0.838733851379418	0.892051895721386
X1798	grade_category	High	-0.687557519794882	3.43506775230966	57	15	0.841356733862076	0.893748911428579
X4837	glioma_progression_overall	Y	-0.102898795644766	0.52734137565058	57	53	0.845293147272291	0.896835412349869
X4763	grade_category	High	0.301073853577592	1.56440323780742	57	40	0.847387501769042	0.897875496186762
X14546	glioma_idh_mutation	Mutant	0.2519459201879	1.31743292203853	57	38	0.848337537776457	0.897875496186762
X63326	steroids_at_surgery	Y	0.2824366180457	1.5016022510438	57	21	0.850805969191474	0.899393916399249
X1830	glioma_progression_overall	Y	-0.236649227084728	1.28166760019051	57	33	0.853510111543955	0.901157520683544
X1941	glioma_idh_mutation	Mutant	-0.549312371883793	3.02751881807694	57	15	0.856022390970796	0.901621646664156
X4762	age_at_surgery	age_at_surgery	-0.0958941044912549	0.526682033935875	57	37	0.85552614291393	0.901621646664156
X4862	glioma_progression_overall	Y	-0.246629996262641	1.39753873608335	57	29	0.859921154141643	0.904632894925308
X5090	age_at_surgery	age_at_surgery	-0.099300489324543	0.594967391980676	57	31	0.867448162350958	0.910349699934057
X4831	grade_category	High	0.434194879135722	2.59183262443701	57	19	0.866957549394987	0.910349699934057
X4303	glioma_idh_mutation	Mutant	0.127176132114981	0.787478383493708	57	51	0.871701238317587	0.911514516029208
X4951	glioma_idh_mutation	Mutant	0.275100338788591	1.6973925983348	57	31	0.871248911578035	0.911514516029208
X6952	steroids_at_surgery	Y	-0.293245395741014	1.79281298361357	57	19	0.870071869299315	0.911514516029208
X6148	glioma_progression_overall	Y	0.244690725525162	1.54050159164582	57	23	0.873796236215351	0.9126083139344
X4811	grade_category	High	0.187208481065852	1.20353032950924	57	44	0.876388172682533	0.913123006268029
X4964	glioma_progression_overall	Y	0.0729033091519651	0.467868512685667	57	53	0.876174842275725	0.913123006268029
X4652	glioma_idh_mutation	Mutant	-0.347801682378596	2.28322362067151	57	17	0.878927276449585	0.91467312262098
X2328	age_at_surgery	age_at_surgery	-0.120070758259466	0.802010871559043	57	21	0.880991735333623	0.915726176511651
X1941	steroids_at_surgery	Y	0.366270029375499	2.52884673706106	57	15	0.884839738760452	0.918628368402856
X1790	glioma_progression_overall	Y	0.12200086500681	0.858980043593892	57	39	0.887056374222252	0.919831997107698
X15078	grade_category	High	-0.121189908781327	0.92964525416492	57	51	0.896280460066046	0.928290476496977
X15249	steroids_at_surgery	Y	0.100679930822433	0.786411069090861	57	49	0.898129537180975	0.929099521221698
X7985	age_at_surgery	age_at_surgery	-0.0804589148576899	0.641101452948139	57	26	0.900126882279051	0.930059842734887
X15132	age_at_surgery	age_at_surgery	0.0366421798053862	0.321281860655064	57	49	0.909198198191923	0.938318425180277
X4699	steroids_at_surgery	Y	0.10764261854773	0.957871510694112	57	43	0.910524580707559	0.938573916132199
X4630	grade_category	High	-0.179539409647617	1.65956139250091	57	37	0.913849057904788	0.940130935962217
X4630	steroids_at_surgery	Y	0.122789059617212	1.13960408242336	57	37	0.914196289452915	0.940130935962217
X5090	glioma_idh_mutation	Mutant	-0.169920953505727	1.6123782336757	57	31	0.916070085108816	0.940945660029126
X1941	age_at_surgery	age_at_surgery	-0.112910720835421	1.11714524622369	57	15	0.919494288041793	0.943349092684386
X1871	glioma_idh_mutation	Mutant	0.0788187875627703	0.92730120333912	57	49	0.932262946534014	0.954198545275991
X14142	grade_category	High	-0.235861008276181	2.75691947234143	57	17	0.931822258904863	0.954198545275991
X4951	grade_category	High	-0.162163143127427	2.06469803249522	57	31	0.937397835166336	0.957704851619692
X4951	steroids_at_surgery	Y	0.110478193685982	1.41780877676845	57	31	0.937890268482733	0.957704851619692
X63326	glioma_idh_mutation	Mutant	0.136787146379577	1.79780782463823	57	21	0.939351058703605	0.958072005946233
X1949	age_at_surgery	age_at_surgery	-0.0316453626638338	0.436681083892013	57	44	0.942229547556758	0.95875989049635
X4862	glioma_idh_mutation	Mutant	-0.138281975010178	1.89240877789554	57	29	0.941748872967052	0.95875989049635
X15078	glioma_progression_overall	Y	-0.0376091039024425	0.564407356494582	57	51	0.946872536000868	0.962358769066303
X4758	age_at_surgery	age_at_surgery	-0.0173932768551914	0.319205492429877	57	53	0.956545350718857	0.97092768338253
X5082	grade_category	High	-0.0949921978613773	1.78401128020182	57	35	0.95753557740484	0.97092768338253
X15154	glioma_progression_overall	Y	0.0236006402067158	0.573386075624392	57	48	0.967168245608398	0.979553403584757
X4816	grade_category	High	-0.111409478809212	3.0441820593008	57	15	0.970805930125283	0.982094371173251
X1862	grade_category	High	0.104143846692988	3.11880016370111	57	19	0.97336176631742	0.983043665383171
X4699	grade_category	High	0.0454554273992212	1.39490774582104	57	43	0.974004183402636	0.983043665383171
X4532	glioma_progression_overall	Y	0.0218816522242041	0.813293827041996	57	42	0.978535523380272	0.98647265972287
X4613	glioma_progression_overall	Y	-0.0199042000270751	0.868245459382571	57	40	0.981710399058101	0.988527832384894
X4613	age_at_surgery	age_at_surgery	0.00837880028557839	0.433826119181367	57	40	0.984590831470535	0.990282107953023
X4914	glioma_progression_overall	Y	-0.014253336977257	1.05129055720034	57	36	0.989182658367925	0.993751631385791
X2328	glioma_progression_overall	Y	-0.0085399552638227	1.60511851141792	57	21	0.995754913883587	0.998268099630307
X4557	age_at_surgery	age_at_surgery	0.00409120658646867	0.810648998188769	57	19	0.995973230435755	0.998268099630307
X1798	glioma_idh_mutation	Mutant	-0.00698039052080903	2.82397731397631	57	15	0.998027767388297	0.999176245831782
X8053	grade_category	High	39.3989917711894	1586671.96732705	57	15	0.999980187557422	0.999980187557422
