feature	X1524	X1525	X1522	X1520	X1568	X1552	X1545	X1543	X1540	X1542	X1541	X1564	X1561	X1526	X1536	X1457	X1458	X1456	X1528	X1411	X1464	X1466	X1469	X1468	X2016	X2036	X2043	X2048	X2053	X1341	X2532	X2489	X2492	X2502	X2497	X2483	X2480	X2479	X2476	X9712	X9649	X9418	X13165	X9434	X9422	X9467	X9450	X9463	X9447	X19351	X19300	X5989	X6001	X6055	X6067	X8007	X8095	X8163	X8130	X8047	X8053	X8028	X8026	X8071	X8059	X8249	X8255	X8235	X8236	X6833	X6602	X7285	X7298	X4482	X4481	X4494	X5266	X5265	X4799	X7281	X5286	X5285	X5273	X7282	X3934	X3920	X3922	X3931	X749	X748	X6936	X6956	X6952	X6939	X5868	X5825	X5884	X5880	X5898	X19882	X19831	X19850	X19800	X14348	X969	X985	X17008	X17007	X16955	X15897	X17130	X15888	X15878	X15873	X15872	X15877	X17167	X17168	X17169	X17153	X17154	X17151	X17132	X17137	X15892	X17234	X17300	X15494	X16971	X16988	X16987
01-2020-06-SL	0	19375.1384433231	73661.5701927609	0	2354.30960266572	192790.208216347	10859.0027359891	267435.839774013	932.569781857866	7680.82780456556	0	0	8456.06219377869	169410.16886934	0	0	0	0	0	5420.91943748668	1038.41359145523	26563.935565436	0	0	43066.9879321171	0	0	0	32519.7953379148	37686.1175036673	0	0	0	0	1338.78115923154	0	0	0	0	3006.5363212657	941.151712365761	0	4351.0387675025	0	0	0	0	0	0	0	0	0	0	0	0	20971.3775177915	0	0	0	12337.9554268496	22948.0821781098	852.471763784185	0	4033.5073387104	5303.63305387879	0	583.571274536824	0	3504.28829072358	0	0	0	0	12023.2846415602	0	0	0	19689.8092286126	3921.94224210778	0	0	0	2216.99871453941	0	0	14935.419727239	0	5892.92561542087	0	0	115206.695781478	2488.7598472894	159621.046803335	98792.3233633786	13227.615556168	0	0	0	0	0	0	0	0	0	28180.1991444228	0	0	0	0	0	22827.9351509993	0	40449.4991272093	0	0	0	22793.6074289677	1942.37693828678	0	0	494.891325955248	45.7702960421039	0	3206.7813664499	0	0	4030.64669520777	0	10933.3794670576	19206.3604766678	246.015341226308
01-2020-08-SL	0	1009.95170590849	33506.9691849923	0	1564.21091650608	21418.4996150259	76113.027077295	235187.801357336	4045.99700382105	63565.5318380708	0	0	127.136777688622	0	0	0	0	0	0	0	0	0	0	14395.9782766296	0	0	0	0	0	0	0	0	471.882197338668	3431.2644944727	0	0	0	1958.47777765282	0	3476.0242589024	0	1684.68134630092	4059.80586731532	0	27.6177269885396	9575.25641400936	246.178704363362	0	0	2247.98774332578	0	0	0	0	0	81308.4929250874	0	0	0	37269.6464033275	0	435.693451629547	0	27174.8910213096	0	245.702536656663	5831.14973623544	9064.32846472137	0	0	0	0	0	2308.93720978325	0	129.041448515418	0	0	0	0	0	0	0	0	0	0	0	0	0	0	2204.18031430948	0	72118.4561857975	158453.851590506	12058.4710044444	0	0	0	0	0	0	0	0	0	4297.4135529581	0	0	0	0	269.51092199161	9759.53331650185	276.653437592095	606.637658334473	0	0	0	15561.160654922	0	7222.0356075031	0	11219.4635052409	1987.52400776145	651.873590470874	4594.54220193825	17.1420374411625	1397.55221916144	62188.4548302974	338.55523946296	76909.1794828957	14401.69228911	9504.30742571121
01-2020-09-SL	0	5765.15150325369	6932.45356265994	8859.14099465438	430.282875912524	87082.2247109794	0	75601.9793657787	14535.8927981538	0	3138.72186958962	3133.39658647189	788.141901423929	0	3361.3187039107	141.652530931598	0	0	0	0	0	0	0	6097.44916979999	257.743702898096	0	17482.9044755051	4705.42016282557	0	0	73.4889070246637	0	21505.6233426378	3801.18708943514	2298.39219361195	3709.5922198102	0	31523.5459437101	0	56019.8482852646	0	6706.66155846822	98372.8899771889	2566.7864627455	10413.0586084078	0	18163.4756579509	0	2656.25121912335	1222.68500383064	390.875780841327	548.504161126113	3854.43992061243	0	0	19275.3947729328	1111.91911498187	28884.3356305635	45906.0705880732	69311.7549471169	0	28074.8925966686	0	85917.0527648202	1566.69829323595	2094.96637851469	8052.89313063017	3831.00867489442	0	712.522881152174	198.100531979528	795.59729778875	9018.89948818626	1708.35082416754	0	153.368153790602	0	4565.89774514106	3139.78692621317	1591.1945955775	0	0	6425.48660985212	0	2246.2044190582	0	2309.0427598474	0	0	0	54527.7039556769	0	339521.945623817	201592.852648135	17744.9084048974	4475.36793213966	3321.91160883951	580.455859832488	4613.82529320062	161.888606778969	4487.08355499867	0	0	0	2572.11174586323	11314.0965119276	329.102496675668	6707.72661509177	0	0	6280.63890904988	652.879710233606	20727.0669508258	0	29519.1093781968	22407.7263027811	0	0	0	1265.28726877247	0	0	3309.13092935696	7731.24603031933	0	0	0	6556.48857454826	619693.610900541	100911.984967722	29719.3400234234
01-2020-10-SL	0	21360.2394781477	4513.5513183008	1000.88997554724	209521.190595471	198626.382290214	5086.7613042967	10394.5754603357	2608.93279340399	0	0	692970.990212874	26993.9050547973	3400.64991691868	551416.975099754	2547.41136633559	2336.54137148736	245188.768295504	285.96856444207	10309.2940338478	50377.5630549394	232876.42145345	462923.281547458	0	2269.07994456408	47006.1888515912	391053.950446156	82915.1851171552	0	2667.90850624887	7879.40980749804	22415.4380237967	112448.864395618	21272.4123374363	6667.64983710256	31288.1006641715	18735.6081136987	69609.1611565206	24332.3608341072	112841.328671744	26686.2979194553	17958.7409898212	6548.42555430105	9947.80261410797	3279.30420559756	74717.9853174211	221232.748880774	0	10682.6654532974	2816.83278832478	153.167139115115	3182.56706510381	0	0	13949.6653734813	64.0671412919177	27242.1121915905	83135.8136831936	53710.7515449348	5305.69272751941	438.711417853264	0	0	307.607135341989	112778.958673267	4567.85988840256	28598.9778727266	50209.1216304832	10081.8768965467	4612.83417301808	72734.4496515952	387.372847678946	4108.35847105721	0	0	53926.7129682301	14742.6553541077	0	13770.1925207231	0	12958.5339691242	1300.01139681083	10685.2111675209	0	13482.9510991693	3200.81135037237	1186.30282816028	494.292845066782	148471.144944128	3572.06134130235	5247.14130037845	666851.96227956	97515.2804747458	14726.9567830627	0	1486.27282083171	0	142.135710813195	0	41.1557132802385	340.277134543828	16640.9095934457	330.518563353668	675.462840640616	10437.0040307277	170.987138679754	155.288567634714	0	10364.8754610613	20013.1323682018	25137.6551001473	0	4418.0870349188	2084.51566335889	0	1667.44281640554	7394.87553362142	74930.976740789	10421.3054596827	2857.98850160502	363.612848259427	0	21769.2508967266	43092.1532329294	5621.7855769398	0	0	0	136628.906662017	19415.3138113785	14121.5010835689
01-2020-12-SL	9159.4792992076	131412.139109217	0	12160.1451476934	0	212366.273064109	376772.967715825	23852.1012977507	676.745914764874	0	0	0	0	0	0	0	7456.97385325823	0	0	0	0	0	0	0	0	0	0	0	0	255.375816892405	1140.67864878608	117809.120596081	0	0	0	0	0	0	0	0	0	0	0	0	0	0	154574.725701358	0	0	808.69008682595	0	0	0	0	0	0	0	1732060.94049105	0	0	0	11445.0928603946	0	0	6601.46486666868	0	0	54412.0740525418	0	0	0	0	0	0	20178.9457981149	59008.8387566051	0	4273.28866933291	21268.5492835225	0	9121.17292667374	0	0	0	0	0	0	0	0	0	0	0	0	0	0	0	0	0	0	0	0	0	0	9623.41203322881	0	0	0	0	0	0	0	0	0	0	0	0	0	8533.80854782121	0	0	0	0	0	0	0	0	0	3558.23638203418	4686.14623997564	7010.06617369652	0
01-2020-14-SL	0	24434.8345997388	44523.4935427524	631.750038382417	14426.0617403399	1031937.22696309	115941.016206382	0	73540.9966146317	1048.50660820537	37101.257489715	32855.9633836217	39968.9396011159	66550.4012946253	11846.1401176263	11622.8776695069	0	0	18363.749806802	24441.4497833868	0	899.664976125746	0	20090.3127389257	13293.2115406227	2316.9680727062	2568.34505132957	0	2576.61403088954	1614.10481010796	0	2952.0257029126	436.602120766906	2748.60880573711	5813.09263066544	2465.80970478582	0	8978.4580062255	0	21185.1256326669	175.302366671561	19261.7609870157	40422.0796810027	4582.66847214052	163.72579528759	1275.07664814881	23146.527584294	0	6957.51940176657	504.407753158736	0	0	0	0	0	242004.91719009	7997.75703041196	14740.2829636191	0	3643.31239412687	14665.8621475793	4657.08928818033	17586.4657281639	1862.17419690733	17679.0782992357	3889.72798501425	6219.92642501642	2548.49950038561	22442.0105257838	42.9986937118923	684.671507566285	0	1028.66105726142	4612.43679855644	0	6711.10381087919	0	0	1524.79983086018	4610.78300264445	269.568733655325	0	0	985.66236354953	16701.6849152462	4688.51141050825	2412.88823560195	2393.042684658	23593.0524805329	11437.6525273633	36016.3673714458	148982.204732147	85145.6825291067	123022.570301548	11437.6525273633	4900.19728724372	0	0	145.534040255635	0	0	85.9973874237845	709.478446246222	3621.81304727093	5614.63712122593	4564.47671710856	0	1863.82799281933	0	6644.95197439935	893.049792477762	4476.82553377278	8569.97041596253	0	0	2075.5138695548	171.994774847569	0	350.604733343122	363.835100639088	0	2211.12513433846	932.740894365663	13582.625825222	0	4564.47671710856	16384.156100143	133.957468871664	57972.1618991027	10465.2205311098	32493.7820788946
01-2020-16-SL	1654.25065883802	16337.9720370814	38700.416312419	8192.5384820236	7844.20994314501	312401.115240451	106783.150621419	175574.938041589	66235.7253306048	0	4579.09474241114	11799.78420493	14146.9731315016	11937.3801758038	28552.4035596445	0	3307.26171433484	0	6615.14323034029	1434.84086744475	338.411712148955	0	83.673225531335	45343.4506179364	18859.9450347629	0	29483.9654705601	2101.12766334241	4011.97621380987	1371.00129537269	360.724572290644	0	3653.11104653103	844.789677031183	14056.4820875937	9277.81120724855	0	5803.20304185104	0	113659.230355083	7958.25345053587	0	1671.60510561489	1123.0806271317	4875.97974262972	0	0	0	0	14225.0681419976	401.011680879806	0	4732.18575504995	0	0	101525.992851369	233098.731090205	765508.985939407	40815.7994141852	4202.87512835543	5441.23886621919	2279.01074280533	3495.681422198	168807.943401951	0	5503.21903327944	19249.8002855719	0	0	2073.8563898359	0	37313.3001736106	18958.4935003887	2277.15133779352	1778.21099295852	0	0	16906.3301690239	4461.33242499666	1498.0606378462	0	44.6257202833787	13517.2546341695	401.631482550408	0	138.835574214956	2277.77113946412	0	0	169.205856074478	202396.855336911	451.215616198607	291543.549421337	42419.2263360339	7251.05974437844	6051.12371009203	9083.19348267937	8183.24145696457	4701.19567151983	7739.46346081319	10636.4164692092	0	1074.7360968247	85767.5353763008	9957.11383822887	4298.32458562821	89190.0802013677	94911.4694226993	0	0	5112.74398079987	12547.2650196766	52639.1360825982	3077.93509621192	797.064948394792	37795.5058733393	3788.22781072237	1894.73370703179	113.423705720254	1541.44675478837	14707.8936433969	10198.2166880932	8396.45323165182	16465.6511812255	0	24171.6453518262	3328.33497113533	6083.97319863396	2051153.67444341	545874.826341371	6704.39467090705
01-2020-19-SL	0	3657.37426208878	17285.0729394626	1254.39263198041	3006.34829883451	207715.409713735	35653.9182364949	58372.1507521644	23935.450897918	0	0	86642.6910803613	9053.35958856379	5053.79159176302	0	40.0338074036301	0	39119.7021345806	0	2553.58500081727	0	0	0	23321.5991843957	1843.46151234811	1960.70337688731	0	0	0	0	0	0	11048.3776575114	9850.22299307414	4232.14535409804	0	1099.0233318187	6733.30513093437	0	14372.1368579032	0	0	0	700.591629563527	0	0	2153.24692678096	0	0	12188.3879826243	0	1417.38741926662	174.43301797296	0	679.62153997115	0	14863.027591543	23770.5497388507	0	8580.57938684473	0	0	0	20832.8308241367	439.418695549369	590.022066258263	23747.6732774772	0	0	1054.22359496226	9019.04489650353	0	25606.3857640743	37540.2731139183	0	3012.06741417789	48987.0824736849	24887.6836025901	17466.1782586695	0	1707.15592999766	7633.11261162548	36430.7647373034	316.457715666791	9828.2997175912	1247.72033074647	1185.7632478599	45.7529227470059	10616.5844490865	139.165140022143	38991.0220393546	3638.31054427753	356903.299375144	5932.62898286176	12445.7481730762	0	71.4889417921967	16594.0131688047	220.185940719966	0	359.351080742109	5500.83577443689	391.759401021238	9590.00324495055	13688.7025743698	448.950554454995	0	0	6802.88770094544	7587.35968887848	17029.6191207918	4226.42623875467	14822.9937841393	0	1758.62796808804	0	44728.2479146511	815.927122321605	2686.07783960547	6823.85779053781	10891.1019855685	396.525330474051	2749.94129427317	42785.6550696844	0	0	0	0	288173.830736126	118186.47175675	12820.3502280673
01-2020-20-SL	0	5490.37244999371	67479.2676878968	1856.36552310148	123258.268955224	3010930.07092907	164427.597371111	0	247.176804717571	0	0	715890.899638703	3033.84132913621	0	217093.186694085	885.434718269106	0	0	0	0	869.351296044332	0	0	406845.402101962	0	0	83283.3462635031	391.081108833965	0	1159.69939199682	1522.84613591407	0	7101.25416019075	3220.07042858095	423.247953283511	6310.62698345715	0	17219.4197313864	0	150782.083357251	2062.06402839727	3000.8279887801	11329.501213493	1675.21539909614	0	0	653174.864417059	0	0	10466.9218847012	99.0400210683417	0	94.8075415355065	25890.923798259	6353.79827469207	46405.7520939108	140959.344857447	4289.1947585751	12884.5141938567	3592.52862747044	0	420.70846556381	0	5271.97650609942	16634.4910599486	2361.72357932199	97067.6856060405	1031.03201419863	0	19368.67283816	0	0	53048.2054727422	1902.92279796267	0	230329.843185074	17725.6242835135	12826.9524722101	46471.778774623	0	39425.5468483591	2690.16399107	35.552828075815	0	233498.277363354	0	6501.9350583413	0	0	10668.3879104642	61033.2013593889	5939.01528047423	1082908.66933669	8046.79008782612	80475.5193414203	0	0	8838.26376046629	0	0	84.6495906567023	18330.8688567089	0	1273.1298434768	197148.050143553	0	0	0	0	220.935431613993	0	0	6385.11862323505	0	0	0	19837.6315703982	0	94165.0511424222	26955.8156487203	0	0	48714.146431119	35778.8424828683	0	0	0	942.996439915663	419406.55485951	20908.4488922055	8709.5963826681
01-2020-21-SL	1621.30642106268	13070.3536943724	16021.6850562474	881.06629563317	13153.4050255181	63049.2004069081	9791.63157783584	1045.9653154443	12553.9910702923	0	1570.753436887	83973.3212857155	73102.0224029849	0	51533.9527971778	20067.1274327817	10487.3369314915	85574.1657846118	0	3025.95719565818	0	11571.8188063078	56040.390243695	1520.20045271133	0	6705.492258159	194565.196024884	19332.9055197541	0	0	1803.05643559903	17961.956734609	25351.11792162	20824.2185529364	755.887477674359	1946.28989076344	3261.87112181132	24524.2155376036	19872.1373509612	52068.3700584635	0	2609.49689744906	116127.426506405	7282.03700625776	0	2935.68400963019	120154.814245733	41773.6159238317	26291.1626987914	924.397424926604	0	18200.2779457229	11116.8419487267	1670.65576275798	9490.72095774255	3057.25190014788	8973.15469118208	6163.85314199107	2649.21709930138	2820.13433151437	0	0	2792.45055446578	0	24768.5549611194	6640.49556421885	7573.31848650807	2181.00017443621	51099.4378617631	197.397366781202	12213.3602483467	10478.9114341289	19888.9883456865	0	0	20028.6108734098	15118.9531959675	0	3908.22713377172	154.066237487767	8072.83011586294	1825.92564272612	6048.30346387524	0	7304.90621338485	0	2297.75349503241	1132.62757403116	11516.4512522106	701.723566057566	696.908996136073	338207.88963262	2012.49022718396	19462.8989076344	2734.67571540787	305.725190014788	403.220230925016	0	0	4425.79340033219	4274.13444780517	3442.4174938673	0	0	30.0910620093296	494.697059433378	6917.33333470468	5403.15109439522	0	3665.09135273634	2295.34621007166	3372.60623000566	6494.85482409369	1816.29650288313	0	8081.25561322555	6073.57995596308	18887.557802016	0	0	0	0	1674.2666901991	958.099414377054	5369.44910494477	0	0	0	135491.626730648	10146.7061095459	46806.045134272
01-2020-22-SL	0	26548.3996425096	93454.696707343	6276.07117635454	6742.37517581075	76992.500155112	648814.433202559	356990.208563283	0	62127.8706214262	0	175986.935958036	23205.7612790607	0	3807.75281188607	4220.52701548634	2405.27216046036	0	1950.86367119436	848.149876561938	879.078203056483	0	0	6812.55868593299	1337.05534537955	0	5681.29566684406	0	0	444.892081113836	210.550530366708	473.441305570339	20908.7382613313	2567.05109904721	4896.19199429024	11587.4164762831	3437.80244497055	10171.8507636482	0	109762.251627101	0	13027.9627603175	18103.7769584799	411.584652581249	24377.4690327964	8488.63607173351	6211.83542132741	0	1467.90595747185	18780.6314883028	383.035428124746	0	2617.01224184609	0	0	153153.504147928	18070.4695299473	47077.6711287732	20055.8301806932	33629.7968587413	2475.4556705826	0	1302.55836582794	42830.9739908684	436.565223980689	13055.3224337549	11017.621538172	0	1565.44914103157	446.081632132857	9120.28766283363	0	1169.3286516976	42897.5888479335	0	0	0	983.758692730327	21061.0007917659	0	0	2822.80456813672	9221.39949945041	1193.11967207801	610.239672757748	0	686.370937975089	11.8955101902095	0	0	162408.211075911	65891.6100456085	461974.033746977	63056.9099672816	114694.130151962	788.672325610891	2525.41681338148	14306.730105765	0	0	54.7193468749638	8166.26774557883	84.4581223504875	13331.2982701678	6271.31297227846	5261.38415712967	4050.42121976634	6817.31689000907	167.726693681954	9652.016968336	34363.7498374772	8738.44178572791	47187.1098225231	0	915.954284646132	2828.75232323182	27786.7222533104	0	0	15204.8411251258	132412.492580279	3529.39787343516	0	4040.90481161417	3021.45958831322	444.892081113836	0	10065.9807229553	522670.874492521	267899.974544727	15609.2884715929
01-2020-24-SL	0	0	1431.20559427316	6395.0555444396	12008.5161029577	265694.863327625	963.073505080069	0	395.953132709579	0	0	0	3567.70270618527	0	48021.6908764336	23437.5382981477	12035.3254296516	0	0	1790.03812079122	0	0	68394.7169078811	2682.9949252873	0	29005.6292268762	50325.2307162075	56138.7300969799	0	6329.06335565467	6166.14513959187	0	103040.616019969	34633.5255766909	7168.401506763	3103.69512879123	5231.94321710521	99557.4658056647	31047.2625674099	110588.472612246	0	18552.0540721634	360711.241642527	21534.0761028824	272.217778737835	55196.2791508952	613873.775868713	0	221948.228930915	1754.97977049923	0	0	0	0	0	0	7737.58413503301	5858.86901056205	0	21166.9945527662	0	0	0	0	0	668.170911447414	3334.66778953848	0	93795.5228223805	0	3514.08405279751	0	0	0	0	46549.2401641698	1037.31471746311	0	0	0	0	0	5716.57335349454	0	5279.37510279438	0	0	0	2433.46196144428	0	0	190269.916058249	0	110951.429650563	88.6770036797494	0	1484.82424766092	0	0	4415.28988089171	0	245.408452043958	0	17962.2488848981	0	0	4749.37533661541	7285.95009303615	1266.22512231084	3198.55890016956	0	523.81299848038	1142.4897683391	2033.38431693565	0	3052.138731303	2439.64872914287	0	0	0	0	0	0	0	4182.25496424492	0	0	0	62082.1515994227	119157.145874789	40469.7097723582
01-2020-27-SL	0	507.57019921026	15604.6504763376	0	72685.9324165359	260637.297294468	36316.3344385563	28873.5380914947	0	4915.9113738327	0	67220.1533268921	14631.807594518	1651.16972212226	160927.951494053	1582.24043580976	871.015527039828	115986.0568183	0	0	82506.7891413789	191020.284693528	197834.884590332	13763.925216856	3177.01346913088	2257.43412673452	438871.199377027	20423.4342194573	0	0	293107.690871725	28177.978929614	19901.7648480467	7917.46847780448	2263.7004254902	0	0	10118.5059157379	40633.8142812213	121671.156364393	96297.3461279465	1422.44981753986	81057.7075541273	5266.8241041509	0	101559.470508031	434245.104320644	0	25900.1793319235	10829.7308245078	0	26846.3904440315	8572.29669777327	7820.34084709141	5674.13352327025	24961.8010932601	24288.1739770243	53106.8819544068	19104.3783313862	26542.474954381	2705.4744877658	0	0	617.230427434699	13820.3219056571	6955.59161880726	6126.87360836829	2357.69490682543	1826.62608728137	2395.29269935953	38992.0440072326	4013.56435301446	1525.84374700862	0	0	45667.2187567231	3206.77838822038	0	15610.9167750933	0	26653.7017572943	689.292863125044	11105.4479697578	0	23678.7764230342	0	0	1680.93464121176	26157.0975809065	0	127268.527727906	307261.693186122	8749.3196376213	55213.924911005	1845.42498354841	0	104.960504157677	25861.0149647005	484.071578876451	0	1239.16057893616	18098.6373810992	0	0	4987.97380952305	0	13278.2870632906	0	0	841.250607950338	5100.76718712533	2412.52502093765	3274.14109984396	0	0	0	1486.67937978561	11965.4974739752	0	0	0	0	8467.3361936156	1762.39652503562	1358.22025529412	0	0	0	94257.6658829719	24523.1601803624	74141.2803025431
01-2020-28-SL	0	28744.4566286272	0	0	1663.19297316142	0	0	0	8439.00159829987	0	0	0	18734.5396065355	8891.60100711262	0	0	0	0	106.558598676788	1857.63495219019	0	0	0	0	0	0	0	0	4401.85881338031	8516.99809836226	0	0	0	0	91.1790071151899	0	0	6459.42845587129	0	0	0	0	0	0	0	0	0	0	0	0	0	0	2219.05535388775	0	0	11871.9461432995	0	0	25936.5826263811	11922.4790870019	814.01981051031	928.268204967897	0	32925.5084488732	0	1150.17374035667	1247.94400099826	0	373.504366495959	0	0	0	0	0	0	0	0	0	0	393.278127075157	0	0	0	265.847225564771	0	333.956845337563	0	338.351014355163	0	499.836725751945	0	0	0	43959.2668520655	0	1721.41571264461	0	0	0	0	0	0	250.467634003172	0	0	2043.28859318377	0	0	649.238472350328	0	0	2581.57429783971	11027.167149666	0	0	0	0	0	0	0	0	0	0	77.9965000623914	0	3641.6675733356	0	1065.58598676788	152379.894650062	142799.50764944	34638.1358234826
01-2020-29-SL	1105.21471785699	85689.0421513225	23698.1303186809	49789.9230394573	9720.07259757382	295359.907967928	465481.537643957	188648.518499052	138349.614997424	5191.600714144	1954.48497473657	47355.5422003881	13021.1744522256	0	7753.95378370192	4246.3512843979	7806.30605981093	0	0	0	46669.1456914032	3772.27233963293	0	2789.21293269698	0	0	0	3641.39164936039	0	0	750.382624229218	25155.2686703818	56351.4083117872	13341.1050284474	17398.406426896	1076.13012001865	0	1704.35743332683	10455.9129228839	15976.1695926011	2309.31706836434	0	89429.3214333333	0	0	1672.36437570465	22057.7590005984	2001.02033127791	0	2053.37260738693	1076.13012001865	0	0	0	0	43216.803927992	68642.5593582704	17453.6671627889	226.859863139066	58.1691956766835	0	6645.83060606109	13611.5917883439	75.6199543796886	0	0	7803.3976000271	0	143590.659527893	0	1215.73618964269	24183.8431025812	0	38417.8452846656	8838.80928307206	3938.05454731148	782.375681851394	5915.80720031872	4702.97947045986	1739.25895073284	0	0	0	168.690667462382	8329.82882090108	0	1939.9426758174	0	20027.6540714821	317.022116437925	47224.6615101155	2224.97173463314	165598.974712166	102357.425172476	69654.7033630447	2742.67757615563	3109.14350891873	0	4461.57730840163	58.1691956766835	0	372.282852330775	651.494991578856	13602.8664089924	40206.5480517237	6459.68917989571	962.700188449112	0	4915.29703467976	0	3152.77040567625	1998.11187149408	12105.0096203178	0	5799.46880896535	4560.46494105199	30850.0329271291	0	13783.1909155902	0	1273.90538531937	273.395219680413	622.410393740514	953.97480909761	6119.39938518711	0	0	3170.22116437925	4132.92135282836	22255.5342658991	12419.1232769719
01-2020-41-SL	1846.49708137172	12420.2191742018	55804.862352874	37018.9363561696	14447.002351205	113565.886259303	0	165825.313451272	106041.525484621	0	0	15180.7782436157	23236.2365930079	0	0	474.829939768163	0	0	12520.1229342014	661.431790342108	0	0	0	0	0	0	0	0	0	0	0	0	363.442988964023	1288.98816781079	10414.6799001871	2450.51291769107	0	2232.90645194484	0	91.2913668961764	0	0	0	0	552.915637239106	0	0	0	0	2312.71462803647	1070.80754252433	382.390253791531	2290.89656550782	0	0	29730.5551525214	0	0	0	1229.27557562713	50166.6156678397	113.68358896505	0	22591.4554293324	0	0	3177.97305515935	0	0	0	64.3058685054827	0	0	13762.6041792538	4670.78785975091	0	0	20361.9939346289	5510.78326710378	899.707999536531	0	0	15504.0300647638	3118.26046297569	1051.2861181566	0	248.036921378291	10.909031264323	0	0	38387.1585405318	0	166551.05111012	171069.68669171	13557.0550638523	6546.56707767423	14543.4611539632	7020.82285790217	3452.99547492833	5.16743586204772	2021.04158160089	1256.83523355805	0	9665.40170019015	4998.63295722083	14097.9133507466	0	0	0	0	7716.1300611177	0	71919.2240088997	0	23920.6347649591	7230.96524962544	83370.8360387377	0	0	0	0	807.842473100127	786.598570111709	6413.93622388168	4197.68039860343	15929.4822840724	11281.0866463904	3035.00732964269	234652.114176507	6079.20121192903	0
01-2020-42-SL	902.589940457914	34413.5719825381	16144.6251682636	25667.3328875784	17204.0442235277	546995.824887813	850316.493408113	934.394446257768	8731.98190270463	12945.530567637	431.005888942844	121051.239195532	46794.2983954536	0	0	4817.83427512955	618.542802452325	0	0	2680.35214396008	24888.6708490303	0	0	1078.06307590538	2471.97779561621	1602.28906805469	5326.7063679272	18762.4650077205	256.629460591922	0	3445.85369734965	0	105046.992535627	1533.19652097225	79813.9556582809	97202.2466740284	0	10332.0775565662	18208.6279239645	160044.66001325	54447.1205151563	629.509873417792	7645.14517002688	9391.10286772918	435.39271732903	292366.758039992	315837.386613187	20745.3114382769	21510.8129916665	1499.19860097931	2252.63637630687	0	346.55944250875	537.386477307871	0	231.405197371349	4824.41451770883	203374.460690712	0	0	0	390.427726370617	0	586.738296652471	0	40.578162572227	19446.8102359657	6748.0387650517	5422.11988532676	0	614.155974066138	0	0	28403.6170934623	7744.94551581262	0	0	755.63118952066	13863.4744074465	0	0	1147.15562298782	0	305.981279936522	0	4632.49077581316	0	1891.81974154302	15679.6213593278	1079.15978300193	14444.7291686163	0	27599.7307916936	109246.284008304	1571.58126935139	0	10033.7732263055	0	1952.13863185308	3211.15837868867	243.468975433362	1128.51160234653	21.9341419309335	13688.0012719991	0	216.051298019695	970.585780443808	13674.8407868405	0	530.806234728591	0	8295.49247827905	933.297739161221	0	9381.23250386026	11369.5624698994	2140.77225245911	0	1164.70293653257	0	0	1985.03984474948	4826.60793190192	0	37467.9012464206	0	0	916.847132713021	384028.440462267	25513.7938940619	6693.20341022436
01-2020-43-SL	0	0	3035.10139044326	0	132.501015681016	162081.275909411	0	7056.27060740551	0	0	0	0	4774.76874364803	0	46282.4864729005	24.8439404401904	0	0	0	0	0	0	1237.46484287806	0	0	0	97032.1500459038	0	0	0	4854.6242664915	0	34004.8477163149	34714.6745860347	0	16397.0006905257	0	96447.1344007764	47182.7835526617	14138.5682000341	0	46830.827729759	11472.5767818451	3259.28837679641	2557.74282055675	251304.147343615	279212.76529382	0	96990.7434785034	12739.6177442948	0	1679.92359167002	2702.66580645786	0	5442.00600118457	19526.1541412068	1196.64979786917	2679.00491080053	0	10686.4435236305	0	1302.5323059357	0	0	7882.03586584613	823.990691266316	28908.2907917273	18763.6817786495	0	0	646.533973836384	0	0	1011.50328935061	1966.22042912364	45669.6692753758	14763.2158453874	0	3216.69876461323	0	0	0	14255.6896335378	0	434.768957703333	0	0	0	0	0	11981.877560869	74307.6343342181	39212.610850492	75572.9007294936	35779.4148906143	117.121433503755	0	0	0	0	0	909.761438024116	0	0	816.892422569119	0	17331.60606899	0	1110.87905111137	13817.3715414859	1769.83499516785	25591.0332205704	0	0	0	0	0	56.7861495775781	0	0	0	4913.18498324337	4219.32921809234	4458.30426423132	0	0	1228.00048461513	0	371104.58575817	115171.775701591	21736.6733179923
01-2020-44-SL	342.766705842277	22424.6252641124	735.76646340282	88.6465618557614	6902.61228316862	83493.2417265464	37952.5480158466	1161.26996031047	28425.9975017475	0	4928.74883918033	1353.33751099796	46761.0613789141	59405.0159849409	327.992278866317	6580.52977509269	13624.9765572305	5578.82362612258	1512.90132233833	36507.6090575977	0	7552.68707011087	617.571047595138	848.052108420117	22980.1437184085	0	7295.61204072916	12688.2778869546	8406.64894932137	16547.3582130755	992.841492784527	42627.1767110405	511.195173368224	49216.5711423187	2047.73557886809	0	0	0	0	24135.5039079286	13116.7362692575	27122.8930424678	225070.665666383	0	112.285645017298	76224.223654374	0	0	192.067550687483	0	186.157779897099	0	15448.140846064	0	0	62008.2700181051	4698.26777835535	61027.2480669013	30142.7859163541	66523.3349019585	0	1796.57032027676	10076.1591976049	8903.06969571364	0	5962.95872749755	1536.54040549986	0	0	0	0	614.616162199946	588.022193643217	0	0	0	0	0	0	0	0	0	0	171.383352921139	0	4441.19274897364	0	23848.880024595	0	0	29658.1847115426	0	81486.874543211	43037.9057809721	756.450661169164	5939.31964433601	0	0	4887.38044364764	9340.39273420206	4107.29069931694	685.533411684555	0	40733.0951727224	653.029672337442	3575.41132818238	0	22194.1442032875	0	159.56381134037	4098.42604313137	1728.60795618735	72651.7672115868	3321.29118419586	0	27604.5393618841	190471.912574079	6426.8757345427	0	0	0	48986.0900814937	0	0	0	0	0	0	79087.5076023151	2824.8704378036	0
01-2020-46-SL	1926.90782711305	2395.23105026323	51547.2067367732	3108.37427558432	40928.8658510594	504921.552603992	431346.359339434	180286.353946957	34852.2912853026	71415.738733536	579.428870573386	165363.31518666	15421.0762845022	0	223505.158868454	0	0	191118.508607654	0	31071.4694575813	1752.49779918127	14782.8647748851	133468.888782467	0	0	0	169062.745668013	12766.1680815405	0	837.168134072584	193.788919924209	158.260951271438	26961.2064659888	17634.791713103	3956.52378178594	0	0	78947.0221248572	6261.96596581761	59358.1921358517	877.863807256668	0	81785.3838386804	4844.72299810523	0	32.2981533207015	250493.495783232	2510.21247608492	28566.4246860277	19550.0722050206	606.559319362775	1895.25563685877	0	2600.00134231647	14654.3181246687	3594.13850152767	41583.2264373368	13445.721227408	0	965.714784288976	0	0	0	0	9548.6260477322	1546.43558099519	22183.0176637242	2935.90213685177	23106.0988856299	2967.55432710606	22169.4524393295	7210.23974731341	0	18970.6433344472	0	58391.1854254299	73936.2866186835	55657.4697283657	41618.7544059896	0	58794.9123419387	0	64177.7225743668	0	46165.0424674115	0	2209.8396502024	0	23153.9001525445	0	202676.079791933	244902.039480352	267227.169018688	17397.0773046627	213940.383744061	995.429085344021	0	10378.0426250078	0	0	0	9652.62610142486	0	16001.151118142	13394.6901451613	0	0	0	0	0	11031.1112851524	0	0	0	0	0	13947.6345300118	0	8653.96720074877	0	5387.33197389302	0	8336.79933513948	2698.83369147782	2384.24967813419	0	0	0	73478.298804596	150.509394474469	5166.41260517942
01-2020-49-SL	0	0	79605.1811649051	0	41597.2212413713	268552.476953317	0	735.922718319099	0	292988.973588786	0	76258.6984757914	0	0	5382.51255272938	0	0	70592.024573533	0	535.21652241389	0	0	0	0	0	0	18573.9445213996	243.468340737246	0	0	661.433820869743	0	2712.63734878071	602.118587715626	0	18895.3503196533	0	20185.1117847486	0	77951.251756724	0	538.66508248099	12339.6376320965	4732.11412407435	2558.83156978806	2092.58624871616	225932.412796044	14498.436234101	0	13866.6600298083	0	0	0	0	11426.4589263285	0	251019.307860168	282.092213488764	9229.72616358592	6445.35876540954	0	969.045378855046	0	47515.640028528	717373.603430182	8237.2305762746	61442.3050035038	0	23959.2159221826	11834.0787262597	65124.677443153	0	75844.8712677395	3867.21525924572	0	4094.13051166089	0	62689.3043237671	63631.4509340988	0	13223.1587212875	0	21381.7621280322	0	0	0	50446.2263735494	0	129730.691452214	115987.489872808	272979.048655446	837217.962882035	417455.093242566	7429.57780855982	273897.055345308	0	0	27862.9859181396	184.15310758313	0	0	0	0	0	26933.2541240495	261.400853086165	0	0	0	0	511559.400353585	0	264.849413153265	0	0	0	1998.78541489105	231040.419967432	32939.9560489239	56477.0682188935	13254.1957618914	0	43710.49885049	19713.3487675693	0	0	15084.691445508	0	586064.850891263	27836.0871496162	228.984388455427
01-2020-50-SL	0	421.304153995267	61334.9688348456	1341.95524954818	19525.290257374	127904.514884241	943060.161984845	564129.751917805	2417.42293181019	52689.668006137	246.818246843613	207468.185062772	9146.2340057858	2509.74183904861	800.731690274137	0	0	0	0	121.505640798334	0	0	0	29137.5602588067	4629.26974028534	161.161528787346	3843.76591099899	314.074632872977	3134.40138665153	519.968003311929	0	0	7872.16963647481	2413.61596656325	569.775798626129	0	35.531675638155	8600.8862341609	0	4108.66724276559	0	0	0	112.939968992707	161.478775891258	6854.4409271248	0	3537.93970282772	0	8243.03150094805	0	0	344.847601952451	5488.69214478322	671.294871878	25517.1363089618	720.785420088288	649.722068811978	0	0	0	0	0	562.47911523615	542.175300585776	0	2112.54846495066	0	0	3917.04999200268	14204.7390776642	0	0	61535.1517574141	113.574463200531	0	92449.2957981285	39205.714348561	38556.309526853	190.348262347259	0	2502.44515565863	138423.477108654	235.397351102777	13477.9259626016	489.82952844028	6290.05832926518	996.155906283989	3674.03871040601	0	122645.50964269	2120.47964254847	215474.550224201	9254.73251532374	83183.142387064	78.6772817702004	103.739802979256	12843.1145076735	85.0222238484424	207.796853062425	591.348601692152	17405.7623561373	865.450099472205	951.741311736296	16538.4087740416	719.516431672639	0	0	0	0	71152.4977125094	0	0	0	0	341.040636705506	8720.80563943967	11418.0405169003	827.697694106665	100.884579044047	18497.7268878027	0	4985.85548508254	10168.4041745906	0	450.173640451268	0	0	178307.783012483	1629.38112569254	0
01-2020-52-SL	215.356034918726	14718.4710761695	65975.6827435496	4718.02991442635	17792.8641263886	394207.984240367	267128.120784533	77706.3982548122	150536.343764913	5376.47480279855	0	96771.5957369275	13347.1234515146	12030.2336747702	3725.41186842165	0	0	0	22018.2980528974	25548.1567401859	0	0	534.67705221201	48185.2939738842	36276.352778551	0	4737.83276821198	0	1272.33335572673	0	759.934514023552	0	4074.43716639338	21245.9867552578	3688.28151757359	8686.02674172197	8361.75501098228	12312.4243412155	561.905976167252	61557.1709926309	0	24020.8616419692	148751.611567483	0	26466.5140844945	0	25753.6113482118	0	0	8673.64995810595	660.920245095402	0	12243.1143529658	2363.96567065958	0	88152.403626732	891.128420353351	997.568759451112	7557.26407594106	76802.8930508428	10965.8302837926	594.085613568901	17270.5638577926	12797.5942589634	3042.21341281741	3287.27372841458	1039.64982374558	0	0	99.0142689281501	0	0	222.782105088338	2198.11677020493	0	0	0	0	3264.99551790575	2861.51237202354	0	0	3287.27372841458	0	490.120631194343	6651.28351524848	1133.71337922732	3465.49941248525	0	4022.4546752061	160927.891288922	11525.2609032367	21033.1060770623	121505.360115179	19594.9238208809	2368.91638410599	220.306748365134	8926.13634387273	6141.36003026851	3938.29254661717	767.360584193163	19.80285378563	81.6867718657238	59542.2306199431	9577.15516207532	3034.7873426478	9366.749840603	5935.9054222426	1175.79444352178	2665.95919089044	512.398841703177	24364.9362264945	22909.4264732507	7978.0747188857	4945.7627329611	8327.10001685742	8500.37498748169	0	1774.83077053709	173.274970624263	0	0	0	0	12426.2907504828	2784.77631360422	0	29.704280678445	79751.0429081785	17780.4873427726	82850.1895256296
01-2020-56-SL	0	29527.7026111753	15983.1725640322	20418.447319967	7068.11858482832	58393.9070033355	5956.51836663623	78092.1911246193	16070.1585683675	0	0	0	11290.9856557582	0	3967.97784892408	5508.43929779265	0	0	160.822961503678	3515.85291941374	0	0	0	9651.40062055406	0	0	0	1674.98631603831	0	0	1029.67153969022	0	205169.640272026	7314.91608550063	10685.118020911	54298.4845434085	0	22167.2705931736	0	10435.2861247387	22223.9126425083	0	44338.587047014	1653.74554753782	7957.19646634865	90509.94897607	15537.116425522	0	9283.22729987898	1534.39265786843	1180.379849527	0	168.914682837196	0	0	48759.7012906151	18815.2750307636	562.374632679528	8980.79921503873	64900.662420651	0	3397.51149491104	0	4041.81480609244	445.044673343512	18101.1806230806	7491.92248967134	0	0	0	3348.96116690992	0	0	1384.69581319833	0	638.234520181263	0	0	0	72.8254920016655	0	0	1267.36585386232	0	0	0	0	367.161855508397	0	0	9040.47565987342	7756.92636334407	133341.452924716	365777.159695199	3227.58534690715	44.5044673343512	7665.89449834199	0	0	828.389971518945	1663.86019920472	523.938956345316	0	0	2217.13164538404	0	5866.49796680083	25.286629167245	0	161.834426670368	0	9790.98281355726	181144.308167643	20284.9339179639	64888.5248386507	0	7337.1683191678	141.605123336572	0	0	0	650.372102181541	0	438.975882343373	7486.86516383789	2138.23736238224	0	9079.92280137433	11019.9129910854	224992.334608812	170.937613170576
01-2020-58-SL	0	7391.79453264798	60903.9693372764	0	18281.7211547562	812511.808197447	0	0	8997.03135784082	0	2213.94262930596	161129.819944477	22082.9219568128	0	37567.678467353	0	0	0	0	7630.65377223667	0	0	0	86241.0273861202	4451.0006688947	6942.32822159399	123410.607120825	241.427618509003	0	0	0	0	9937.05804267374	0	0	0	0	17577.9853305917	0	27317.2781964016	0	2468.21214241651	105049.26621954	0	0	108755.437001545	308575.317001549	7792.46164421611	17680.720487404	19101.0340303346	0	20387.7918694092	3133.42228277642	1196.86457686378	2275.58372339337	377.551701285355	0	8578.38559383053	14444.5630478152	25144.4296298206	5069.97998868906	0	0	13214.3095449874	43546.8645938313	4032.35490488441	5943.22882159396	400.667111568132	1361.24082776353	12387.2915326481	5640.16010899756	0	15281.8545758358	8247.06471311072	0	12091.9279568126	24075.9839989723	0	45144.3962822632	0	0	10060.3402308486	123174.316260157	0	11113.3755881751	0	9420.81387969173	102.735156812342	26729.119423651	0	469533.055558365	324589.159569673	1356.10406992291	18189.2595136251	51917.2114951168	0	0	16640.527024679	0	51.3675784061708	164.376250899747	3171.94796658105	3048.66577840624	6474.88325809783	59483.6557943458	2303.83589151676	2183.12208226226	3015.27685244223	0	0	62994.6297784076	0	2784.12274961446	0	2486.19079485867	0	40066.7111568132	13622.6817933165	0	0	0	0	13042.2281573268	0	0	0	0	0	205942.89534602	46885.7571902324	79794.3962961457
02-2020-49-SL	2217.34674374986	15930.8693471075	29122.8273704887	10950.6248871833	13435.1688863435	35045.2350128515	96331.5833639373	95302.9576040694	1843.04745694328	1327.61893084897	465.224448877329	91084.6994716829	9943.75422744277	0	18215.15486048	6320.13549853734	95.3877467122581	0	622.530557490526	8064.44827028722	1660.0814866414	0	0	14459.3320615698	630.897903693356	0	14415.8218613151	11992.0805778955	156.19046245282	0	1371.68695418388	26238.8820459134	53.5510156981098	11835.8901154426	6442.29875309865	24044.9638715315	0	7975.75440053723	0	8254.10811755136	0	6317.90420621658	6500.31235343827	383.782279169787	2687.0337772687	38178.5272542712	20636.1070284987	20258.460803211	4108.36698558936	8285.34621004193	2137.02022020269	21946.4334438618	12204.6111714473	5432.08115487701	11206.6656809899	2751.74125457058	4787.23767417894	23528.4196992768	12737.3322130275	953.319644042392	9451.19644763619	3352.51671193375	0	10966.2439334285	3023.40109462245	797.687004669761	8584.89720410323	2883.94532457529	0	1499.98626262726	20116.7737408431	0	6577.2919385043	24751.1678910503	5714.89745653266	0	6928.16265594296	5848.21717269774	3202.462303363	0	5824.23078024963	1613.78217098575	10984.0942719946	386.57139457073	11705.9173377587	0	2337.27870599042	1454.24477005179	2470.04059907531	0	45697.4245521339	2200.05422826401	244695.230178631	56441.0970765672	32502.6774133517	3022.84327154226	5094.59819136288	6187.37360545244	3975.04726942428	6869.59123252315	3704.50307553278	10429.0603072069	0	46400.8394562518	6862.89735556088	584.04076495751	5881.68655750906	60716.8109862131	0	3810.48946076863	13243.2777467586	9853.3868884522	36990.3640934694	3604.65274417902	13791.617834584	10072.0535358862	74165.3676264812	0	50996.743813926	435.102002547142	0	18624.0391782583	4633.83632712706	2530.84331481588	18054.5018133856	2089.60525838666	1322.04070004709	0	198100.826113553	64893.2323875855	16340.8693110461
01.2020.030.SL	0	0	48010.3923721165	0	19674.9949801928	834325.233580151	0	34629.5079154803	417.509734786968	24168.3678650161	0	200351.021688347	0	0	9438.1403524741	0	793.066800571188	0	0	0	0	0	0	29803.3374159718	0	341.672217743538	0	502.221854888672	0	0	1361.04139630071	6.85764781775697	12539.0073392446	21098.1585979015	3900.3880441113	1512.31303933946	48.8103168205055	7657.97565719402	7910.09506225861	66674.0859947143	0	22777.8789222038	20263.9459104237	7173.09961737379	1872.94463634386	306264.971887315	41145.8869065418	131283.616605236	1252.93259540901	8379.64224225091	0	0	0	0	0	36283.8146037521	168031.330914307	2247.69492003187	1606.70654459565	109057.576636837	0	0	0	0	0	4722.90239119403	15708.8541952407	0	0	3532.49540824104	23744.0004824113	0	0	13236.0670703672	0	2992.35479483066	0	18932.7554516827	6816.90532189853	0	3545.00053073225	4060.53429020833	21643.1399038891	0	33939.7092232235	0	3621.24143882378	0	15180.0085311772	0	111543.675666298	30614.9602047557	408276.113695883	36161.9905072249	67592.2040201975	0	13.7152956355139	13781.0483763548	244.858366198734	0	0	8948.82701112474	0	0	69472.4096954072	0	1008.88101130648	703.917378940348	1834.62248677404	2513.52962073198	12008.9515020368	1390.08555176415	2342.08842528806	0	469.950571040404	0	140012.595495144	4253.35521120173	36552.0696507408	3307.80659444748	0	0	8148.90256273579	10803.6190503039	271.078784325452	0	10887.9277793575	0	442380.406466732	251393.704569056	26181.2891950518
01.2020.090.SL	0	11673.5703719814	21530.3800440544	9706.39391938082	6295.22624093517	542799.44090653	49757.5309905788	128953.386727621	0	9744.32484832059	613.434678370786	185.730755498191	8683.56680107388	4766.21741574231	0	0	1769.67402950037	0	0	912.958220688292	0	1072.52971484871	0	0	6140.8865990423	0	0	0	0	228.893536705517	0	0	4048.14569202043	8173.4612049873	8641.71198293344	6607.82941392156	100.713156150428	4104.38810389665	0	19654.761006136	0	372.769474063271	71812.4042244555	528.417079023023	7438.38596139587	87060.6376582436	18422.6597971269	59385.4471259463	0	7873.93766266979	247.205019641959	0	0	0	0	414944.743155096	16836.100596991	3961.82012960578	156.95556802664	12628.3834108101	776.93006173187	0	0	50009.9678624883	0	19826.1041678985	14620.4111616816	3978.82364947533	36119.4000921306	0	0	0	0	61503.039331239	1965.86848953367	0	0	5874.06213339702	4277.03922872595	0	0	0	5628.16507682195	0	0	0	0	0	0	588.583380099902	457330.59430069	4694.27944706344	983367.180541976	238006.115392531	15343.714737671	0	249.820945775736	0	0	0	0	897.262663885628	379.309289397714	1071.22175178182	97003.7728927313	272.056317912843	1289.65158395223	349.226138859275	0	0	31185.7634038266	16734.0794777736	17080.6896904991	4382.98423714393	0	0	144336.340357298	0	0	3052.78579811816	0	485.254297815697	328.298729789056	11205.3195940352	4291.42682246173	0	0	3831.02382291691	708161.287564064	32224.2860789362	96806.2704696311
01.2020.108.SL	0	0	0	0	1762.4273072558	449650.101357737	0	64920.8878590782	0	0	0	43930.6675521711	0	0	1025.674908321	0	0	403436.945981415	0	16136.322149219	2325.82620055888	10040.0572011703	31983.7217890519	0	0	202.245756570337	14402.7870929019	40781.4121998615	0	0	0	0	9433.3199314593	0	0	119440.565380253	0	32417.1055531312	0	88785.887134378	0	0	310996.189103301	0	0	27953.2527831145	226471.90898237	1227.92066489133	0	9086.61292019586	0	0	0	0	0	356125.885069425	31304.7538919943	26797.5627455697	4680.54465205637	8566.55240330071	0	0	0	0	23503.846138567	0	0	0	19978.9915240554	0	415239.430489841	0	0	0	0	28357.7442962551	4088.25350781467	0	41980.4406138143	0	0	0	166997.210425221	0	18678.8402318176	0	0	0	0	0	43323.9302824601	582800.039808365	0	11051.285984022	0	0	0	19271.1313760593	0	0	0	22290.371599145	0	20224.5756570337	0	0	0	0	0	0	220332.305657913	0	0	0	0	0	113575.438439714	171634.41670087	0	0	0	0	0	1849.10406007165	0	0	0	0	692359.45536761	0	242940.492017383
01.2020.141.SL	0	0	0	15021.3445116281	2145.68163303599	200835.171620018	37577.7440249001	94581.4576145814	1291.49898879952	0	0	0	0	0	12288.903898297	15425.6261682925	278.435226574319	0	0	0	0	3454.4845059729	0	0	0	9963.89110238268	160.454198364862	6586.48753483996	0	3548.86932854047	4829.35675470711	13224.8867220921	152952.178051116	123180.058852554	20501.9565420514	8359.34911873406	0	19657.2123800717	13997.26918677	110749.577720405	0	5216.33452723413	13276.7983745042	1908.14649624095	4145.06679109226	412140.766223532	14470.7663799839	63281.8773708005	55734.2377261475	2107.92770400897	0	0	0	0	0	123220.958942333	12545.3159996056	1242346.51936709	8291.70666256064	89428.0463023923	32270.1708358507	0	0	3630.66950809903	0	43737.9267778099	48474.4717903256	182710.139526294	86610.6593487505	0	2759.18297972517	0	121.127188961709	0	4510.02143835351	6325.35619240302	3879.21620752695	0	147.869555355853	0	0	0	17714.4581155559	1137.33711193917	0	0	0	0	0	0	25214.9053489252	28858.1595000332	235111.01993543	262119.236913139	209.219690024771	0	2575.13257571842	0	0	891.936573263495	0	0	108.5425459527	7387.18544628814	198.208127391888	0	9820.7407881552	11082.3512498083	1058.68309313286	0	221.804333033779	0	0	0	202.927368520266	1044.52536974773	20772.5263667451	0	868.340367621604	1846.79636157203	0	11000.5510702498	0	0	2402.09373434455	0	0	0	95064.3932900521	42740.593819346	48847.2918394675
01.2020.64.SL	1791.93015726857	5387.11746395027	28426.2194859747	24674.7196876982	4948.762867956	463821.072432873	0	71017.9753479297	23387.9733800768	960.528933858247	0	164.241386096045	14874.6060842294	0	6435.99693653604	144057.818793662	0	0	0	1546.13442773173	6467.71251454079	30636.1156533774	0	1207.45736260954	0	0	0	0	0	0	2340.15657706502	0	71742.9028451812	154218.130747328	6741.82572443902	0	0	33492.7830722341	0	65875.5209143018	0	26410.014884244	310656.351954989	20855.2579365543	0	201090.35694071	95519.3920558162	0	0	3999.5609262423	454.212384996648	0	0	0	0	60575.6212898646	155936.435455657	363.596447840209	0	23731.1812420568	0	0	2327.69688570601	60401.1856108385	0	7122.41266049606	6374.83117895544	0	160122.891752285	0	0	0	0	14367.1568361533	0	12259.2035980517	3547.61393967456	3843.24843464745	5197.9566951362	0	0	0	13284.2963871339	1804.38984862758	0	0	0	0	0	106.473726158815	55774.1093197879	24512.7437000311	409840.025969569	170398.739025825	15493.0598553221	0	0	1388.68923692242	565.216908013285	0	0	173.302979811689	0	0	2860.06551650009	0	1122.50492152538	0	5511.71437754037	5632.9131934871	3423.01702608446	4358.62657722469	29000.4979877037	1053.4102694436	0	362.463748625754	3122.85173425376	0	0	0	16093.3904389835	0	0	6752.02001736912	1725.1009036157	0	1102.11633566518	2149.8631090365	121347.19954383	18058.6235760637	26295.612263584
GBM.BM.257.SL	1109.81797299466	18347.3223254355	8436.97164616097	9739.60945266001	46313.5577192001	169690.284926607	0	0	2943.81425197522	0	599.066200276957	0	17945.4916800409	0	129108.333556003	0	0	466803.569749962	0	647.639135434548	8204.41032025493	0	107165.14212178	0	6315.95347761283	16896.0218992118	655170.884198227	101922.208939012	0	0	3985.92449717444	569.628057757205	157635.365564769	12468.525264241	61.8200992914796	88967.954323195	0	117805.558735544	9131.71180962712	80626.6566402232	2268.20888114691	5733.07825572174	230959.890952968	36793.2624283123	0	11130.5616867183	461500.288375029	1277.61538535724	47811.9591734555	1037.69452382126	0	29118.7386734129	10478.5068299058	0	25411.0046230501	5401.89915237452	5101.63009867305	13855.0617769214	0	21305.8556486706	0	0	0	0	29926.8156855801	2091.58002602839	896.391439726454	376.808224252828	25565.5548712788	1277.61538535724	282726.864573952	248.752304291906	6701.59314462158	0	0	38861.2919403248	214240.497908874	0	5310.64091056329	0	10100.226698527	0	128.055919960922	0	46814.0061420359	0	1957.63647756352	69.1796349214176	60944.314551517	662.358206694424	0	712061.566524773	0	120525.643104369	5649.17954954044	0	0	4133.1152097732	0	0	0	59593.1038098603	209.01081189024	0	3149.88124961348	0	381.223945630791	1922.31070653982	0	8317.74716895598	7028.35652659083	0	0	0	0	0	5303.28137493335	67157.2345303106	0	0	0	0	359.145338740977	0	0	0	0	0	7706.90571167112	27873.5052448273	9461.41900584835
GBM.BM.259.SL	296.236207304707	27629.6156935659	94074.5585876513	547.757515393609	33769.5302921361	1409877.54036153	69876.8114088985	0	3617.71481467871	15162.5428559593	0	371533.302902921	14936.1736786793	1351.2283606776	31746.1811026209	2230.15559838826	2752.76098297298	43631.960250422	0	0	0	13765.2022554654	0	31740.5917402189	1961.86620309344	4468.69524037949	49552.4923747147	30666.0368184391	3617.71481467871	2388.05508624407	0	0	24309.5344267924	14107.5507025864	7227.04558575445	2864.5482310125	1402.92996289588	28178.77054956	0	17529.637833196	0	2227.36091718728	2142.12314055715	1031.2373631645	0	1092.72034958623	136112.15321291	0	19907.9115352366	44239.8034116369	237.547902083963	16094.5690364887	2513.81574028853	18611.1794579783	10179.6262745981	110725.269183137	16893.8478599713	20012.7120802736	482.082507170396	0	0	0	0	65807.7555802602	440.162289155578	0	10141.8980783847	0	5589.3624019756	6533.96464790948	17838.4501059051	0	3443.04723961697	113134.284378388	799.278823482511	33621.4121884837	4917.24157313803	10295.6055444391	40000.2720297384	0	18352.6714468869	17842.6421277066	55897.8160415575	521.208043984225	13863.0160975	3832.90526715477	25020.7807924438	1021.45597896104	51132.8845938733	4716.02452666691	288166.565336854	75843.4557730074	794677.380885084	10186.6129776005	13116.8362168362	572.909646202499	1572.00817555564	13204.8686746674	308.812272709152	1049.40279097092	6362.09175404873	13795.9437486763	800.676164083005	2414.60455765346	209084.074051902	0	3021.05037826781	4829.20911530692	0	3088.12272709152	58225.7854819803	12879.2883147523	712.643706251889	11692.946144933	2819.83333179669	2656.3444815389	33168.6738339237	148227.096219192	0	220.779814878036	0	0	48807.7098346514	2761.14502657595	0	0	4379.26544194788	0	116869.375803508	4837.59315890988	1787.1986280317
GBM.BM.260.SL	0	14366.0163741289	4256.42090978671	19761.6137648104	3755.94588679947	175819.258789812	190294.903026119	3708.28159889592	0	0	0	16849.3257739037	4037.1651854304	0	22387.9160282958	0	0	0	0	0	0	0	0	0	0	0	10171.5590386168	0	0	0	3098.17871373053	0	107635.494943789	139337.012828438	82054.0716259554	0	0	44751.9999126399	0	18460.3787050436	0	5495.69239527892	414269.391884885	0	0	16353.6171797068	15009.4842608268	75995.9406334147	4928.48736922672	2530.97368767832	0	0	0	0	0	26301.154065177	962.818615651641	1081.97933541051	0	16182.0257432541	0	0	0	10514.7419115224	0	0	4966.61879954955	1282.1693446054	72664.2069089568	0	0	0	147.759292500994	3079.11299856911	8498.54253320236	0	0	0	1744.5129372698	0	0	0	619.635742746106	0	0	0	0	0	0	0	5209.70666785764	7402.26391142079	156386.528611536	85095.0531942017	0	0	1897.03865856115	0	0	0	0	0	0	0	5290.73595729367	0	5376.53167552005	27859.776279623	3999.03375510756	0	7998.06751021512	6177.29171229964	9876.04045361485	0	0	1539.55649928455	3989.50089752685	0	0	0	0	0	0	343.182872905535	0	0	0	2988.55085155237	68855.8303054634	60457.3827768585	52745.3009940647
GBM.BM.265.SL	0	17522.4778283041	274187.632425344	0	4715.02458894257	1001474.03134343	0	0	40047.8670782338	0	0	20534.7571263776	6533.62677589139	0	0	0	0	0	6207.12097784845	0	0	0	0	0	8264.4585870222	0	0	0	0	0	0	0	4560.54872750291	0	810.998272558254	15689.8323812244	0	1256.87178171366	0	0	0	0	0	0	7334.09260335148	0	0	2819.18447127393	0	3328.25265101829	0	0	0	0	0	2643.64371963794	0	2654.1761647361	0	424.808618959085	53543.4400640083	0	3609.11785363587	132831.68676295	0	1133.99325556847	3314.20939088741	0	0	3145.69026931686	3398.46895167268	431.830249024525	0	0	0	0	61667.4660497218	0	6375.640099419	2289.05140133325	24031.5288989664	0	0	0	0	0	11245.1405498012	0	0	0	0	111931.80487317	0	63531.7088320959	66744.1045870345	7435.90623930035	0	4409.58368109596	0	954.941688899762	0	3795.19105037001	1260.38259674638	5248.66847391597	26847.2025552076	6382.66172948444	997.071469292398	0	157.986676472387	0	81433.3546839338	10911.6131216929	8605.00764519602	0	0	0	72119.1624021283	50833.0908587487	0	0	0	8015.1907196991	0	523.111439875237	0	0	0	0	381207.807067739	459979.963956871	16153.2599655434
GBM.BM.270.SL	0	0	12503.1717092086	0	0	13140.2392546056	0	218772.951006825	0	0	0	0	0	0	24437.6802795764	0	0	0	0	0	0	0	0	0	0	0	0	0	0	0	0	0	0	0	0	0	0	2031.52845977188	0	6036.07076647839	0	0	0	0	0	0	0	0	0	2235.09338048736	0	0	0	0	0	111858.511858417	0	0	0	9114.26906150799	34981.0245334756	0	0	32565.442417617	0	0	8970.86705258291	0	0	0	0	0	0	0	6236.33908928754	0	0	0	0	0	0	0	604.925715810368	0	0	0	0	0	0	0	42263.2093085443	0	131347.998680602	38548.7676175942	0	0	0	0	0	0	779.645404845516	0	0	0	1247.76230754346	0	0	0	0	0	0	0	3367.47476130949	0	1956.53085740302	0	0	0	0	0	0	3350.16762230129	0	0	0	4561.66735287519	4178.43784626508	0	429526.103457042	5813.55040780155	0
GBM.BM.279.SL	0	53154.8578644481	74960.2273733505	10033.9243921529	22216.5483747379	358519.61384543	297.10573221032	636426.902114724	7397.35269915413	164338.138771163	3078.68564591909	41190.7129343996	13822.8280790606	2630.12688318941	5804.84019526758	0	0	0	0	2615.30382062794	30169.4436794566	3316.49912788353	0	13313.0436231423	2513.47582564045	1789.07920307126	0	2001.11344579836	0	0	235.880039021643	0	3683.8532870156	13778.3588913762	460.803901367416	0	0	3984.82590511152	0	78937.9639876717	0	6118.70243298217	11282.284052221	1972.11180165636	3167.6240212879	5731.36936344117	13637.2175565518	0	0	5184.8494916096	0	378.954816788868	2041.07126661623	2260.83928111454	710.218040988661	61761.9013648143	21319.4308492785	246.191734716578	1026.65820262699	3426.70537562315	116.651057548954	1230.31419260196	0	44131.4796503989	0	23.8457962945376	8942.17361045161	0	0	265.526164144581	3406.08198423328	0	0	25869.4665746687	0	2258.90583817174	748.242418863735	29482.4269537816	28126.4389698976	0	0	2349.77765648336	28104.5266165459	135.985486976958	0	913.229549982698	8620.57760096582	0	755.976190634936	8071.47980521052	188081.462589732	31807.0698520085	204554.396462391	29492.0941684956	59971.5331997812	290.016441420052	0	6048.45400606042	1798.74641778526	0	0	215.256647631772	0	29.0016441420052	66016.764800937	574.877034992637	413.756789759275	407.956460930874	0	0	35934.3260539063	282.282669648851	15309.6457020741	2694.57498128275	0	0	0	0	9488.69348228318	10888.5061728706	130749.079006874	2285.97403937095	3556.89053377171	8110.79314504746	0	0	20210.923562073	0	119199.335347565	11141.1427173965	4438.54051568867
GBM.BM.281.SL	0	432.440379068497	185369.745145775	581.890864870094	4214.73100072411	245197.104448624	1100405.63171555	604605.065700746	0	0	0	160249.561969557	0	0	22.1618591112633	0	0	0	0	0	0	0	0	23939.9221153439	231.847141471678	0	165.361564137888	0	0	627.35108868807	0	0	0	0	0	0	229.574130280779	521.087815513551	0	6463.30732132075	0	0	17409.5609638917	0	0	7623.67953427459	10650.7621877541	0	0	15233.1527486061	0	0	0	10918.4092554824	2280.96673006695	209783.590094421	14718.8839666652	0	2713.40710913545	1174.57853289696	0	0	0	31882.3914691421	0	0	8439.69055180726	1375.7400232915	0	12666.9231140813	25404.8778278782	0	0	67528.8894704126	0	0	0	47885.5267586651	22315.8556194467	0	157.974277767467	811.464995150873	12073.6671932567	0	3713.53203313092	0	4145.97241219942	0	1576.90151368605	0	280919.180071992	0	879718.406938385	3450.43098778438	203928.881519463	0	0	20989.5535895573	0	0	132.402901869855	28689.378998727	0	0	399786.300300045	128.425132285782	0	0	0	0	195588.06695446	170.47583931741	5329.64298985997	0	0	0	260501.857049744	0	0	1097.2961524064	110486.527967209	0	8006.11366714331	11787.8360360012	0	0	74900.8330152951	0	274148.447987102	18009.0676654912	340.383425837096
GBM.BM.282.SL	0	4518.03549730331	8236.46210637596	0	0	257645.757170323	82546.1273758119	98023.2196602766	0	0	0	38734.4281071736	1869.02445653915	0	0	0	0	0	0	0	0	0	0	2516.56048872595	0	490.55760014151	0	0	0	0	1015.45423229293	0	153009.821060138	56571.102448319	21280.3886941387	56011.8667841576	0	5979.89714572501	66083.0143150628	30600.9830968274	36988.0430506699	28638.7526962614	206985.873803709	2001.47500857736	0	361271.144624215	388457.846824058	0	0	0	0	0	0	0	0	21206.8050541175	4993.87636944057	0	2207.5092006368	0	0	0	0	0	0	0	11341.6917152717	0	334947.823800622	13892.5912360076	0	0	6151.59230577454	156.978432045283	0	1383.37243239906	0	0	0	0	0	0	4238.41766522265	0	10233.0315389519	0	0	0	2712.78352878255	0	4748.59756936982	0	216434.013182434	418347.52140068	3291.64149694953	0	0	0	0	0	0	4468.97973728916	0	0	0	0	0	0	4047.10020116746	0	0	3463.33665699906	41643.4346760128	0	27971.5943600689	0	8329.66805040284	0	0	7407.4197621368	0	0	0	7740.99893023303	0	0	1025.26538429576	0	185754.540869584	73961.3693733355	12273.7511555406
GBM.BM.284.SL	990.010493523627	3124.21344267702	184789.33570646	30549.6680706444	36003.7422740364	1768194.80738925	0	0	2394.77948160178	323.69195553277	0	429953.983486541	0	366.069453889428	8822.63449829571	5253.00649842318	0	27402.9134054372	144.263824192878	12069.4721915367	26328.1479152003	0	10804.4587831454	129890.639058761	3611.10384932798	0	4632.6720543938	16162.0565541084	0	0	1850.18354527366	0	60602.5275967245	20131.1150172149	1832.15056724955	6342.19837107941	0	21818.1001113704	0	11932.4215585534	0	18574.8690137343	0	0	843.943371528337	172546.746925892	135644.060697354	0	5648.83036605239	45711.7959933159	125.329197267563	18631.6728945102	14826.7145314231	1074.76549023694	3442.49550480256	247610.821249051	34554.7924897991	39452.5493211474	8882.14332577527	10709.7856485188	5377.43404678953	3194.54205697105	1892.56104363032	67510.0598288598	11217.4139798975	3964.55021860053	14516.5473094084	4951.85576542054	0	10789.1307518249	31259.2657558931	468.857428626854	16356.8127167688	11162.413396924	311.970519817099	3923.07436914508	12225.4574514452	0	7393.52098988501	0	5982.44045949842	3427.16747348206	7108.59993710407	0	220626.272933773	0	47956.0001084163	0	13356.1251735569	0	177332.699293491	38096.4693737343	321289.061211058	42523.5654786533	26961.1054438465	297.544137397811	1852.88849197728	19134.7929813829	0	43.2791472578635	3052.08153058058	63317.3924382542	0	1306.48925784675	38808.7720056866	0	11345.4481238687	12824.1523218457	0	1030.58469407787	76034.2485408564	3906.84468892338	36707.9300658779	0	533.776149513649	2639.12633382847	36340.057314186	187471.741187546	98812.6047320107	2901.50616407926	17281.0028405044	1299.27606663711	29567.7724172316	8792.88008455593	1208.20952761535	0	0	0	71497.1512699904	21915.4781927006	0
GBM.BM.288.SL	0	14101.413692473	38357.213546404	5549.52070860713	8883.44329647115	736135.545527197	949332.044821901	66.6609094126982	10961.3340122433	0	920.973090570172	132546.447194859	2218.22947243044	0	2182.26766603675	0	0	0	1299.0106163185	10613.995589514	0	0	0	2131.39486674811	984.125531066413	117.533708701336	24271.5879640551	5723.18991997179	2669.94484542439	4475.05210294192	0	1947.20024863408	6463.47686134438	26881.0117206705	5503.03349546406	0	4831.16169796239	3733.88804434021	1649.85750796428	24384.7360866108	0	0	20310.5265573742	7164.29352740683	0	0	30944.6958431578	5310.06770505888	0	7259.02218815119	428.910325036966	0	45.6100959139514	0	0	1252.52340317543	6145.08330717584	55586.4272778992	0	0	0	1891.06474597075	0	30325.451079403	0	487.677179387634	53706.7650559069	32001.6221042407	10901.6900406635	0	1513.02722022243	0	0	261920.361372012	4478.56057185838	0	5386.37690399184	48111.6342513858	6680.12481693565	1348.12918114891	0	0	17131.8537190634	462.240779743315	4541.71301235462	0	230.6818312571	0	10248.2377049732	0	55618.8806153764	159285.365924413	614177.657522208	52131.4625124173	85264.5658422157	3244.45663049435	0	5794.23641553006	129.813349908939	962.197600338552	1915.62402838596	827.998664284041	6524.87506738239	6264.3712503354	125429.517997825	1897.20456657456	0	0	0	0	16043.3512377324	772.74027884983	0	0	465.749248659773	1942.81466248851	42983.1298127536	0	59496.6158852914	12950.6358878749	0	0	2476.10193779009	20606.9921808149	0	164.898039073517	14765.3914349127	6558.20552208874	1006923.56208556	25643.3993103901	8880.81194478381
GBM.BM.295.SL	0	28722.8667494375	97125.195315347	8804.68062725095	20614.2549376867	498749.823193047	3020798.26573016	92096.982956598	5107.25746152611	0	0	82580.8964043528	18677.06003082	11708.1134322442	34810.5194409308	2878.65747427205	3575.90606742565	0	1002.81100538166	3776.46826850198	0	0	0	3424.89452779171	0	0	0	0	1586.8009438098	6270.51822776884	273.708415586523	0	18667.6218095929	8660.74775353735	72485.539024293	23278.1928790417	437.697509407759	8778.72551887637	0	133424.594154856	303.202856921278	0	228590.178787922	11980.6420701773	29656.0708732691	1325838.8459905	60976.8080154717	0	0	22370.9438635847	2392.5890810753	0	814.046580839228	0	0	601463.625252504	9556.1989924605	141.573318406822	0	67207.2138030253	0	1009.889671302	11739.9674288857	0	0	7659.11652580908	37833.1097889165	0	0	0	5202.81945145072	0	0	34543.8896912646	8912.04039370946	1381.51963211991	0	3892.08647853422	4164.61511646735	0	0	0	0	595.787714962044	18588.5767068158	0	0	1344.94652486481	5244.11166931937	0	359013.418592554	37653.7835856012	1154820.63691037	100636.213611836	73986.2161994053	0	1212.81142768511	17178.7424110145	0	90.8428793110443	0	1285.9576421953	134.494652486481	26771.5145107301	35427.5431536539	0	0	0	0	0	190027.966409211	21342.1777498285	4544.50352085899	0	18163.8567515953	3600.68139814685	82284.7722133519	0	22203.4154368033	581.630383121361	14592.6697947832	37.7528849084859	4896.07726156927	4256.63777343179	3021.41057033226	0	0	632.360822217139	1849750.96697506	53215.0508338177	12747.497544881
GBM.BM.305.SL	0	28872.4964967266	14700.4888929313	2171.32574600049	16378.9613018724	161454.002827037	9781.85217569226	0	9494.8492284087	0	0	144233.825990023	14777.6827890972	294.920269967249	64795.3688432743	69440.8579279262	3390.59343928791	167124.785199226	0	62376.6267634087	0	0	4985.93396005034	0	38440.5809599594	6743.57959582832	202463.754997852	53501.3080349983	510.667313097653	0	767.980300317401	0	23678.7328162296	6620.8610942312	3404.44875398436	0	0	16392.8166165689	0	44782.3564295907	670.993097442265	0	44817.9843816673	0	0	135542.585014009	68653.0843208997	0	13033.8924680157	1120.30115974136	0	94663.4686674743	8916.88467249972	0	5073.02450957087	7978.6819344831	9748.2035542866	9526.51851914343	18866.9799552203	9722.47225556463	0	0	3770.62492810477	0	51272.5816995411	2893.7814408867	8972.30593128551	4857.27746644047	52636.3405318058	9918.42599198582	66711.360932726	11106.0243945385	36013.9215574101	0	0	0	4879.0501038206	0	11680.0302891056	227.623027155931	10215.325592624	0	8105.35909742206	285.023616612644	19260.8667587336	3430.18005270633	8756.55888815511	2022.8759456814	49010.2067426783	19282.6393961137	3192.66037219579	151810.703798309	0	63045.6405301801	110.842517571584	1613.15449680073	1153.94978114702	166.263776357376	0	391.907472842385	0	2757.20762459314	0	997.582658144253	8564.56381307576	823.401559103193	15854.4386740783	9287.01950796198	0	1470.6426884944	15381.3786437282	0	7446.24198400532	0	0	0	279.08562459988	25766.9266740514	0	6092.37980509526	0	0	1244.9989920094	0	247.416333865142	0	0	0	28512.258314619	17047.9750686438	59928.1947234793
GBM.BM.308.SL.ab	0	3978.44904145804	0	0	0	84873.5795511047	0	0	0	0	0	27407.0933967109	0	0	100061.150891909	0	0	0	0	0	0	0	2731.23684195333	0	0	0	79126.9309356654	0	0	0	0	0	0	0	0	0	0	0	0	19892.2452072902	0	0	0	0	0	0	0	0	0	0	0	0	0	0	0	2778.59933054212	22055.1321861781	303088.351975839	0	0	0	0	0	0	0	0	0	2320.76194085052	0	0	0	0	0	0	0	0	0	0	0	0	0	0	0	0	0	0	0	0	0	0	0	108696.911311264	0	0	0	0	0	0	0	0	0	7183.31076929923	0	0	0	0	0	0	66986.3463607398	0	0	0	0	0	0	0	0	0	0	0	0	0	0	0	0	0	0	0	53661.6995710947	51814.562516132	0
