feature	X1965	X1798	X1877	X1867	X1871	X1862	X1861	X1858	X1855	X1844	X1836	X1830	X1891	X1814	X1812	X1949	X1934	X1786	X1790	X2295	X2301	X2303	X2318	X2290	X2325	X2328	X9226	X10068	X9712	X9286	X9262	X15452	X7967	X7962	X7985	X8000	X8007	X8002	X8053	X8028	X8071	X8059	X4046	X4037	X4041	X6744	X6747	X6754	X6602	X6846	X4348	X14874	X4285	X14853	X4121	X14851	X14890	X14894	X15316	X15346	X15300	X15286	X15271	X63326	X79883	X7263	X25416	X14963	X63327	X14837	X15350	X14838	X4198	X4181	X4262	X29305	X7253	X15091	X15254	X15078	X15124	X15132	X15127	X15126	X15158	X15154	X15120	X15234	X14987	X14995	X14993	X14027	X3813	X14143	X5090	X4799	X4791	X4862	X4815	X4811	X4831	X4837	X4826	X4820	X4677	X48013	X4868	X25431	X4874	X4768	X4630	X4552	X4581	X4575	X4577	X4617	X4613	X4584	X4557	X4608	X29302	X4606	X4724	X4725	X4763	X4762	X4761	X4758	X4760	X4753	X4749	X4742	X4705	X4699	X4716	X4721	X4652	X4644	X4670	X59869	X4532	X4540	X5075	X5082	X4936	X4940	X4951	X4925	X4933	X4938	X4964	X4959	X4910	X4914	X4993	X4988	X4987	X3922	X3958	X6140	X6148	X4080	X5792	X6952	X6939	X5825	X4053	X14546	X72479	X14341	X14809	X14807	X63101	X14797	X17130	X17167	X17168	X17248	X17244	X17237	X17234	X16971
01-2020-08	83287	0	470764	0	145278	7817	0	68358	0	0	4468906	21294	0	666949	390631	329738	427099	149410	105347	282887	165091	2635823	547304	0	30218	0	1322228	1796	0	0	0	0	0	0	0	0	26356	0	0	1172	406	0	0	2554	0	1569	0	0	46424	0	435183	902697	736683	31151	0	28360	9371	17838	299956	77479	48311	278140	40243	0	120	0	1987	561	551	0	0	71	67182	144119	0	1664	0	2565441	0	17900	4081	0	771	0	201	2991	0	832584	0	0	7921	0	1872	0	12908	84724	0	0	43731	127125	19877	310806	195560	35351	108710	0	77091	13627	43975	1325	4470	17226	35477	0	15674	0	22302	0	0	119477	2155	92	1052	2597	6555	10848	3660	142354	0	0	0	0	6217	2332	0	12162	0	0	39153	1021	130041	26954	11188	14476	1559	0	0	3089	0	0	432802	1265	0	3139	0	20653	7844	1741	2897	0	0	20686	202784	0	0	0	131638	83844	0	0	42783	378	12815	49934	0	14306	0	6048	353281	0	15958	0
01-2020-09	0	0	0	0	0	7035120	0	0	0	0	0	0	0	34755214	0	0	0	0	0	0	0	0	0	0	0	0	0	36576	50665	0	0	0	0	33278	13414	0	7796	25218	0	55	22043	0	0	25701	137749	32625	8163	0	7877	67541	0	66283	0	0	1231	0	0	0	329305	0	66426	0	116179	0	0	0	0	0	0	0	0	0	0	0	0	0	5272	168	0	156139	0	96639	0	0	10897	98250	0	0	0	0	0	0	0	0	0	0	871513	678503	12567	21004	0	2091741	0	4388	0	6953	410074	0	88635	0	155543	0	0	0	0	0	1167	94094	0	187519	0	82219	0	0	0	1003050	0	2688159	80438	119494	0	546920	0	5776	0	3729	0	0	0	0	0	0	0	0	0	15232	202561	2019244	22186	0	74330	0	64271	0	0	0	0	0	0	37246	2068	0	0	64020	173376	0	0	0	0	0	128424	0	0	0	0	0	0	0	0	0	0	11541
01-2020-10	0	0	111541	0	46261	0	127801	0	0	0	33789	0	0	341646	25770	0	0	0	0	0	0	0	0	0	0	0	0	497238	0	0	5915	595546	0	174	0	0	0	534897	0	82	794	3422	0	82144	0	200917	0	0	0	2135	0	82348	0	0	0	0	0	0	0	0	0	0	65591	0	0	0	0	0	0	0	0	0	0	0	0	0	0	98118	0	209	0	28060	0	0	0	1020	1118	0	0	0	0	0	0	0	0	44639	136183	78683	0	0	0	15647	909972	0	0	0	2570019	0	0	0	0	0	0	0	208043	0	0	65535	0	1706163	0	256553	0	0	0	61805	810	849393	958	173414	0	165066	0	56695	0	0	0	0	0	0	0	797046	0	0	0	0	0	0	0	0	658	0	0	0	0	0	133043	3083	0	0	0	7208	0	0	0	108607	0	111325	0	0	454536	0	0	0	0	673	24583	287930	0	221178	0	0
01-2020-12	349355	0	0	0	0	0	648022	0	0	0	20166	2936306	0	59355	4555488	581807	853300	0	0	0	0	0	252340	0	0	0	0	0	0	0	224661	151845	0	299	3763	0	0	22621	0	0	0	0	0	0	0	4910	0	0	211009	0	13045	378994	0	11391	0	22192	0	0	4814	0	2093	10589	888831	0	0	9384	0	3032	2529	705	0	20802	0	66858	0	0	36	357533	41608	113302	18129	51401	88004	23	108070	16196	0	155518	0	0	0	0	0	11546	2341	9126	0	0	0	22554	500	1426	0	13255	56084	0	750205	15256	106000	0	0	509	0	12383	6034	241759	2387	21183	0	77878	0	0	42494	165820	547228	3345	0	2378	0	0	0	152119	2774	114127	0	35234	0	0	0	833	0	0	0	0	0	0	3831	0	133699	0	219555	3839	14834	0	0	135259	18251	0	0	0	0	0	0	0	0	0	0	0	0	0	0	0	0	0	0	0	0	0	0	0	0	0
01-2020-14	82822	0	998183	133355	1076162	331398	298664	4745	160434	49987	4651627	1673883	900637	12886028	0	1783686	0	0	0	42108	0	64297	100447	3524	0	10035	0	0	57	1188059	0	118283	0	0	0	0	21797	1248	0	0	0	0	0	283677	53613	0	0	0	6521	0	0	36505	0	0	14562	0	5674	0	1895853	0	765504	0	29161	0	1493	333	0	5934	0	3276	0	0	44752	1504	0	792	7359	20004	0	92660	3103	180951	0	1285	237	107822	81112	0	8323	2129	0	11118	0	13535	5405	229813	319874	35962	4098	55335	0	1068225	155287	38726	0	7011	212124	45004	47182	0	3270	0	0	0	0	32900	1219	9029	0	114089	0	5952	39494	12288	51394	31266	12632	2185606	0	36684	12069	847614	0	160498	34236	161110	0	3513	997	0	21327	45255	0	0	844	0	0	0	827256	0	39578	23667	0	23760	9094	119628	8050	0	5056	0	3170	0	6508	0	0	0	0	6022	0	0	48618	0	3774	360	0	0	0	1514471	0	528426	551	0
01-2020-16	0	35355	1745729	58800	56529	15696	185073	229755	0	325	1258757	279245	96642	1349563	71186	296668	233977	24899	92525	300854	28326	586723	146580	102301	86171	0	0	35989	11176	97768	0	62414	0	0	383	0	2722454	6123	1156	2131	62241	0	10590	149222	172684	4435	0	0	29456	0	114425	323228	0	340705	8166	985801	7622	0	0	0	0	243402	829908	2188	986	2319	0	82321	551	21	234	0	0	64404	0	558	11	0	0	252774	19273	132799	0	0	3758	781	48897	0	0	296	808	0	4672	26823	0	16886	56684	75598	59866	534451	0	86771	316727	341032	149798	3876	0	40194	546487	0	88998	0	0	9058	180205	128931	45	0	11505	948299	0	32026	0	3225	0	1989	14540	48687	615593	4888	15283	93760	27058	13981	0	20042	0	0	0	0	0	598090	0	0	0	0	0	61154	153932	0	34813	0	0	0	0	0	137301	611	0	3474	0	0	143870	586	0	0	0	113986	0	5355	12502	0	0	4055	0	0	424	432179	807299	0	138235	40044
01-2020-19	17968	481889	123351	0	669200	170761	891992	0	0	46670	1647181	10271209	0	5823309	1222503	363053	1665487	4854	122016	80574	21593	89353	366641	111661	20358	63828	0	0	0	234440	16106	49032	0	0	428	0	0	301	0	0	0	0	0	61713	0	11043	0	0	3745	0	16490	241087	211277	2134	0	0	0	0	415784	2876	0	51797	13020	0	0	507	574	1421	0	0	0	0	5257	9329	1740	0	166	29777	0	274308	5959	82334	0	19954	25876	53239	20193	0	13428	471	7951	5299	0	0	2959	158784	1121	6552	5169	222000	0	375716	8568	0	22137	0	0	7069	105309	507	172	0	108483	6974	0	13851	611	4814	0	61284	0	0	3123	0	27436	0	7691	240183	0	440215	757208	278474	27818	4541	0	54941	0	315	4355	0	3755	32598	6824	7084	0	0	22349	94185	1330	41969	23583	0	0	3215	293	0	246680	0	0	0	0	0	125078	0	0	0	0	4789	39	0	2764	0	0	13238	0	0	0	0	0	0	0	0
01-2020-20	0	9726	1973110	233709	274881	0	129318	0	0	0	316106	763170	0	1988985	3962217	399958	203361	0	0	492515	0	0	0	0	0	0	8190	2085428	0	0	0	166994	264406	0	0	0	34488	30819	18	571	5776	11006	39604	109459	388701	88028	0	0	285778	17093	459808	535594	0	24275	55750	0	102827	3149	550350	0	0	54667	1442052	6532	0	2931	45	3795	8889	0	0	0	417046	133187	0	4124	2855	2233033	15172	357263	4146	124606	28896	23971	3618	8841	0	0	123822	0	0	0	815	0	0	123549	72670	43125	0	0	0	3123939	1054881	234454	0	0	0	4978	59380	0	60575	0	0	80034	0	240039	44488	38349	0	655746	205	1506	0	6758	34091	61998	0	98207	36846	0	0	366016	4731	39081	0	160364	0	18946	0	0	0	17567	0	71688	0	0	0	0	528636	0	380413	0	0	123779	11839	29226	453317	0	0	14139	2514	24857	0	0	1862	42958	0	0	0	0	359668	50551	0	70049	0	0	0	0	0	0	0	0
01-2020-21	0	0	342186	2604242	3490470	0	351788	0	0	0	1883164	2032477	0	2250301	1590733	728946	2244252	0	0	0	0	0	0	0	0	0	0	4545	0	0	0	289497	0	0	0	0	8677	83789	0	0	0	544	0	5142	25126	8852	0	0	6961	0	3156	277797	0	21213	8248	12628	1728	0	1639840	0	0	0	277391	0	1438	0	0	31069	60	18948	0	727	0	37119	0	0	3674	293433	0	180342	0	186383	0	0	99385	6792	71484	0	0	5195	9638	0	208	0	0	277529	637433	495704	0	0	0	197385	0	5012	0	0	0	613	0	0	45237	0	0	0	546117	7875	2074	616377	0	461203	0	131387	0	44028	219	26142	5891	107187	1828	262042	0	19919	0	6416	0	220677	0	0	0	0	84431	149100	42350	0	0	81358	0	0	133308	0	244387	0	0	0	0	0	72338	0	0	0	13448	0	286397	0	0	0	0	53005	0	5788	39232	169	0	11115	0	0	216	114345	0	365025	0	0
01-2020-22	590690	0	0	326479	870355	0	499031	0	0	0	1745982	2098340	0	618635	548132	914218	1073222	0	0	0	159072	2576585	989642	0	0	289277	34023	3131	142	292841	36760	53042	607038	0	0	1393	9539	0	0	0	0	0	3458	51324	71542	0	0	0	9871	0	74872	460829	0	26770	0	0	0	1309	4307864	272370	31596	128016	396208	0	1843	0	0	13364	0	4285	15132	0	37798	4336	0	0	0	24180	0	370431	0	269825	16787	0	182231	48742	41864	0	1717	0	4816	0	49626	0	22639	2487	170	20007	0	97208	0	457878	72800	212661	0	0	0	0	23440	0	36631	0	104576	36303	2500	9225	6223	145567	0	2820	2315	0	239363	0	295343	16523	33247	437324	0	91556	40155	72880	31435	1401	23593	15719	0	0	0	0	73432	3430	4752	13101	23406	0	887521	179203	31783	0	85103	0	66947	16969	12361	0	8510	0	10680	4250	8989	36471	103462	0	141	19680	0	5244	0	0	11633	1190	1016	27039	0	0	0	898928	271823	1222218	0	665
01-2020-24	23545	0	0	0	1463	0	21862	2502	11724	13761	19439	0	0	220683	0	21120	0	0	1909	14668	3990	2526	23409	3088	0	2066	0	46272	0	0	6500	5143	475	4282	57175	2012	556555	64095	3642	1579	2916	23915	3147	14430	67935	604	0	63644	70138	8094	141058	470602	1364498	2340	31328	8973	0	0	55282	0	97960	5213	11660	0	0	0	0	0	2085	0	0	0	23919	902246	0	0	164	395548	0	779	0	0	0	0	0	0	289085	3793	0	0	1442	0	0	1427	0	25350	22085	0	45182	2457804	204318	853921	1485771	183118	12292	0	183699	1635	99188	0	0	89050	180836	195573	361630	0	4513	0	0	281673	3283	11789	0	0	35796	4768	0	12008	0	0	0	0	0	0	0	160945	4591	0	0	0	923003	189078	133237	5257	1421	16355	6296	19457	52923	37836	296294	47771	31869	5331	13394	59455	104258	2429	5015	0	21672	0	118160	0	0	0	0	40987	6795	11825	1989	24570	7493	62581	343	0	14343	0	0	0	3197	3959
01-2020-27	201785	0	796588	0	4293490	0	316425	21059	30680	0	342490	737132	0	3212302	0	2244705	0	0	208997	2465	409080	1016168	766836	0	0	0	0	1858	75	0	0	56977	2339	70498	0	0	0	291	0	0	0	109	1729	294887	0	0	5135	3212	5959	1821	22276	81184	0	7596	423	0	2411	0	113681	1105	207177	265658	74112	0	0	0	0	3454	0	606	3831	0	0	0	0	29	45380	153249	0	89290	9628	594330	0	0	13140	138678	0	0	62650	13690	0	0	15298	0	1745	143666	7623	56930	1172	11882	142	31982	9414	23918	0	0	44216	81924	38279	0	26223	174	36830	34	4383	104901	3503	0	9034	196700	0	0	0	681398	0	997141	165989	3317394	0	2485	0	4939038	0	74709	0	135066	4173	0	0	0	0	0	170725	546068	0	0	0	677	0	0	37438	0	0	589742	0	40484	123899	0	2278	2684	4365	0	0	0	7076	0	0	25586	2406	27604	22414	0	561	14262	0	0	0	327536	5516	66326	0	242
01-2020-28	191469	489922	327257	119398	15619	196129	104242	0	0	116831	972378	126785	3208572	5636533	890021	455965	3990677	51272	128649	62467	95689	132977	358260	1527	3703	0	0	9643	0	445427	5927	3393	0	2113	0	0	391	255201	0	0	0	0	433	2174	0	20376	0	0	13630	0	0	477918	0	44751	1645	0	0	0	0	0	18976	68467	8585	0	0	0	0	747	0	2675	0	0	0	5861	0	0	0	5155	0	206774	6123	50366	0	0	104899	7655	27097	0	5473	487	63569	0	64	0	16819	16656	21895	381140	0	35325	0	275450	111453	285784	23733	0	0	1583	12449	1114	0	0	378838	0	1204	0	0	14875	0	322429	0	48151	0	15506	39070	0	21368	1218995	388992	647175	4205037	406	329999	570	0	130223	0	0	0	0	113385	11803	0	0	174480	90100	0	0	484579	19155	87688	237377	0	9377	0	0	0	0	0	0	0	0	0	0	0	0	27373	7283	0	0	0	0	0	0	0	0	0	0	0	0	0	3385
01-2020-29	0	0	0	0	1479783	0	0	0	1920399	0	1184037	1126127	0	2975382	0	0	747825	0	1930396	339861	1034255	3439945	1369617	0	8085	146855	0	234129	2657	0	182176	154020	8312	0	3015	8264	428653	2673	1247	19523	57051	1411	5143	44994	340	259	1383	5956	459957	11487	152152	391575	839419	19771	691	0	1095	2475	1430922	87987	83224	1336472	64424	651	147	0	0	58498	551	4360	10490	5903	0	609735	503519	0	225	647982	34694	90577	0	242508	558	210020	5873	21445	117239	0	15591	80	7716	0	10833	960	143242	27525	0	0	38468	190392	28202	565117	166520	228960	5052	0	110907	5069	180193	314	5707	3220	97234	26356	80782	48324	3952	6740	0	450474	0	0	29231	0	0	19515	14736	28485	0	3117	0	228328	18558	16128	35105	99464	3697	603	53378	1707	85387	16922	30797	7250	6153	0	76445	14573	407864	0	46595	0	16228	7858	80592	32659	0	713	0	19762	48049	0	0	6770	53	79743	0	40560	114	5001	37708	0	0	0	0	0	0	89861	18186	0	0	0
01-2020-41	0	0	919870	289110	863149	0	586242	0	261330	1144179	3049340	3852553	0	5060931	0	1287277	899126	0	483094	0	0	0	1476986	212335	0	0	119770	1021155	0	0	0	121506	0	0	6343	2352	27906	2928	5358	81	33921	0	0	16540	25780	2092	1073	0	107506	0	163393	279602	130697	17059	3620	32728	0	0	257439	0	0	0	209456	0	0	0	7886	43477	2236	12642	0	1063	0	259736	0	1885	1936	151171	201146	208568	1428	14511	33244	1176	30946	151496	0	0	0	2597	31233	25881	277	0	13578	33686	0	52193	0	9355	0	464733	200483	151872	16754	0	0	3060	344819	0	4962	0	147195	0	0	193483	1552	138142	194924	132748	468	8121	0	26469	11223	0	1833	54066	167	0	30891	17718	49513	1203	0	82798	16979	25918	0	0	82552	7207	0	9454	36712	34562	31742	112313	817878	0	54249	0	0	86296	0	16102	58099	382	0	0	0	0	193341	7485	5278	0	890	0	0	0	12862	0	0	12426	154	1012	0	80515	0	0	16160	12453
01-2020-42	387358	0	751639	0	460585	0	535408	12756	21170	0	3510168	0	0	0	0	0	129237	0	294609	0	374228	30517	759788	0	0	0	62338	0	2039	0	29678	0	0	0	0	124170	94400	86638	16536	36306	56236	0	0	0	0	0	0	4260	840730	15011	1463054	587083	248654	2789	9609	9341	0	191	833883	83517	481963	75905	7711	280	0	0	2139	0	0	1066	219	0	0	360269	14049	0	0	2278391	140493	13603	0	0	8933	1658	3269	14805	72481	11943	34953	0	186177	11306	3885	0	418878	273772	0	0	47334	63360	0	112389	132232	375835	0	0	49637	3845	354077	242	0	10048	253103	51402	64220	0	0	0	51437	42939	0	0	1530	0	0	0	1349	1137	0	0	34358	1992	45491	0	48921	250319	0	16972	90515	164	188114	23211	0	88284	54098	48504	0	0	520657	0	516273	54446	3368	33595	33572	0	0	724	61798	10444	5828	0	0	2252	37402	231689	771	11030	38	143781	9893	16886	1162	9864	0	4990	0	0	0	4420	127211	5115
01-2020-44	0	0	0	1052065	401502	0	504779	227484	0	3836	3474289	4780055	0	2127619	1528018	181611	354972	0	594553	0	0	845039	1131545	0	4543	0	47580	375236	0	0	0	70825	79909	0	5214	0	33163	6155	0	371	4428	0	0	26358	84097	4080	0	0	37212	0	336781	174272	325333	32441	7460	0	0	4997	1650505	1026	343533	26805	60930	433	1470	0	30	37371	399	16007	0	0	0	160352	605269	0	0	263584	439707	143995	11015	79004	6484	3593	12262	13001	73919	81298	0	2769	30683	0	1145	0	37739	148374	0	57	375	720045	21441	768423	569994	393457	0	0	131682	0	125812	13206	474	0	215872	31793	85763	7495	2894	62497	0	219088	0	40920	30979	0	8072	35897	1055	75791	7902	4161	0	10730	0	2650	92477	70920	58056	0	0	473	143884	128052	0	8043	0	141298	186892	0	884	0	45305	17872	751362	388671	2347	0	3265	0	0	0	0	0	0	1098	17574	46610	5044	0	0	9808	14072	0	1882	17067	0	0	0	104550	0	5588	0	0
01-2020-46	479034	0	1553959	0	239688	0	0	0	6006	0	0	0	0	5332081	1047306	0	3031105	0	0	0	1801660	0	0	444956	0	0	2231127	34284	4230	0	0	0	0	0	0	0	96321	9793	0	0	25054	5321	0	39387	5627	3404	2300	0	11779	2558	277189	66480	485082	25222	4781	0	0	2626	783800	0	146129	0	558996	751	0	2677	0	42407	417	2381	8355	0	0	0	711293	0	0	300755	0	128033	37613	187517	0	380736	19102	0	0	0	0	0	0	0	0	1544	29704	214279	14292	37483	0	0	0	154527	178744	72129	0	9132	21364	0	177760	0	13372	0	0	73203	0	0	54001	74862	0	0	0	2362	24227	0	30918	17070	14530	264416	3130	1065	34297	41349	0	6997	4065	67902	0	31223	0	0	445193	224486	156215	194987	389	11890	45337	13266	430598	0	84710	0	0	3379	1690	0	0	0	5356	22745	25468	12056	0	0	0	42152	436	20684	10052	0	1044	0	3528	23442	0	274	0	44981	155336	0	0	0
01-2020-49	350385	48892	41730	112575	40124	35014	0	0	0	55678	248217	0	309825	665689	102337	158639	107817	102785	61348	215733	1849	214847	921649	147150	17406	76327	448410	8022	2166	76073	3028	40691	33487	29082	10632	152	1464	95959	1132	16765	164619	73007	0	0	0	0	0	0	40733	41321	593313	919176	0	4087	0	31795	573	4801	441474	68076	2561	218531	35527	0	0	0	1085	0	1443	299	1716	0	241140	538017	4311	27	0	978996	178486	35403	834	0	51	1993	5827	22282	0	188909	0	0	341	0	2471	0	153613	18616	0	0	17379	276267	4798	589389	253360	20624	0	0	121549	3412	188067	772	0	10004	165812	11809	159971	0	0	0	24279	191825	108	0	0	0	0	0	0	0	0	0	1519	0	9003	0	1392	4900	0	12439	91706	0	140352	4123	0	146037	1372	6132	114120	49336	231115	92707	146133	93973	55424	49916	105799	0	0	0	3675	0	8768	0	65766	3388	859	0	0	11920	5615	0	249	0	1711	396	0	0	2889	0	0	0	17668	1445
01-2020-50	0	0	1354755	171383	43337	0	752847	152823	0	477363	2772327	23706	79539	2420691	492526	1001689	1232295	0	196400	62252	404370	518025	771415	378246	296251	82583	0	1343566	0	0	89628	84819	0	0	14756	836	529968	75446	3249	0	46583	0	7425	50229	0	0	3723	0	64752	1011	43335	1047096	0	56453	4198	22688	0	17157	606323	17461	10677	1018494	17480	176	0	0	5299	15829	3701	1170	16081	3966	18154	181061	195438	1293	0	1295106	169492	223632	11041	11262	997	7992	19266	86451	128704	185154	0	80	10878	22541	2649	0	1520	51946	0	0	20569	306460	94759	568661	248898	176266	49367	0	215625	5198	71358	7449	1471	5399	48016	56691	89282	0	0	531	94106	146904	1852	0	4281	4585	324	0	0	21289	0	0	12353	218646	26619	0	2682	35718	7868	5484	62333	10722	232660	65993	51480	17404	17785	5181	18341	55157	804086	0	129777	15774	2256	11579	0	270408	2116	679	354	0	0	25003	207466	0	743	0	0	118404	7456	26381	27199	0	864	25376	8164	2815	2504	43307	124806	0	40946	7169
01-2020-52	162868	0	133928	120080	757230	642218	56150	0	44541	0	1685334	3156891	0	5215268	2860915	66363	743974	4744	34179	41912	0	275432	0	3236	0	0	0	32655	44000	503059	0	7906	0	0	0	0	81004	0	0	2133	3291	0	0	0	0	7803	0	0	11185	0	0	11236	0	0	0	0	0	0	965311	777033	408423	275879	15004	0	0	0	0	0	0	0	25277	0	0	384	0	0	0	183826	0	19995	2265	67659	0	0	300	24330	0	0	0	0	79216	0	0	0	69582	0	0	2269	127	13849	0	1155450	28276	139552	0	0	56593	1175	322492	13935	0	12414	186331	45240	41979	0	0	66592	0	38436	0	5916	0	391	0	9327	5310	4261	8664	0	0	0	0	19310	270096	75136	161188	0	17733	0	120241	155372	1207564	0	573	43712	634797	1242704	183719	0	81749	0	23461	20642	0	0	0	0	9320	0	0	0	20847	7431	31032	0	0	14348	0	0	12455	0	0	0	0	0	0	111543	0	31864	91911	0
01-2020-58	139492	0	58978	0	1733	0	0	0	0	0	11920	195486	1254626	1896754	489992	105118	373737	294	9551	9148	556	2255	103731	1340	5401	1856	3436	78996	0	305294	39351	0	0	0	0	0	0	67126	0	0	0	551	0	0	0	0	0	1179	20258	0	2559	22718	0	16879	0	0	0	0	54775	0	8078	53889	2089	0	0	0	0	0	0	579	5660	0	0	1422	0	0	0	36745	39052	20688	817	122566	0	24	0	554	6836	5070	0	0	6008	0	0	0	839	0	0	0	206	30522	356	218095	130194	36380	159	0	45554	0	42457	2516	0	5869	117515	71867	137265	0	0	0	0	158661	0	0	0	0	0	0	0	0	0	0	455200	0	206040	0	2593	13110	0	0	0	0	23900	328	0	0	0	2101	2993	0	22662	4729	21863	28830	18923	4914	172	0	0	0	0	0	1659	0	0	0	0	0	14865	93253	0	0	0	0	0	0	0	0	0	16451	436255	26071	0	0
02-2020-49	0	0	823570	786898	1947766	0	481146	415947	3500	0	4472547	0	0	5282177	0	333100	1907941	0	0	0	593897	0	1271185	0	0	0	0	139967	444	0	74613	125870	65143	41921	13307	0	37127	92450	3958	29800	2444	4433	0	213897	445529	0	0	0	28599	0	599542	3082101	0	11952	222	29000	498	0	178745	0	0	0	51431	0	0	0	337	29953	0	254	0	468	0	4557	0	184	2517	94742	0	292184	34264	813836	0	57426	15150	40806	0	0	0	7382	0	680	0	1279	0	44331	253652	2815349	0	5367	0	294369	4624	164636	0	68	0	399	0	0	46813	0	0	0	0	52133	13851	0	0	908518	0	0	19937	0	222569	0	0	13228	401665	10449	0	37392	0	98022	0	10520	151	0	0	3990	11130	16158	0	40804	348	14084	0	7563	112	219	83453	0	3814	4223	0	3420	411500	2394	0	2946	0	399872	0	826	3343	58528	0	29086	0	0	107065	7758	0	35358	829	6439	0	186968	0	0	51474	1404
01.2020.030	0	0	95769	155931	374413	0	102704	237811	72585	0	279457	0	0	2658817	0	0	373049	0	70335	25046	68296	263638	0	12530	0	0	9311	0	4055	0	44729	7965	109372	583250	2493	0	58899	33363	0	0	5412	0	0	241498	28643	0	580	2215	7159	0	14830	53079	38204	0	0	0	0	0	243698	5719	1716	41063	10822	0	0	0	0	0	0	0	0	0	0	4451	69129	0	18954	16392	7874	2033	0	39399	0	60741	8064	1968	1405	8642	13495	0	0	0	0	0	0	6582	0	0	741	13558	0	64261	24478	6904	8135	4415	0	3800	19156	0	7363	0	0	0	5564	35268	0	0	3117	47057	0	1045	110969	72110	692080	83812	417626	881254	10462	260925	0	2871720	0	43288	7523	17602	0	0	0	0	6223	6989	0	9549	0	671	2045	0	10249	1707	7780	0	0	0	3346	2870	267449	0	0	8068	2916	0	28844	497	0	0	0	0	0	0	236	0	0	0	0	0	0	30720	0	18446	0	1025
01.2020.090	332453	201386	0	55387	234671	11545	14598	0	0	0	116656	47463	2211395	1297929	11858	1326111	537518	140232	94701	138143	0	16009	345481	11423	17971	7553	0	4895	0	32683	1332	114440	0	317769	31079	14760	373220	8636	1534	1846	16493	4692	0	1313	0	1643	0	0	21092	0	118784	132858	0	24636	0	0	0	219	643010	153134	1321223	1933588	13626	0	0	2642	0	0	0	0	0	0	0	2175	0	5547	5445	202375	0	0	0	0	0	0	0	0	0	0	0	0	0	0	8528	1276	0	0	0	8041	37970	297916	0	3732897	0	93924	3185	412	990189	19580	1113257	0	0	50547	1446136	738167	247630	12252	0	0	0	0	413	0	642	0	0	0	25593	226	0	0	15525	0	101703	0	0	4458	0	0	34124	1026	1332416	251612	181	0	0	0	4266	1445	2052681	616	91227	6277	0	0	12119	725	0	0	33623	0	251416	0	194285	0	0	238302	0	450547	68493	2876	5032	22237	3266	31050	2307	5139	0	1605091	6158281	0	0	7813
01.2020.108	0	0	0	0	0	0	0	0	0	0	0	0	0	0	0	0	17425031	0	0	0	0	0	0	0	0	0	0	2191	39	0	0	0	910695	0	33141	0	166060	33123	0	0	0	8664	0	277867	1324	21730	0	0	2632	0	0	39178	0	0	17	0	0	0	1146781	0	0	0	184	0	0	0	0	0	0	0	0	0	0	0	0	0	0	0	0	0	0	6103	0	0	0	0	0	0	0	0	0	0	0	0	0	462795	0	0	0	0	0	0	0	0	0	0	0	26296	0	0	5048	0	0	0	0	645263	0	40389	0	4318	0	0	156341	261276	623648	71450	611992	2487596	0	5942	0	1240630	0	1145386	0	0	0	0	0	0	0	0	0	0	0	0	0	0	0	0	0	0	0	0	0	0	0	0	0	266519	0	0	0	0	0	0	0	0	0	0	0	0	0	0	0	0	354	614086	0	0	0	26
01.2020.64	0	0	601701	0	505491	0	422787	0	0	1143280	3659556	0	0	5157865	0	411055	323395	0	82597	129764	181789	175864	513647	54551	0	50175	565809	13029	0	0	56391	66092	0	59	1319	426	877298	226271	5379	0	71951	3775	385	3301	0	0	9433	95780	120969	9220	166394	545589	222023	2113	10425	817	0	6487	770884	138107	255715	789777	29567	415	0	0	4409	0	1440	862	0	622	150262	581239	175948	1201	0	283072	0	9737	4138	0	1844	0	141	41527	0	204818	0	0	3807	16472	8550	387	271992	5077	422	0	40275	101173	0	185150	61750	577883	15057	5373	239664	3124	973092	0	2333	0	0	49865	87239	29709	10646	0	268564	52657	1069	0	0	3684	383	0	6083	8072	0	0	41513	11141	20045	6520	4622	24133	99122	209869	204277	11863	381674	44744	202711	226588	11675	10099	9845	123294	666990	0	379862	13422	5033	45906	4941	846	1994	0	0	4254	9151	0	0	287	0	0	0	20928	0	12351	8245	9897	5530	20895	377	0	0	162688	0	0	0	1236
GBM.BM.265	0	255976	0	0	236919	613016	256380	816	0	0	571501	88591	649709	2782518	428380	320775	305800	0	145407	27366	13440	0	346435	0	0	0	0	725705	8197	123431	0	1464	0	0	0	0	0	111986	0	0	480	0	0	10094	0	0	0	0	8161	39926	478	19167	0	30879	3119	0	297	653	356232	16097	4725	19637	3798	0	1214	0	0	46	0	4838	27867	0	2194	1620	0	0	0	49512	0	33562	3107	13272	0	1833	76956	18577	22519	0	43924	451	35655	0	0	0	43235	52823	6502	8468	1827	60821	0	147583	0	157883	3022	0	0	0	0	0	5431	53190	0	68863	0	52881	0	2892	338	4692	0	1848	6855	15309	0	0	521	23012	0	54979	46768	0	1080	0	297	174872	0	0	0	0	30641	41285	0	8634	0	10707	34039	446275	6584	0	26782	0	0	38386	12363	0	8761	0	7260	96096	40963	0	0	0	16867	147	49451	0	0	0	2956	0	0	1593	0	0	0	152	0	0	0	265
GBM.BM.279	0	0	0	0	5120338	0	0	0	4179781	1154847	789419	0	0	6237186	0	0	0	0	86004	74938	152322	582863	0	22608	0	0	179334	74609	0	0	218499	43818	0	234949	598	0	66430	155818	0	0	13739	0	1116	736	11635	0	5550	81227	3614	13838	9335	182532	194736	25043	11243	0	0	3086	256245	0	0	0	93433	0	133	0	448	3801	0	342	0	1762	5489	4122	66452	252	36	130137	0	79822	15349	117802	6134	4237	15577	58899	22706	3688	0	0	0	0	204	0	0	92731	42281	533280	0	28626	0	1147997	433629	135658	0	0	26644	7042	195646	0	2067	0	136743	38267	133511	8621	1594	47372	0	112868	0	2121	0	6147	12284	2613	4798	126241	0	130697	0	3180	47909	16796	0	141151	0	0	0	0	156224	230935	0	3280	7837	15395	53925	0	1541856	0	193349	13338	41741	965	3930	0	164241	0	31442	8281	374	0	269663	0	0	0	0	0	0	1525	24744	0	0	30897	153	0	0	41738	353	0	0	0
GBM.BM.281	0	186721	1464760	434285	309183	30884	489095	73142	0	2791812	124992	839735	17817	1937711	322116	0	1423578	48737	77428	3938	44023	313786	197969	0	0	0	0	0	0	54342	653	50713	0	0	0	0	223112	0	0	0	14237	0	798	22185	0	44386	3602	39875	1570	0	6453	52934	0	0	189	0	0	0	430351	0	0	0	44143	0	0	71	0	8321	0	1642	5649	0	0	595	0	0	10405	0	44906	98372	2357	34477	0	2351	12442	16600	20859	0	87831	0	0	0	0	29	0	80497	43893	103777	0	241125	0	1008688	27222	12013	0	4023	0	0	113234	0	32483	0	0	18106	0	58198	16460	19540	0	334316	0	95396	54509	17076	9679	48123	16584	51571	43471	29343	0	33012	0	48770	40138	135461	0	0	0	0	122533	0	3702	0	0	156351	162980	0	0	205564	414	27945	0	0	0	103277	0	0	8016	331	0	6257	65231	0	0	0	0	0	3513	0	9523	3067	0	5584	1165	1696	0	85111	0	61996	0	1601
GBM.BM.282	1953	0	0	0	263690	0	8545	0	19323	0	10564	1702	0	15101	0	0	19344	0	0	29	3931	0	3517	0	0	0	0	5088	1020	17091	0	0	161910	0	0	0	5702	0	0	0	0	0	0	659000	0	5923	7672	0	0	0	344	45887	2590	0	0	0	0	0	6343084	6796	0	501389	0	0	0	0	0	0	0	0	0	0	235	773	0	0	6309	241	0	26680	0	1482	0	878	4537	125623	0	0	0	0	1131	12215	0	0	0	182931	0	0	970	115175	0	1290	11351	62978	0	0	37520	7655	638812	209062	622	0	6533	0	0	129740	0	0	0	3078	0	0	0	799727	526900	16776	490082	1469755	2733	163344	165557	1050342	0	0	78	123320	0	0	0	0	0	925	0	106715	0	0	0	0	1293	0	92931	0	0	0	0	1950	7121	0	0	107223	0	33202	3621	5846	3477	0	932	365	0	0	0	0	0	0	0	942	0	1821560	6632	0	0	4493
GBM.BM.284	0	0	214517	1915389	362032	0	989819	0	3907671	204597	602469	0	0	0	0	1442243	362719	0	43098	0	0	0	0	0	0	0	0	0	13386	0	0	0	0	0	0	0	1236	1493	0	286	446	282	0	4872	0	25434	0	0	2389	2283	0	22006	0	354	1875	0	0	0	688903	0	0	0	5128	0	0	0	0	0	0	1084	10429	0	0	0	110265	310	0	5212	0	7712	0	45069	0	0	34	0	0	0	1072	0	0	0	0	0	190546	210130	13923	10149	0	0	0	982463	0	0	0	0	0	0	13498	0	2235	11502	0	35290	0	53311	342	287102	93217	31480	0	15269	2175	5658	921	67594	4959	51403	961	51675	0	2751	0	21609	9929	15135	11154	0	0	0	92402	243059	295951	0	27535	144834	0	0	0	379	90284	0	0	717159	0	823	0	0	0	1131	0	0	0	0	2358	34577	2436	0	0	0	2347	0	0	1337	0	0	451	4870	0	30401	0	0
GBM.BM.291	0	0	0	12425106	2898	56293	105182	0	0	0	2107	51887	0	17506	0	51341	965858	0	0	0	0	0	0	0	0	0	0	0	0	0	0	0	0	57369	0	0	0	6021	0	0	0	0	0	0	0	0	0	0	0	0	0	0	0	0	0	0	0	0	0	0	0	0	0	0	0	0	0	0	0	0	0	0	0	0	0	0	0	0	0	0	0	0	0	0	0	0	0	0	0	0	0	0	0	0	0	0	0	0	0	0	0	0	0	0	0	0	0	0	0	0	0	0	0	0	0	0	0	0	0	0	0	0	0	0	0	0	0	0	0	0	0	0	0	0	0	0	0	0	0	0	0	0	0	0	0	0	0	0	0	0	0	0	0	0	0	0	0	0	0	0	0	0	0	0	0	0	0	0	0	0	0	0	0	0	0	0	0	0	0	0	0	27
GBM.BM.295	0	17196	88768	40026	57388	0	29590	0	28812	16105	30028	0	0	89234	0	5102902	4563568	53439	46767	13681	79930	85593	136289	0	0	0	0	428556	15253	0	64101	0	1298795	260074	0	0	25470	7195	0	626	0	0	0	40732	1095	2636	0	0	58796	0	178	117603	0	0	0	0	0	0	291367	100751	59295	38492	4040	0	0	0	0	0	0	0	0	0	0	638	1149	0	0	7402	0	34358	1514	89619	0	0	20148	22294	263	0	271370	0	0	0	0	0	3087	0	0	0	10308	21685	0	243912	971	37984	0	0	0	0	37326	0	0	39566	265863	887	0	0	0	102204	20790	17730	0	0	810141	0	205480	41206	190130	1342642	18017	36984	635373	1930962	1134	142591	538738	3757	0	0	0	0	5566	3979	0	31896	0	1157	0	0	0	696	102275	4010	11716	3678	0	1788	28556	0	830	25695	0	0	60104	17213	349	0	0	0	0	0	17133	0	0	0	0	0	0	106341	0	694187	2104	4463
GBM.BM.305	45693	366983	145531	0	337410	0	582255	0	0	124978	1668111	94819	7841667	1812309	808485	818369	669570	0	190127	190041	5384	296318	1321218	412663	306234	0	0	9985	1397	0	25483	297185	0	0	1363	103	74277	98047	0	421	1807	28741	779	0	0	0	0	80990	1306475	0	387672	394832	0	3079	3413	0	11345	10653	2441126	311513	54161	1737068	93093	2985	492	417	6004	99273	2219	12452	16605	1354	122534	14590	394561	0	1453	791282	250597	186700	14693	49697	0	3240	5028	13601	146173	8555	0	22240	1010361	756	13827	367	315761	61028	0	32000	31852	158154	7856	441901	0	700324	62684	2789	0	82977	671612	20002	1394	50173	471598	180370	220265	0	247	4943	0	795966	109	2435	2477	2227	5495	10064	12469	16629	0	0	154946	405125	287624	4887	14746	122988	0	31853	513840	15147	247390	405229	0	965375	239105	26952	13856	111611	838932	93584	348860	322742	6020	1480	53994	8833	100	706	6802	0	0	0	158466	0	6172	0	404	8797	29158	0	11848	0	0	73183	165	0	8171	394926	119858	27357	0	0
GBM.BM.308	0	0	0	0	0	0	37024	0	0	0	8136	0	0	0	0	27434	0	0	0	0	0	0	0	0	0	0	7350030	814436	0	0	0	0	0	0	120966	0	45347	343214	0	0	11175	9770	0	56767	556485	143260	13077	0	2242	0	2273	264579	0	1071	2957	0	11422	0	0	0	0	130333	90286	10	0	315	0	698	0	0	0	0	0	243916	0	0	1972	0	0	1269	0	2127	0	0	0	0	81828	0	0	0	0	0	0	0	0	190311	309365	142114	0	0	0	9047864	0	463849	0	101635	323614	0	178453	0	512322	0	0	0	0	182972	53314	1004225	0	439035	0	20411	0	0	0	89933	14514	120942	194867	7967	0	78288	0	58186	0	39789	0	0	0	0	0	0	0	0	0	0	646	0	2109	0	304883	0	0	0	36201	0	17017	1878	0	185186	324	0	0	0	0	104320	0	0	0	0	1653032	54667	0	0	1004	616	8472	177257	6920586	0	0	0
GBM.BM.Kit.259	145762	0	831290	5003	2632998	108233	307315	0	39290	0	2810380	312020	0	1704175	0	1260529	1249639	0	191086	142289	0	4217138	783377	781638	0	254868	44170	6542	0	69012	24284	195875	0	0	11327	0	2564	3806	0	0	0	0	12907	1212	0	0	2260	17380	285641	0	844308	1451499	0	21196	0	6750	27651	5152	334629	35133	93542	195745	90996	207	0	1430	2208	16611	1921	4130	3096	3020	1660531	39075	558024	0	201	1901452	91241	0	0	0	1771	24929	258	97440	51174	0	3346	0	30816	73723	23417	0	940927	53569	1613	1380	0	725142	4202	608343	384387	601276	88124	0	0	26463	406914	0	0	18840	260064	56294	149141	3337	4233	189	3083	229311	0	1185	66784	30695	8432	3837	86559	285490	14882	0	2371	178480	175618	0	4568	103554	64189	15590	73328	0	477705	66343	8038	174723	133646	16137	159582	302734	328095	50152	509218	63643	98810	163051	30887	0	405	0	18417	0	82691	29363	0	0	0	0	0	138362	16303	30608	1517	6150	1381	11907	0	964	873	173048	759980	10273	0	610
