feature	X1524	X1525	X1522	X1520	X1568	X1552	X1545	X1543	X1540	X1542	X1564	X1561	X3323	X1536	X1457	X1458	X1528	X1411	X1469	X1468	X2036	X2043	X2048	X1341	X2532	X2492	X2502	X2497	X2483	X2480	X2479	X9712	X9649	X9418	X9416	X13165	X9434	X9422	X9467	X9450	X9463	X9447	X19351	X19300	X5989	X6001	X6055	X8007	X8095	X8163	X8130	X8047	X8053	X8028	X8026	X8071	X8059	X8249	X8255	X8235	X8236	X6833	X6602	X7298	X4482	X4481	X4494	X5266	X5265	X4799	X5286	X5285	X5273	X3934	X3922	X749	X6936	X6956	X6952	X6939	X5870	X5868	X5825	X5884	X5880	X5898	X19882	X19831	X19850	X19800	X14348	X969	X985	X17008	X17007	X16955	X15897	X17130	X15888	X15887	X15878	X15875	X15872	X15877	X17167	X17168	X17153	X17154	X17151	X17132	X17137	X15892	X17234	X17300	X16971	X16988	X16987
02-2020-08-SL	2517.48687566024	19376.5606313368	6388.08082036678	16365.3497566347	8179.30474863107	325736.514698882	0	25680.3882095462	2215.86026873709	6816.08729052589	44740.1566503715	8610.68134847646	0	36385.6051580533	2318.649224169	2497.26609754249	2888.20114115238	3294.30176835058	0	0	1398.60381981125	0	22689.398112962	0	3700.40239554879	169015.373897238	29495.375014429	110209.981001126	107245.951942032	4997.90232477127	14624.6777736648	27082.3621590438	0	5131.02244737981	4709.75623659329	509683.248171238	4885.00298028048	940.266182475512	26630.7647810806	178421.405851679	26142.0959765683	37.0714265492137	1991.74664459866	913.305144985175	0	529.110360747869	0	0	5501.73671287195	0	1833.35054934293	2109.70118361889	596.512954473712	0	0	0	0	20630.2488746374	67282.9541219798	2721.37972168092	277808.215365278	0	0	0	1024.51942463282	11719.625984081	42062.5886146124	2426.49337413035	5026.54842710475	0	0	0	0	3697.0322658625	0	3272.39592538968	11419.684442001	304186.220419887	124866.675006811	75534.7166588661	0	0	0	1329.51616124226	0	4598.54195694565	3836.89264784362	577.977241199105	0	906.56488561259	19794.456712437	0	219.05842960899	1703.60055642069	3319.57774099777	0	3023.00632860406	0	69444.8923157362	0	9003.3014569295	15901.9569247695	0	9495.34039112815	343.7532280018	0	0	0	4167.16535710025	117.954539020226	0	1487.91225649799	4507.54845541576	0	177546.857198087	14216.8920816235	252016.612876084
02-2020-10-SL	0	59328.0823649185	0	0	28279.1101059332	389454.085160107	1404.63902198756	15132.118851667	0	0	799.067606895985	26731.140571498	4242.58316845222	0	0	0	22527.9732939689	0	0	0	0	0	0	13953.2253867846	0	0	0	0	0	0	0	0	34496.0710833527	0	0	0	0	0	0	0	0	0	0	0	0	6127.37940713961	0	0	0	55235.9962345363	0	652.153831637082	0	0	7850.92881932333	123704.982030808	0	0	4346.49778997681	0	0	0	0	0	0	0	0	0	0	0	0	0	0	0	0	0	36749.9433915929	0	551585.977578146	31912.5385964827	9004.7394445274	0	1150.22736239287	0	0	0	0	0	0	189.912928993216	4296.33211062011	917.315279665346	799.067606895985	0	0	0	0	3203.43695320632	0	0	19553.8651606789	0	0	1497.80385507857	0	0	0	3690.76069552854	0	0	41444.0176742554	0	68454.6527450264	0	557476.861639747	360752.150042453	0
02-2020-13-SL	0	5401.1406934474	22477.0441628354	0	6518.19166871393	48732.5510341369	0	57846.2030869572	0	880.725307682468	105872.525091221	197.854047279681	0	470399.37139388	3478.93366466772	5440.98630019122	0	0	152718.592744004	8511.8459923446	1990.90635075179	70989.7573666616	15953.3565483637	0	3619.08028149083	124260.585610276	215.71587099243	4278.5937724231	1830.14993733705	5763.87311346014	7526.69771526452	293657.999742669	0	0	0	24002.1691106163	931.56280594183	917.822941547408	3570.99075611035	17371.3105538681	0	5082.3758394968	1889.23135423306	0	17808.2382416107	2258.83370644302	0	0	88501.2145373528	3494.04751550158	0	54653.0586016935	0	0	0	3682.28365770517	146663.434505382	0	4318.43937916692	14894.0130035537	0	1608.93812058685	9598.6692659434	12405.7235617239	0	0	6607.50078727767	11718.7303420028	0	11496.1445388131	4303.32552833306	284.415192964541	12036.1212095139	0	9905.06824193902	15546.6565622888	875.229361924699	396143.648260665	2385.24045887171	207095.480071369	0	4802.08260585059	0	71.4472948509958	0	0	0	0	0	0	0	1128.04286678207	70.0733084115536	1746.33676453107	377.846270846613	0	501.505050396413	3925.47925748644	0	0	6112.86566907847	0	0	0	0	7594.02305079719	43068.9789307561	0	0	0	990.644222837846	0	0	0	53966.0653819724	7187.32306472229	0
02-2020-16-SL	23722.5551813468	6156.09369907415	70938.6675111293	33151.7543149947	20958.1685039242	112309.735587192	111422.834410869	729808.525746607	26929.2735640343	73485.2449846103	150832.873729527	4397.95570698427	0	29227.4590343902	0	40580.3908288781	983.87102739353	1732.03072449414	0	560.187370411328	0	5228.91273845993	44415.9213996571	0	0	0	234173.985192492	34775.6263594494	0	0	0	2584.6194919777	0	0	1097.99708288345	16355.0842658306	294.639162866144	0	104430.5622268	73933.5440653256	0	0	21034.2525409175	2265.36490537843	0	0	631.049953885464	98463.9326982776	999.535387950971	0	0	1354.59422725296	0	0	0	18196.0195922955	0	2238.51171585139	14076.2927656886	32223.8274324492	0	3872.82666734436	5498.19055566165	0	36493.4845672487	0	0	0	11590.1349686434	31099.72308197	0	201.398921452808	23334.6757770673	43689.3934385644	7285.41950307249	4064.52860369018	139248.706136334	27149.3205337698	213725.281367651	177052.029614957	0	69666.8706182514	1216.59866996122	60465.9235955833	12885.8013633231	3551.33431495117	426.667344707429	602.704920495809	2598.04608674122	0	0	14476.8528428003	5333.34180884287	1332.21656931376	3696.78909155598	0	29784.6627170763	45346.8319699279	17966.275637453	57891.7470106439	3378.28042688802	822.005968299977	41162.9558572286	29111.0952131064	0	0	82281.1563985789	0	23977.6604818537	2726.34465892597	16738.4881385222	13255.03271932	55.1982229166954	8825.0023692895	131512.003864821	41036.1491289065	0
02-2020-18-SL	0	1879.72747454003	20668.6725560945	10358.284061604	302.297383737881	139563.86480604	0	2492.99897518852	1146.36998678097	0	11706.3013273192	0	1118.25737130132	13852.2309755985	73.9257666316518	0	0	8312.65744880137	4611.16307731514	0	1997.03690703533	1823.15517425384	0	1697.16900858581	610.147876706309	24502.0532718062	5146.34397940907	3202.40867939085	0	13236.1829203348	7694.87404690306	163011.521462696	0	190.541060473131	454.313748924095	37659.7985242595	2419.07320855687	751.058023431429	99709.5469277335	9401.41392731542	132263.955653159	0	21370.0996657779	223.512646529501	278.00253085424	395.311963349537	0	151348.950870567	241356.868903209	0	9516.98801317617	188672.439217052	7665.37315411578	3119.45911025956	877.391258426365	279083.998876889	4819.05760413373	41942.6340183186	49712.1279705071	12538.9206425743	97609.0833612793	528.586584882656	12484.0836889226	4570.55596606677	2385.75455317359	0	3096.20546535665	27967.5405009942	0	12463.2595293081	1479.90360994067	0	15772.5655613869	35014.7831838848	14530.7515097059	20377.1343214908	139450.37313614	151439.535964891	109846.400758769	8606.97223802034	0	46031.1106893085	1222.37816937407	0	318.956711429521	21.8653675952773	166.593276916398	22.5595062490956	11113.5069169583	433.142519982636	4816.62811884537	16815.8559580759	0	30.1950314410972	0	0	1254.65561677663	337364.227320802	5024.52264566396	383.858675561535	3607.43858389384	0	0	1120.68685658969	186535.533371272	301775.044400883	0	0	1104.02752889805	38549.6842784546	14310.0154177917	56.2252309592845	593.14147968776	0	1616907.83846076	12372.6744349848	10170.5195557461
02-2020-20-SL	1836.71106077965	1909.61867540602	995.469353552331	30068.7827553286	46554.31607796	205966.815458513	0	0	53965.6555186327	0	32732.7148282151	6312.11694322901	2007.76354124921	43096.8126612557	0	14539.4608399122	0	44.8662243854572	77049.3279649504	7055.21378461314	31549.3681600487	390313.719041285	69225.7800877363	2655.51965581425	2453.62164607969	0	222351.399776278	8931.18279173007	0	0	7346.84424311861	153627.560573854	8518.97435518868	47101.1231876578	0	440443.312374961	5448.44212380896	4528.68452390708	0	5849.43400425398	202789.725944218	0	0	0	0	2433.99267291105	0	82046.3037058807	0	144833.780594304	150212.119242511	0	21928.3671683922	0	0	423.424992637752	15377.8984081154	1253.45014376871	3892.14496543841	81835.9932790739	312417.541091059	36.453807313184	0	4068.80572395615	0	0	21350.7145294294	2086.27943392376	1068.3769681787	400.991880445024	667.385087733676	0	252.372512168197	3477.13238987293	0	15240.495595935	5397.96762137532	204149.733370902	0	379231.761618077	0	6797.23299439676	0	3036.88256309063	0	2347.06436316423	0	3062.11981430745	19.6289731686375	0	0	11850.2915158089	1458.15229252736	15419.9604934768	0	0	51139.0833823489	14679.6677911168	2742.44796556107	0	16008.8296885359	14090.7985960576	0	709.447173095042	0	0	4595.98386048527	0	0	81.3200316986411	0	0	0	0	70215.6411632405	47.6703634095483	17587.5599590992
02-2020-22-SL	0	120483.512313807	7786.47676512508	2870.67222843807	28566.8336582866	199049.693357867	0	0	36126.730254386	0	0	22843.2215624646	0	0	0	537.881618643509	6064.46748053011	1879.63027174325	0	0	0	0	0	0	0	18224.92663902	0	12863.8428136391	15328.6410001703	1968.29207701416	11258.079007066	0	0	2429.33346442288	0	0	8919.37761025336	295.539350903027	130791.924873304	44340.7539471508	5231.04651098358	110689.33822488	530.000569286095	884.647790369727	0	0	0	0	0	0	0	2322.93929809779	429.517189979066	11063.02303547	1696.39587418338	0	0	37801.4532428365	200.966758614058	297.50961324238	0	0	0	0	15852.7307824384	2579.07340221375	0	0	0	0	0	0	0	0	0	0	522.119519928681	0	35299.2200718575	66484.532379145	0	0	0	281.747514527552	667.918933040841	3554.35326019374	0	0	0	3138.62790659015	45654.9189274996	0	0	0	0	0	4768.0348612355	0	2693.34861789625	498.476371856439	19416.9353543289	27447.7246495338	1237.32474911401	7713.577058569	0	0	0	0	1428.4401960313	0	0	0	0	0	134716.687453296	24043.1113271309	16928.4940197254
02-2020-26-SL	0	28715.0851628171	35730.8385719992	2260.70612789393	14453.773401338	118979.594256605	344040.022816889	33324.5893134657	38942.3626520315	0	25602.185704205	19159.0296116178	1563.6311337784	9352.10366418469	0	166.608583758384	9111.76599451024	14983.2822910988	0	7309.71223225002	0	208411.060431601	55599.3909454846	710.480282463913	3372.38754021281	587120.031479178	20209.4297057727	0	0	0	530369.700776926	14017.1440094194	0	0	0	0	302054.659709776	0	0	409644.546473243	0	0	15405.5488740726	1098.2761239705	0	12207.4300823887	0	0	0	0	0	0	1305.10057277401	409.818815221772	17666.2550019666	3966.05030992659	0	0	3891.36370341421	22313.1024558714	0	0	0	0	9528.2874539062	24322.9381875314	2230.06546881193	0	3813.80453511289	0	0	0	14495.9043075757	0	0	0	632.921114162597	445.247077285337	12708.2133542602	380774.342973824	9104.10582973974	5108.37238132746	3385.79282856118	0	0	0	0	0	0	572.597316594906	2229.10794821562	0	293.958823067953	0	0	4468.74862299068	1468.83659474345	0	0	0	1649.80798744653	0	0	3538.99612397119	0	0	0	0	0	0	466.312530404213	0	885.70655158911	444.289556689024	0	924.964896037925	0
02-2020-28-SL	0	0	168194.178477127	2161.18570969763	0	1193220.97437848	1479126.89530081	0	0	0	27087.0375705941	12007.7651142121	0	0	0	0	0	638.020183457638	0	0	0	0	8919.69442356197	2642.18534956289	252.42543083838	22980.6522153807	8811.0388575318	16272.4960808962	3200.70146031552	1309.16706387569	25275.0072468592	9957.22257236225	0	1434.38597838607	0	66242.7933778073	19177.0448703856	0	0	0	0	0	10163.9331613952	213.335928425088	0	0	0	2676.63711440172	39241.2226853712	0	0	0	0	0	0	0	0	0	29402.5936881272	37885.0157118117	29158.7811984986	0	1380.05819537099	0	51252.3004692793	0	18810.6636020034	10128.8188626172	0	0	0	0	0	209.360724789838	0	455.160816236134	9788.93895180333	0	906689.621417528	211524.560635292	298.140272643756	226442.837344446	0	0	2050.54254184983	0	0	0	68.9035296776681	159.670679349212	559.841178631053	22045.8168271577	0	0	0	0	3504.80453841215	513.463802886469	4868.96191924214	0	0	0	0	0	0	678.434753749347	0	0	0	23563.6820818841	51280.126894726	0	435.284798059884	0	470796.617201451	302.778010218215	3364.34734329999
02-2020-29-SL	0	0	62247.4710254868	0	0	0	0	0	0	0	0	0	0	0	0	0	0	0	0	0	0	0	0	0	0	0	0	0	0	0	0	0	0	0	0	0	0	0	0	0	0	0	34391.5734967589	11447.1180840729	0	0	0	0	0	0	0	0	0	0	0	712863.611085183	0	0	0	37239.7220799734	0	0	0	0	0	0	0	0	0	0	0	0	0	0	0	0	128183.904271349	21790.8476238174	710240.731684621	662589.842793663	0	92104.9641580354	0	0	0	0	0	0	0	0	0	0	0	0	0	0	0	0	0	0	0	0	0	0	0	0	0	0	0	0	0	0	0	0	0	0	0
02-2020-30-SL	0	0	6893.25077718186	0	7375.09411404625	686149.73012825	0	0	0	0	2882.38684112274	0	0	3453.8530386439	0	0	0	0	0	24485.3510061005	0	10417.452943008	0	0	2790.83660711851	3866.31093499981	32706.5620196806	0	0	888.519113177922	50494.2906433661	88580.1516758007	3227.38667031764	8868.80845832583	0	317213.851331277	6501.99398764798	5635.63966796582	0	470433.286647434	0	681.326478326238	8072.80326582587	0	24043.9825095327	0	0	21515.2686776684	108676.87356974	65622.2440475603	196196.969904439	60849.1039525817	2512.33115841089	0	0	0	220853.857138464	19165.8005671177	90982.6225534065	14632.6184538976	0	0	0	7471.46278141912	55661.5785878998	0	0	3271.71625730916	0	0	0	0	51248.8573088958	0	0	0	12171.3626891943	99650.020496923	475380.854030358	75661.9318144666	0	15963.469750317	0	0	0	0	0	0	0	0	0	0	0	231.284801694904	4390.55648550826	0	874.063813071991	0	0	0	21061.3722543422	0	0	0	0	0	62.6396337923698	0	488.589143580484	10801.000239152	0	0	0	0	976922.91019243	218906.246370858	11908.2762272664
02-2020-34-SL	0	29843.9805139123	80887.4782204659	3228.80996077241	37021.9723788964	312898.699146726	0	37459.3410588417	101340.895900259	31213.9735849174	169750.502957581	56369.1045741224	0	7711.8389302114	0	0	3936.3181195074	29721.7745592218	0	7223.01511144904	0	17256.7671807816	0	0	424.504895240995	0	16446.3487444125	0	0	0	0	62382.9239233698	0	0	0	182164.055197204	0	0	47660.3223293298	20241.1652321729	346749.748596019	1659.42822685116	2585.62072555879	0	13262.562030105	11712.4759732402	4489.46086179112	43042.223620496	0	60627.0173112366	2868.62398905278	110236.203023264	0	0	0	14632.55510111	17597.6574754449	0	4856.07872586289	0	4630.96249353812	437.368679945267	15713.1130162689	6213.20801216365	1659.42822685116	0	791.122759312763	0	0	643.189235213628	0	0	5936.63664102179	7145.83240322341	0	3376.74348487155	143283.26592854	42193.213830014	82489.0194161478	99231.2352087585	7422.40377436527	10149.5261316711	0	3736.92945659118	829.71411342558	0	0	1575.81362627339	990.511422228987	0	63585.6877932193	4521.62032355181	2244.73043089556	424.504895240995	8554.41682834125	0	0	0	939.056283411897	0	27522.0673747911	0	1498.63091804775	0	0	0	0	0	0	0	0	0	17636.2488295577	3672.61053306982	363678.489266842	62466.5385239476	102582.251124222
02-2020-35-SL	0	245759.431552947	13556.4652622693	2898.33868593157	7229.92177699413	249847.797411623	0	72125.4911753799	5098.87555037511	0	0	12939.7358515766	0	0	0	0	0	1992.06495096995	0	2791.20728595208	0	0	0	0	0	0	0	0	0	0	0	29301.8856160114	0	0	0	3025.73818860988	0	0	0	0	0	0	1728.57961588526	0	0	0	9951.63842512167	92761.3151660236	0	0	0	0	0	0	30601.9396319787	155276.830218919	0	11552.8185383286	157853.774704912	0	0	0	0	0	8891.90619829754	0	0	0	11749.7086788315	20696.6282987401	0	0	0	0	0	0	285340.140680504	0	1484702.22244006	461623.41162513	0	34919.0455068279	243.217232385866	0	3486.11366419741	0	0	0	130.294945920999	0	914.960064689685	62257.8206042962	654.370172847686	0	0	34117.007728603	0	20378.1295420443	0	0	0	0	0	0	78.1769675525997	0	0	0	0	6650.83312845635	73509.5130453852	0	0	153817.526824604	2389166.305375	48585.5376123194	0
02-2020-37-SL	891.049296274458	6318.69622222586	46612.9368668768	3614.40609694211	17257.8834458179	220460.340793931	401687.183650402	94782.9855567725	5210.2868265749	78805.1115850607	117328.693642393	7580.27457679419	1142.72941134199	16183.7940658579	1262.84946626059	6211.28728422987	0	0	0	36416.0788715648	15785.3005503343	15105.2557949751	8757.95955967335	3274.38371926249	2148.81431576601	26980.6167799168	35711.2474382065	25855.6829322664	6787.10088082378	11991.6677047835	11401.8718795747	65431.7454707903	9150.73307258177	1840.56973039289	2008.99202961738	380352.845007506	2136.73875468953	5936.09160285552	129720.761530239	2681.41011482307	10572.4715003749	658.435856590826	19843.3246278753	1098.24050211288	5254.77573580401	1756.04080285758	4332.58420306917	21238.3697101309	24494.9578657018	31114.2720031472	45336.1051720014	25093.0159169102	16253.7052089322	255.493450144317	0	38160.0441133459	6007.2738576221	10496.2047988393	9020.4441241251	4673.87769244106	17339.8701499686	7211.65218603871	58841.6669022669	92.7911535350006	27132.5146271419	7762.04354878742	5797.54042839915	1299.07614949001	25800.3895736531	32619.9038026295	0	10989.3961354363	207575.717125335	76431.9460556108	3458.69491464023	17416.1368515043	198770.726433048	75209.7721635025	273439.640571494	202993.359474736	0	42096.0414684299	849.738166275999	3973.49515000564	7722.00353048122	0	1201.20054918597	3643.00611001797	32234.1214040285	0	11557.5830618766	45142.8961947778	0	3463.77936140927	104553.385579331	0	0	25173.7315093688	27907.8927594206	2893.0502115844	64206.3937994514	0	54359.7270753571	12203.943357391	16644.5720543023	0	1557.74737886498	8290.19045692156	6737.52752482563	12970.4237078239	3084.35252126958	1254.5872402609	0	0	200582.696150365	50862.8988099491	14050.233090399
02-2020-40-SL	0	9792.56197051956	2328.67070854631	155.772757147656	2959.68238580545	97204.8406763599	143559.11690079	11065.1461899292	0	0	69435.0464445117	6072.49731253572	0	10970.0984059069	0	0	0	0	0	3775.50919866352	0	0	1887.75459933176	0	4100.25579407303	31278.6415920047	61076.1218829952	0	72347.204938306	506.921514785591	22346.7901101315	146790.741557548	0	74834.2886202228	557.085623019582	254118.171232283	3287.06919743782	11162.8341901744	130223.384759217	252417.871984773	0	6228.27006968338	9528.5403482354	0	0	0	0	0	17641.9248010277	0	6861.92196316537	23262.9451394575	0	0	0	0	106448.237672528	0	26919.6446080931	0	0	541.244325682532	0	0	5386.0410945969	0	8533.17883222411	0	3081.13233205617	2888.39654778873	0	0	57807.5341991173	2199.30011362707	0	2943.84108846841	17599.6813414622	53720.4794861584	166048.478686955	32147.2727293196	0	3796.63092844625	0	887.112650874784	0	0	0	0	176.894486930388	0	0	89.767351576615	0	0	0	27592.8997449178	0	5050.73363429602	0	0	11115.3102981632	0	0	0	337717.97771234	0	0	0	0	0	0	0	0	271.942270952687	245352.653372449	68004.0492517316	37258.7313367409
02-2020-41-SL	0	5104.97614520218	0	0	2856.69613533914	0	240.60540456429	0	1401.2306552699	0	0	8537.54751113782	0	0	9227.80891767471	0	0	391.969870140596	11042.7033730049	0	3911.80999961697	68978.8084429559	7403.54662897005	0	2469.16365995485	7091.44986444301	12249.1817028591	2455.35843182411	0	18486.1865547818	5679.86528807505	39686.0865249772	0	11512.08112945	0	632435.250248132	4256.94070288542	155.308816470802	113059.394908264	125105.442540057	0	462.968186241534	794.293661379246	0	9879.61290299027	280.541957371068	0	0	0	146.927070819997	0	4420.63126500703	0	0	0	0	83925.9261576507	2270.9600275064	5975.19856130048	0	48435.6428966942	0	0	2140.79644798801	0	0	9429.46385715585	1014.19122374743	0	32180.479816612	0	0	0	0	0	2046.13202652009	0	124998.945065905	0	18673.5432222704	0	0	0	17.2565351634225	0	0	0	0	0	0	0	0	0	660.678774828175	2199.96171140546	1385.94629555373	4200.24065877703	0	52967.7020744708	0	3436.51571683013	0	0	0	2638.27770455639	0	0	0	0	0	631.589186981263	1063.98865379045	0	0	104123.467956782	1006.30252195844	72047.5134388743
02-2020-44-SL	3089.07919506035	30235.9289536965	158781.939492975	38482.1904521856	81250.9549972698	581858.303408192	3266980.73689397	2074.6408421146	68387.9638517011	39192.624185935	1485.15518266923	11193.689795716	2673.93310217922	8968.68107743976	3807.14028484686	0	1849.0890278721	1682.37681734504	0	12190.6941920054	0	10098.6193932343	3187.14520125274	0	593.844148609485	8200.49736226602	9011.1763467898	5745.57834058314	665.759219817239	0	5324.98413624689	64794.3895358954	0	0	0	29286.8679382124	2366.65961610973	0	57850.2266751831	15033.5187492937	5654.05006813691	0	33417.6260434941	136.202786378322	0	0	0	0	48532.8664646148	326.886687307973	0	29867.6366193295	0	0	0	0	0	0	29564.7216224241	8464.18595669445	2065.92386378639	0	1111.41473684711	0	163391.041784017	1129.93831579456	17354.4142291803	82546.5159013004	0	5039.50309599792	0	0	24382.4780063017	65152.8752696432	2134.57006812107	0	69843.6992325126	73303.250006522	711236.785377815	114018.076533021	849.905387000731	329925.643877646	817.216718269933	0	19055.3146254728	411.877226008046	794.334650158375	0	12827.0336099649	4598.20606813216	6123.67727556937	93936.3377094013	2120.40497833772	0	0	1699.81077400146	0	40453.3171766527	2898.3952941307	0	8061.02570901462	0	2332.8813250879	0	191485.862935847	205413.415059748	20544.8282973061	3938.98458206108	1147.37227245099	51371.332532739	2592.21143035223	0	16906.5794675684	11394.1802972649	422180.694391994	5543.99821674323	4058.843034074
02-2020-47-SL	0	6377.75950716681	20632.4013352351	0	10002.1367670038	661788.531321233	0	51813.8897050683	0	1782.57879183097	80951.3011624323	5568.64572931445	0	0	0	0	357.979615530072	753.886439396974	699.98988018148	58740.5956486892	0	22029.7195371183	850.367934288908	0	5370.35962257103	67195.0361597024	81458.9934424499	8937.51337509281	0	0	12111.4218622275	267869.891638726	0	0	0	0	0	8428.49031583536	0	78905.8934707233	0	60972.9778236026	33558.9254818944	218.913184961698	120681.715369311	5189.37364594616	4205.92778766838	98862.9243417149	30058.976080987	155472.942427342	63102.2246074245	26161.1236873529	2541.7883481875	0	0	15131.625347155	79040.967563572	592.196761750491	7377.8401059432	18417.9846800602	0	3233.1281633097	28858.6132066074	17758.5835666954	4724.93169122499	548.281046834163	31916.7438998717	68842.5408586846	0	66101.8010141338	1055.30793723177	16774.4723187976	119508.633469349	6444.96385878119	24447.7454159961	0	243957.119477165	609305.925048121	10133.8839117528	118185.17351528	0	56790.3386726322	0	717.290010300033	2513.17659452989	0	5.98850657949935	10960.9632093436	11187.8610697447	0	0	6850.85152694726	0	15154.913983853	494.384487618669	0	0	55203.3844290649	4695.65454794744	387.256758807625	77589.7528024734	0	0	67.869741234326	43511.8234170223	68284.2789675513	5211.99689302427	0	0	9.98084429916558	2282.95178602914	0	0	0	148426.466352131	26089.2616083989	1754.63242779331
02-2020-50-SL	0	0	32296.6247532814	0	11096.8383167198	476477.782718581	75202.6009622866	32691.6999828673	0	50771.1983816791	40602.1976528093	0	0	68674.5564897494	0	0	0	0	0	22643.3305446638	0	0	0	0	238.161519875946	3068.19020527683	1499.36321432317	0	0	0	22207.0111977036	120939.846281275	2121.43614254081	0	0	0	426.395950298731	217.074301970263	132196.389263016	9952.54663919088	0	0	2255.40199747103	0	10727.191791079	0	154.432860544558	921.015252645258	0	70.3940950674995	4658.41452028184	86.5196146424334	0	534.002782846847	0	220473.065326826	0	7559.45751304157	16317.7853852503	10185.4363545904	0	2820.10528873939	1343.68992919593	28170.9725912637	10082.4811142274	0	0	0	199473.297354223	18683.2750644349	0	11432.3731663367	19734.8450044079	0	4561.66140283224	0	7695.90421713716	0	764905.648171053	14011.2158737435	0	36101.9372668201	302.353492030009	0	0	0	0	0	0	0	0	95921.1026607655	0	0	0	0	0	14626.1563606106	0	0	0	335.534849616892	0	0	0	0	0	168357.866909805	166.527000225759	9040.52446477011	45410.083335305	0	0	3688.40249662044	624985.135031643	14047.1881866414	0
02-2020-51-SL	0	13268.210177748	50543.2190376379	145497.539204355	659.473354531985	362031.185866282	523415.142894736	204190.667757702	81341.6089828705	0	0	0	0	33101.6252431502	0	0	0	0	0	0	0	0	0	0	0	106194.895851427	7854.62293905259	160448.882869043	76341.4229514936	0	21614.9774112274	53781.5284949666	0	0	0	225539.887249939	0	50454.6330646411	10049.5864921964	0	0	0	34843.8160454213	9222.78407755925	0	0	1978.42006359595	877070.032869874	0	0	0	0	203127.63608174	4665.52791116658	0	33505.1835645802	0	0	4084.79764374289	4596.62770994682	0	0	0	0	53604.356548973	23426.0684147183	6821.1199207562	0	2972.5515383382	0	0	0	2647.73630401648	0	0	0	107277.613299166	0	206041.130304747	887188.51956329	0	0	0	33652.8268529083	0	0	0	0	0	0	1771.71945993668	629.944696866373	0	0	1210.67496429006	0	0	0	8602.68226658141	0	162515.888905636	15315.5304425637	11388.2189730374	66311.5222310743	223650.05315934	0	0	0	62738.5546535354	0	0	75435.8774497482	5403.74435280686	0	309105.988443619	60228.6187519584	0
02-2020-52-SL	0	40428.4459512873	10649.1814085417	23612.1525698165	885.635363429665	204429.073199937	0	0	2669.48103459733	0	156496.978337807	0	892.821045891569	2680.25955829018	3520.98440633295	0	0	0	19622.3023828443	0	0	132092.604276565	329190.484944745	19911.5261019359	2493.43181428068	77400.5786383987	31573.8887376061	943.120823124897	16501.9197737625	0	67096.3099880284	61182.4933218814	0	240.720362473783	754.496658499918	318338.308006655	21163.6312709227	380.841170480911	223320.232392283	121229.648814782	0	94851.0084971325	14619.2709687436	0	71271.1914983946	29089.4390264028	0	17522.2866833528	72406.5293273754	32759.5263438202	232862.818701691	18833.6737326503	29890.6426209051	0	0	20383.9847238061	8109.04265825864	15233.6468192364	5164.70926949349	0	3127.56829154371	1943.72710594503	8423.41626596694	76978.4197937618	0	0	18971.998120042	38958.9738878279	0	15763.5909008019	43085.3520415763	84.4317689273717	73532.8850532789	14874.3626961412	20263.6245425692	16131.8571269744	84293.4445399801	215552.509650965	69859.2048946305	115612.241550189	0	80463.4757877853	52.0961978488038	3673.68015864841	12742.0114255712	0	120.360181236892	0	4751.53252793401	0	0	6018.00906184458	693.418357573734	3422.18127248177	4782.0716783971	1058.09174251536	2387.4429979676	10976.1299605583	4191.0492959055	1144.31993205821	4650.93297346735	0	0	0	63059.7528650538	26490.018395809	339.523496324963	0	1796.42061547599	16562.9980746887	1023.95975082132	19873.8012690109	0	0	127894.369298198	4907.82112148042	149936.450250088
02-2020-53-SL	5758.03304065666	4452.55196227093	61912.2744722557	3654.6843387296	13129.6937086581	2849720.0670317	2781.27110963701	17502.7239808751	13489.5293561523	52128.4558726177	7661.91483669839	6997.24604399743	0	0	0	62567.6657344504	0	0	0	28323.6379549668	0	81929.8719010871	13637.3071635025	0	3341.89902451738	162140.087254757	158989.04028637	6866.03525540841	18740.611622715	0	21221.6883523983	264630.954800045	9315.30330907017	11508.1139123079	429.417126291347	44410.2131721311	6162.26829843092	1575.85482456917	84501.0732128316	1062061.87172683	114822.693630404	41006.0221570714	16289.3555268019	394.295046517518	3801.13678457896	1811.10649097878	0	71411.8030299509	2245.16238252328	0	30870.9827596951	1247.16517234617	2643.43351354349	745.515844255811	0	24152.7253116369	0	20998.3649394968	157553.011100145	3890.59868588966	0	2289.5619928034	11460.4008982756	7416.72295903204	50035.0473819474	4844.19628578665	26998.939134818	0	7681.79525921188	20951.9772869653	0	24104.3496168541	123843.104005524	21044.7525920283	257.120131174449	66544.4129178985	84081.596297797	293297.861383744	295380.666982407	125822.531407117	1550.67295605209	7622.81667242186	2554.63429298325	6039.0096788473	12999.1456008196	2463.84703017165	1039.08341670499	354.534201490541	0	37.1101220251782	16397.3724891252	22295.2311681267	356.52224374189	1449.2828012333	2494.33034469233	7976.68819316196	0	0	5225.23771729518	0	629.54671292713	0	2293.5380773061	9396.81304137547	273.024469185239	0	423.452999537301	9239.09502276846	251.156004420402	1817.07061773283	4616.23410763198	3858.12732911763	3609.62204769903	13706.8886422997	99887.8575575211	9565.13395198967	1815.74525623193
02-2020-55-SL	0	31687.3447782589	70700.7546266242	991.17730535395	3829.84199692428	557650.161363443	2805195.67977379	0	14006.1871176481	0	0	9344.5563534053	0	1180.89483645685	0	0	2815.4339734761	2579.90030390956	0	0	0	0	0	0	490.426270878256	7461.57759232273	1033.76695519338	402.020482575202	3860.81628771659	0	620.776411295898	232672.419454591	0	0	0	65522.8856825096	0	924.066341970609	48192.1246864868	49018.1057742817	7740.34620945353	5033.32225375052	31851.8956980931	308.45231247343	4186.04634103585	898.254432977017	0	150845.441456279	60151.427420943	496.879248126654	1829.41904992086	2264.99501418774	0	1459.01815586281	3010.31388637772	94719.3812428868	0	0	22047.242066877	0	0	0	0	0	199458.945557086	0	0	41534.5880593144	0	0	0	26704.3557470459	49556.929374523	0	7835.85027272982	0	301429.537333998	359.430832735775	856126.17101085	91068.932013468	898.899730701857	62568.7126981929	3014.8309704516	0	18806.5568927314	579.47735690615	1593.24008262949	3924.70076247573	0	865.989546735026	20097.1523424111	92521.4971920824	4173.7856842639	0	0	272.3156398824	0	0	1122.17274349643	0	3143.89051541956	3428.46681207392	2841.89118019453	7874.56813622021	1027.95927566982	0	542.695386590281	7086.01431646596	0	149.709072162836	56339.6537603142	562.054318335475	2561.18666988921	0	1448116.49609937	21282.5642629418	9263.24884007548
02-2020-56-SL	5846.97706604734	19829.4501790366	488786.911124025	3220.0267067864	76372.1334277445	10435860.1260794	415468.874455421	1013874.69475476	1473.65507958541	0	154186.707390468	10029.7260433321	959.436528960845	44876.6579196822	0	0	0	1458.86924266649	0	11321.0224675842	0	0	7353.48956100812	0	486.289747555497	2132.4462578616	1422.72608575358	26235.0033064653	2058.51707326702	0	1623.15631954335	785354.65656059	0	0	0	65571.9009938599	1475.29795035418	0	2393.66271009581	17315.8579028207	0	1120.43786430016	21955.3249538232	780.363615165071	101.857987663651	0	0	366.360181435391	9658.43724959042	3136.2402975792	0	0	0	0	0	73345.9654716728	172.5014307207	0	114675.665401584	624.290892132056	0	131.429661501486	9781.65255724806	8050.06676696599	185010.248754104	0	3847.60334045599	54809.454587657	52345.1484345042	4082.5338603899	7075.84440108623	2434.73447931502	26049.3589095944	30197.6076007351	6706.1984781133	23067.5484642795	353688.719195879	7880.85107778283	3133375.13095847	15408.4849402804	0	275443.713091738	190.573009177154	0	11723.5258059325	0	303.931092222185	658.791178276197	6896.77148729046	0	27812.1592444831	87390.8676738753	126.50104919518	180.715784564543	0	0	0	40074.5466625717	0	0	1430.94043959742	0	0	4925.32656476817	325603.84340378	131929.094215191	19011.3005361899	109218.048707735	0	31281.9023081223	60260.4997984311	2868.45236226992	0	15898.0604293735	3443631.27564041	12572.8899933859	1384.9400580719
02-2020-57-SL	4561.61292846329	44308.4133717489	170905.218649621	18254.48272253	14081.0352134489	678141.049677963	287424.446539464	716946.883604609	62311.2578224037	0	78462.9547730394	34948.2727588546	0	0	9764.3680496302	3162.87891724142	10572.822923102	105421.712399853	0	60458.7718209385	0	0	0	0	0	1137.72622922353	1018.5996005166	8554.36274231482	132.511643168388	0	372.103402028402	18408.4103888368	9364.15611723275	0	0	196209.588488998	0	2792.11401665916	55662.9211393998	3858.89966923699	121379.326640797	89.6795968917373	41947.2968207486	99.0491070147546	0	5088.98249824455	0	190413.877227189	2553.86075924529	16707.175050786	13045.0350941324	16399.3197181726	9342.74009409442	18073.7850273004	350.687378890077	50631.4942033395	0	3216.41897508723	6209.3082086682	0	2565.9072722606	2096.09326466359	14135.9137727409	0	10610.300963594	3548.36733373128	0	432.335967104942	14328.6579809858	137648.811718694	2303.56098881612	23781.1551936641	15754.1620211306	7640.16625459756	10141.8254574432	0	393125.905741561	0	615851.207878698	170683.02740956	4897.57679144577	71700.8454671132	3000.92024225784	5363.37529470435	44095.5916418118	10078.9158894744	7031.14809660143	15823.7640963301	7664.25928062817	1835.08548266525	28625.1919272641	22267.3100580738	476.506514827738	3053.1217986575	51561.7527084105	45972.1706693076	935.612510855587	42552.2994744063	12355.7068493676	0	32629.9882541309	7164.99824121596	1275.5918781765	15348.5960829485	19091.0461263709	6091.52008140741	350.687378890077	0	3718.35701739173	11270.1821765437	23617.8580172344	0	2041.21470537163	6999.02406189394	309875.13129566	238380.415051253	96001.3392218817
02.2020.043.SL	0	6451.65391133715	235063.113398224	0	0	521847.476645782	0	23184.7106311522	15883.6380541672	0	7040.84604935881	11489.2466914223	0	0	0	0	0	5283.08950426086	0	0	284.776200043801	4860.83513867867	0	0	137.478165538387	7330.53218388612	7954.09386329238	206.21724830758	0	0	0	36760.6794780679	102539.071753702	2793.75272111936	0	22507.1396724273	0	0	0	5783.90282157927	8111.21176676482	56312.0385914199	14651.2444988052	0	0	0	112412.950000049	171160.316095291	59881.5609609345	127309.69122303	357227.193282531	28570.9087595669	7021.20631142475	36922.7073160239	0	111990.695634467	1330.59224503224	27377.794680073	11896.771253554	0	0	0	0	9279.7761738411	0	0	358.425217296508	0	24701.880386558	0	0	112.928493120818	0	0	0	0	466998.598530449	310077.092437348	0	858556.053721709	0	19639.7379340552	0	0	0	0	0	0	0	0	0	4742.99671107434	3009.78983839397	10035.9060843022	5337.09878357951	0	0	14037.502688366	5391.10806289817	1404.24126228495	77277.4588360239	0	0	0	31369.5714151697	0	0	0	0	2700.4639659326	1566.26910024091	0	0	0	381904.523996671	121800.744732527	204115.796348636
02.2020.110.SL	0	0	0	0	0	72018.243898199	0	0	0	0	0	0	0	8501.79143540541	0	0	0	0	994.89048712191	0	0	9834.10981501273	0	0	643.548042369068	1175.77966659862	0	0	0	0	0	32243.4962417237	0	8766.16792848676	0	137962.785731661	0	0	229005.701217516	54471.993488958	0	0	0	0	4515.27221078405	0	0	0	0	0	37687.5648163594	63906.0599262819	0	0	0	0	8745.2961000856	0	0	0	8745.2961000856	0	2650.72220694719	14665.938089881	0	0	0	0	0	0	0	0	3148.16745050814	493.966605494095	0	5398.84627976645	1064.46324845911	233635.768484506	0	17278.3952780928	0	0	0	0	0	0	0	0	0	0	0	0	0	0	0	0	0	0	0	0	2699.42313988323	0	0	0	0	0	504.402519694675	0	0	0	0	0	0	0	72046.0730027339	23637.3456643125	22600.7115203883
GBM.BM.277.SL	0	4889.99583201368	0	50498.1002804366	0	489689.810626082	0	651362.311261062	0	0	0	0	0	14154.9716483697	3206.90280405674	0	0	0	0	509.706405942794	11845.3644964414	26276.4271146967	22915.5505005114	22761.5766903829	0	0	0	0	28596.6531500822	0	48082.3042939369	0	0	0	0	0	0	0	0	0	0	0	0	0	0	0	0	1819811.15246763	28554.1776162536	0	0	0	0	0	0	222210.755224144	0	0	46484.1623336371	0	0	0	0	85837.7444258036	0	0	0	0	0	0	0	0	0	0	0	0	5803.21980932785	111784.986153329	1669134.50565252	420173.290073905	0	0	0	0	0	0	0	3525.46930777099	0	0	0	10438.3624383701	0	0	0	0	562.800823228501	0	0	12710.8034981984	833.58235138561	0	11064.8765623415	0	0	0	0	0	0	9185.33419042743	0	0	0	0	0	13278.9137631555	0
GBM.BM.298.SL	0	7515.15966945805	2987.70807514937	0	84072.3255614073	4186992.17277712	0	46279.8915903927	10221.4743752966	85385.1840294832	0	2685.81585112056	0	27035.1940746792	1488.96226542607	252.042736419119	301.426340967042	1202.91006549753	8561.99890926168	88807.5610012667	10743.2634044822	17534.906679007	13398.7968565875	0	2403.4907156862	237976.795018073	0	18792.325062732	3358.55099232057	0	12119.947852021	38733.0518727341	4374.64195004718	41.4635924977848	680.655153250153	0	27667.8632725668	249.247438048482	346970.603202896	2902.91735790671	0	0	46475.0965932755	0	28.4188667681446	0	886.109583491986	221078.284601447	2745.44888302748	94673.9605151106	0	4770.64255255412	1263.94074658978	0	166.786136114685	95563.331280035	0	1126.50524336678	17983.0861844325	32931.8759875384	0	232.475647824659	6928.14701162425	11888.4039703199	25105.0405497543	3671.62440983193	218336.096899852	307071.911909606	1676.24725625876	10826.1905894778	47108.6975572866	5079.9889055713	43448.720223999	3441.01229425437	839.055394252926	55373.4630731372	284716.979073497	0	988158.47287496	107167.080699612	0	9955.45514702431	197.534418191694	1148.40174727011	912.664918013039	0	408.579445174801	42.8612416831034	6293.14839842783	0	1815.08040866707	25656.6460948933	0	0	2001.43363337622	0	0	17318.2710552826	0	0	1395.31977000972	0	0	785.012959087274	0	4129.58745955466	14256.9534563732	49002.0463203315	463.553646463999	36708.789969331	29970.72324691	0	0	1776.8779976017	237523.490798968	15806.4805198297	0
