"","Protein","Subset","Contrast","log2FC","Pr(>|t|)","FDR"
"High...Low","Rt IgG2a","Glioma","High - Low",0.0177495890099096,0.680279693542589,0.925267058789595
"High...Low.1","Rb IgG","Glioma","High - Low",0.122641288223149,0.0855568481760817,0.423854720085207
"High...Low.2","Ms IgG1","Glioma","High - Low",0.0239771673803198,0.667954130566197,0.925267058789595
"High...Low.3","Ms IgG2b","Glioma","High - Low",0.0550885207745117,0.242873199705495,0.702506852773279
"High...Low.4","Hmr IgG","Glioma","High - Low",-0.21409679748806,0.0906994682389635,0.431470327479641
"High...Low.5","CD38","Glioma","High - Low",0.0888930168434296,0.83836137089975,0.946353683083446
"High...Low.6","CD99","Glioma","High - Low",0.279359844162762,0.466030045251,0.856142930969841
"High...Low.7","ErbB2 / HER2 (phospho Y877)","Glioma","High - Low",0.528612783237493,0.104512414484551,0.446187615684045
"High...Low.8","MX1","Glioma","High - Low",1.02898561703086,0.0931123880138731,0.434175429176716
"High...Low.9","beta Actin","Glioma","High - Low",0.332909877808271,0.250714503066866,0.71357204719031
"High...Low.10","EGFR (phospho Y1068)","Glioma","High - Low",0.615219592906258,0.136611890919561,0.511624688504063
"High...Low.11","HMGB2","Glioma","High - Low",0.955594098735313,0.000127654929837241,0.0132602709161739
"High...Low.12","HLA E","Glioma","High - Low",0.328115946462996,0.471881549741576,0.856142930969841
"High...Low.13","Cytokeratin 5","Glioma","High - Low",0.110387975210469,0.630142608310707,0.925267058789595
"High...Low.14","Glucocorticoid Receptor (phospho S226)","Glioma","High - Low",0.528833074851627,0.0210229285820221,0.215796012258121
"High...Low.15","Tissue Factor","Glioma","High - Low",-0.400585430686459,0.367314951257258,0.808610130914368
"High...Low.16","C Reactive Protein","Glioma","High - Low",-0.0561234181153513,0.835705452521594,0.946353683083446
"High...Low.17","PARP1","Glioma","High - Low",0.625671817100913,0.0018325375395197,0.0508529167216715
"High...Low.18","TIM 3","Glioma","High - Low",0.452032176217514,0.0481449291882566,0.341111945099775
"High...Low.19","Rel B","Glioma","High - Low",-0.309328348619033,0.25448094573166,0.715714805196075
"High...Low.20","Galectin 3","Glioma","High - Low",0.155225970914103,0.424092198993128,0.844614151624633
"High...Low.21","p53 (phospho S392)","Glioma","High - Low",0.415590340750549,0.25832976590559,0.715714805196075
"High...Low.22","beta 2 Microglobulin","Glioma","High - Low",0.191069248764313,0.677373783067793,0.925267058789595
"High...Low.23","p53 (phospho S46)","Glioma","High - Low",-0.312876178489912,0.331102763342495,0.77672380186842
"High...Low.24","BRAF","Glioma","High - Low",0.104617081500431,0.718864314805753,0.925267058789595
"High...Low.25","Cathepsin S","Glioma","High - Low",0.319743949722466,0.233002018248959,0.702506852773279
"High...Low.26","CD74","Glioma","High - Low",0.422276002647871,0.204558722319034,0.661340335264449
"High...Low.27","IL-1 alpha","Glioma","High - Low",0.0881137968207709,0.706143836211558,0.925267058789595
"High...Low.28","Rb (phospho T373)","Glioma","High - Low",0.0470073086267003,0.855584567384064,0.95192212335207
"High...Low.29","BRG1","Glioma","High - Low",-0.145304354525213,0.685432355440667,0.925267058789595
"High...Low.30","Rb (phospho S807)","Glioma","High - Low",0.412631246426539,0.0553180601980944,0.365617990705792
"High...Low.31","PI 3 Kinase catalytic subunit gamma/PI3K-gamma","Glioma","High - Low",0.0792195709660987,0.735592612868391,0.925267058789595
"High...Low.32","STAT5 (phospho Y694)","Glioma","High - Low",0.42417441693058,0.0601581582582716,0.367090546370931
"High...Low.33","TAP2","Glioma","High - Low",0.546782652798479,0.116391807950599,0.468012171464171
"High...Low.34","CXCR5","Glioma","High - Low",0.335996942076529,0.315295087487627,0.766374190754598
"High...Low.35","PTGES2/Gbf1","Glioma","High - Low",-0.0686492328506483,0.727376587269276,0.925267058789595
"High...Low.36","STAT1","Glioma","High - Low",0.370907044647983,0.371449810011668,0.808610130914368
"High...Low.37","TMPRSS2","Glioma","High - Low",-0.142254280704192,0.671109914161256,0.925267058789595
"High...Low.38","VEGFA","Glioma","High - Low",0.0366188469994637,0.805788129276224,0.925267058789595
"High...Low.39","IRF5","Glioma","High - Low",0.0864388431861924,0.666807122744299,0.925267058789595
"High...Low.40","E Cadherin","Glioma","High - Low",0.226246440457807,0.146102438145534,0.52882730328764
"High...Low.41","Aurora A","Glioma","High - Low",0.0969943094069367,0.598481994529006,0.914194973294307
"High...Low.42","COX2 / Cyclooxygenase 2","Glioma","High - Low",-0.193923768437267,0.370963525127043,0.808610130914368
"High...Low.43","Cyclin E1","Glioma","High - Low",-0.00343768326058506,0.989088401406423,0.991732737417414
"High...Low.44","YAP1 (phospho S127)","Glioma","High - Low",-0.168299039553815,0.376672793165261,0.809238968542141
"High...Low.45","CD79a","Glioma","High - Low",0.0804896201386106,0.594132846607435,0.91173381530081
"High...Low.46","ISG15","Glioma","High - Low",0.966494243511279,0.0562732868806227,0.365617990705792
"High...Low.47","Ras","Glioma","High - Low",0.236328125042631,0.333548059060613,0.77672380186842
"High...Low.48","15-PGDH","Glioma","High - Low",0.0127016859775683,0.948112560612937,0.982665539201889
"High...Low.49","Rb (phospho T780)","Glioma","High - Low",-0.180835437659571,0.751783707847242,0.925267058789595
"High...Low.50","p63","Glioma","High - Low",-0.0664466456398376,0.801465580021047,0.925267058789595
"High...Low.51","SIRT2","Glioma","High - Low",-0.527574740332893,0.276756974194927,0.721888559002302
"High...Low.52","CCR5","Glioma","High - Low",0.0593444500568576,0.759878843328114,0.925267058789595
"High...Low.53","Integrin beta 1","Glioma","High - Low",-0.10284192023564,0.582822885852761,0.91173381530081
"High...Low.54","MEK1 (phospho S298)","Glioma","High - Low",0.50565469574769,0.283986189877782,0.721888559002302
"High...Low.55","PRAS40","Glioma","High - Low",-0.0599130077177362,0.796713924871369,0.925267058789595
"High...Low.56","Smad3 (phospho S423 + S425)","Glioma","High - Low",0.2803191543014,0.200212927311373,0.65363632151654
"High...Low.57","STING","Glioma","High - Low",-0.0178532330997229,0.939906259949484,0.982665539201889
"High...Low.58","CD3D","Glioma","High - Low",0.270549522785035,0.273050202568678,0.721888559002302
"High...Low.59","Cytokeratin 8","Glioma","High - Low",-0.0987030319497558,0.58213765850294,0.91173381530081
"High...Low.60","Macrophage Inflammatory Protein 3 alpha","Glioma","High - Low",0.231350285523674,0.0800436346537091,0.41647703655758
"High...Low.61","ATG12","Glioma","High - Low",0.00185925883597939,0.991732737417414,0.991732737417414
"High...Low.62","CSF-1-R","Glioma","High - Low",-0.123121680893531,0.461435464140108,0.855237815197528
"High...Low.63","CXCR6","Glioma","High - Low",0.235547805567739,0.0861200652840036,0.423854720085207
"High...Low.64","mTOR","Glioma","High - Low",-0.0265552969767266,0.9256113783995,0.975406927237448
"High...Low.65","15 Lipoxygenase 1","Glioma","High - Low",-0.139996814785538,0.519782854916206,0.892204591170601
"High...Low.66","CD11a","Glioma","High - Low",0.0550393831241357,0.705615092756785,0.925267058789595
"High...Low.67","Progesterone Receptor","Glioma","High - Low",-0.022771764220172,0.904904329784747,0.965811351981798
"High...Low.68","cIAP2","Glioma","High - Low",0.00943422993728909,0.957967838169665,0.982665539201889
"High...Low.69","CPT1A","Glioma","High - Low",0.174595993807507,0.322020070851088,0.771458155348291
"High...Low.70","Cdk2","Glioma","High - Low",0.210584677793338,0.21253275413748,0.667673652148877
"High...Low.71","C4a","Glioma","High - Low",-0.150450493852329,0.591514160691154,0.91173381530081
"High...Low.72","p27 KIP 1","Glioma","High - Low",-0.234452974847579,0.591018786689958,0.91173381530081
"High...Low.73","Fos B","Glioma","High - Low",0.099666645839568,0.534863741281551,0.90410977587186
"High...Low.74","IL-33","Glioma","High - Low",0.279786532915227,0.24408378860367,0.702506852773279
"High...Low.75","Hexokinase II","Glioma","High - Low",-0.042000716655498,0.801993313802737,0.925267058789595
"High...Low.76","CD28","Glioma","High - Low",-0.183268291128886,0.431431979216389,0.844614151624633
"High...Low.77","eNOS","Glioma","High - Low",0.0523096560038023,0.790826780511787,0.925267058789595
"High...Low.78","CD22","Glioma","High - Low",-0.0758462969576109,0.73691664627131,0.925267058789595
"High...Low.79","MMP3","Glioma","High - Low",-0.015253782522525,0.973683074700701,0.982665539201889
"High...Low.80","SCF","Glioma","High - Low",0.613299392455781,0.00338774601855384,0.0752079616118953
"High...Low.81","Cytokeratin 14","Glioma","High - Low",0.0542743049362757,0.74041606905779,0.925267058789595
"High...Low.82","IL-5RA","Glioma","High - Low",0.307705598998428,0.0317986503068426,0.294137515338294
"High...Low.83","ETS1","Glioma","High - Low",0.202504059110129,0.216419000111932,0.672153855929717
"High...Low.84","c-Kit","Glioma","High - Low",-0.142286940357904,0.518966411587308,0.892204591170601
"High...Low.85","Scavenging Receptor SR-BI","Glioma","High - Low",0.169324696312257,0.496225530650706,0.874302125432196
"High...Low.86","IMP3","Glioma","High - Low",0.45554960482136,0.0403256775822171,0.31972501511615
"High...Low.87","HLA-C","Glioma","High - Low",1.26242002531316,0.0586846706459464,0.367090546370931
"High...Low.88","CD11b","Glioma","High - Low",-0.124352623971132,0.459366416760947,0.855237815197528
"High...Low.89","S100P","Glioma","High - Low",0.261753742799969,0.143180955471282,0.526352621787696
"High...Low.90","CD79b","Glioma","High - Low",-0.676360365895307,0.0606305707219255,0.367090546370931
"High...Low.91","JNK1 + JNK2 + JNK3 (phospho T183+T183+T221)","Glioma","High - Low",0.0443379492516087,0.847356144438837,0.950065980128393
"High...Low.92","CREB (phospho S133)","Glioma","High - Low",0.142464171985625,0.517899279094505,0.892204591170601
"High...Low.93","Brd4","Glioma","High - Low",0.488118631621892,0.0213385329600443,0.215796012258121
"High...Low.94","c-Fos","Glioma","High - Low",0.203439193985684,0.114228559546595,0.468012171464171
"High...Low.95","LILRB3","Glioma","High - Low",0.328874846721918,0.100340058775303,0.441370306015631
"High...Low.96","NSD3","Glioma","High - Low",0.129912274576108,0.460008294627506,0.855237815197528
"High...Low.97","CD272/BTLA","Glioma","High - Low",-0.0122730773515696,0.949713323594919,0.982665539201889
"High...Low.98","AKT3 + AKT2 + AKT1","Glioma","High - Low",0.140997882642026,0.569157944806263,0.91173381530081
"High...Low.99","PCNA","Glioma","High - Low",0.276527560605838,0.148834543880928,0.532923689380099
"High...Low.100","C5 / C5b","Glioma","High - Low",-0.109074570443317,0.551042812800699,0.91173381530081
"High...Low.101","TAK1","Glioma","High - Low",0.0733819352533699,0.653442685510776,0.925267058789595
"High...Low.102","Histone H3 (acetyl K27)","Glioma","High - Low",0.310847900012235,0.0767769245560307,0.405820886939019
"High...Low.103","TBR2 / Eomes","Glioma","High - Low",0.292379263122534,0.031510173634536,0.294137515338294
"High...Low.104","IL-6R","Glioma","High - Low",0.160872885180975,0.26949457674887,0.721888559002302
"High...Low.105","PTEN (phospho T366)","Glioma","High - Low",-0.156290782318292,0.474168241881889,0.856142930969841
"High...Low.106","HLA-DR","Glioma","High - Low",0.0868043918905721,0.875031399015779,0.955651924824343
"High...Low.107","Integrin alpha 6","Glioma","High - Low",-0.050173794745821,0.778269657928009,0.925267058789595
"High...Low.108","AMPK alpha 1","Glioma","High - Low",0.0663440625052337,0.782613234556903,0.925267058789595
"High...Low.109","CD68","Glioma","High - Low",0.133332624936668,0.719837214341996,0.925267058789595
"High...Low.110","PRDM1/Blimp1","Glioma","High - Low",0.592811206565942,0.00512745532059305,0.0962257100833081
"High...Low.111","p27 KIP 1 (phospho S10)","Glioma","High - Low",0.191277271506315,0.301218876633334,0.74855138745448
"High...Low.112","Cytokeratin 8 (phospho S431)","Glioma","High - Low",-0.111447339979976,0.576150365003862,0.91173381530081
"High...Low.113","ErbB4 / HER4 (phospho Y1162)","Glioma","High - Low",0.927793312548323,0.0027593792263248,0.0664160013400389
"High...Low.114","ZAP70","Glioma","High - Low",0.052015716575612,0.821223861707383,0.933734076438864
"High...Low.115","CD11c","Glioma","High - Low",0.0725609008698943,0.733545776999879,0.925267058789595
"High...Low.116","Bcl6","Glioma","High - Low",-0.267733441387303,0.57005074996997,0.91173381530081
"High...Low.117","Insulin Receptor beta","Glioma","High - Low",0.602716200579212,0.00655585579689766,0.109154999018346
"High...Low.118","VEGF Receptor 2","Glioma","High - Low",0.126268631627913,0.609572152810788,0.923783456584658
"High...Low.119","Cullin 1/CUL-1","Glioma","High - Low",0.353642605718406,0.12772748865633,0.506348258601881
"High...Low.120","STAT4","Glioma","High - Low",0.0875937990598914,0.679977652062469,0.925267058789595
"High...Low.121","IKK alpha","Glioma","High - Low",0.224751007926882,0.318158979743077,0.767731451119164
"High...Low.122","Carbonic Anhydrase 3/CA3","Glioma","High - Low",0.14955930762643,0.492868125170386,0.873005774902865
"High...Low.123","CDK1","Glioma","High - Low",0.311186206647793,0.151733450951782,0.537523820924928
"High...Low.124","Syk (phospho Y323)","Glioma","High - Low",0.0308436351628731,0.869817105865415,0.955651924824343
"High...Low.125","LDL Receptor","Glioma","High - Low",-0.0120093824044056,0.953833763309946,0.982665539201889
"High...Low.126","Ki67","Glioma","High - Low",0.140714017612182,0.462290710917583,0.855237815197528
"High...Low.127","Histone H2B (acetyl K5)","Glioma","High - Low",0.424094723324422,0.0351724937990721,0.300318985515154
"High...Low.128","S6K1","Glioma","High - Low",0.00722591492462063,0.97011652133584,0.982665539201889
"High...Low.129","CD31","Glioma","High - Low",-0.0877695862706953,0.738899918032555,0.925267058789595
"High...Low.130","Ret","Glioma","High - Low",0.1610701861476,0.482921467967504,0.859961758466197
"High...Low.131","CD44","Glioma","High - Low",0.8702163385694,0.000159282533527615,0.0132602709161739
"High...Low.132","KMT6/EZH2 (phospho T487)","Glioma","High - Low",-0.0955289709967663,0.784523575316081,0.925267058789595
"High...Low.133","AKR1B10","Glioma","High - Low",0.305564746727923,0.353492391334923,0.808610130914368
"High...Low.134","IGF1 Receptor","Glioma","High - Low",0.38553377216923,0.012163653736914,0.184113486108743
"High...Low.135","Wee1 (phospho S642)","Glioma","High - Low",-0.0712192369705977,0.76092268572845,0.925267058789595
"High...Low.136","VEGFD","Glioma","High - Low",-0.0627370103007338,0.880662799111745,0.955651924824343
"High...Low.137","MMP9","Glioma","High - Low",-0.283582908311075,0.136740532362948,0.511624688504063
"High...Low.138","gamma H2A.X (phospho S139)","Glioma","High - Low",-0.0938473927492788,0.566699832789915,0.91173381530081
"High...Low.139","PI 3 Kinase p85 alpha","Glioma","High - Low",0.00702494828962503,0.970498830282063,0.982665539201889
"High...Low.140","Cytokeratin 1","Glioma","High - Low",0.547684855551364,0.0211975226922504,0.215796012258121
"High...Low.141","PDGF B","Glioma","High - Low",0.0391523214697979,0.857587498515378,0.95192212335207
"High...Low.142","STAT5a","Glioma","High - Low",0.0341949056885473,0.903481828770677,0.965811351981798
"High...Low.143","MyD88","Glioma","High - Low",0.0639248155512106,0.700679844276584,0.925267058789595
"High...Low.144","KIR2DL3","Glioma","High - Low",-0.150175703064084,0.437046544188041,0.844614151624633
"High...Low.145","Granzyme A","Glioma","High - Low",0.370836271833178,0.0441212959443822,0.331427782094637
"High...Low.146","Nanog","Glioma","High - Low",-0.248074169537048,0.13666773293505,0.511624688504063
"High...Low.147","SHP1","Glioma","High - Low",-0.119917055108789,0.613081513228857,0.923783456584658
"High...Low.148","TLR9","Glioma","High - Low",0.464516971366387,0.021385190403958,0.215796012258121
"High...Low.149","Transferrin Receptor","Glioma","High - Low",0.115801237597975,0.643168099973009,0.925267058789595
"High...Low.150","ST2","Glioma","High - Low",0.267688311833753,0.0628783637592819,0.373901698782872
"High...Low.151","Smad3","Glioma","High - Low",0.00714264600019238,0.962410138209002,0.982665539201889
"High...Low.152","KIR3DL1 + KIR3DS1","Glioma","High - Low",0.238453381100378,0.143838103851893,0.526352621787696
"High...Low.153","Catalase","Glioma","High - Low",0.167270641105957,0.332132863289221,0.77672380186842
"High...Low.154","HMGB1","Glioma","High - Low",1.12004328573508,6.9821906303408e-06,0.00123543579968069
"High...Low.155","LAG-3","Glioma","High - Low",0.0472004513990028,0.799245192529802,0.925267058789595
"High...Low.156","STAT5b","Glioma","High - Low",0.198659832256927,0.374697045672783,0.809238968542141
"High...Low.157","FABP4","Glioma","High - Low",0.0113996414662664,0.966888968880408,0.982665539201889
"High...Low.158","Smad2","Glioma","High - Low",0.189628327273883,0.300030135853725,0.74855138745448
"High...Low.159","Cytokeratin 17","Glioma","High - Low",0.0717649504470055,0.653488098681276,0.925267058789595
"High...Low.160","Pro Caspase-8","Glioma","High - Low",0.0501520757470535,0.735234682426898,0.925267058789595
"High...Low.161","TNFAIP3","Glioma","High - Low",0.116826126567832,0.574041864848039,0.91173381530081
"High...Low.162","Aldolase","Glioma","High - Low",-0.144819403236161,0.437127148468662,0.844614151624633
"High...Low.163","SIRT3","Glioma","High - Low",0.154020643177935,0.591726435483538,0.91173381530081
"High...Low.164","Heme Oxygenase 1","Glioma","High - Low",0.222748942721787,0.40285831586127,0.833525486424662
"High...Low.165","ERK1 (phospho T202) + ERK2 (phospho T185)","Glioma","High - Low",0.342494952542166,0.43625246192321,0.844614151624633
"High...Low.166","NKG2D","Glioma","High - Low",0.26541345240675,0.306067652405364,0.754966875933232
"High...Low.167","N Cadherin","Glioma","High - Low",0.0414691549835989,0.886776110422589,0.955651924824343
"High...Low.168","Sonic Hedgehog","Glioma","High - Low",0.374798998955761,0.271277297818666,0.721888559002302
"High...Low.169","EGFR","Glioma","High - Low",0.486388473087237,0.0495048487738876,0.343439888368845
"High...Low.170","HDAC6","Glioma","High - Low",0.578931820535755,0.0757179852763982,0.405820886939019
"High...Low.171","Caspase-3 p12","Glioma","High - Low",0.415166961030893,0.0417756081315418,0.323518081576824
"High...Low.172","HDAC9","Glioma","High - Low",0.224696812321325,0.313466135165638,0.766374190754598
"High...Low.173","Rho","Glioma","High - Low",-0.303617683349561,0.371523573663358,0.808610130914368
"High...Low.174","Dnmt1","Glioma","High - Low",0.356710995486878,0.0865529158131954,0.423854720085207
"High...Low.175","Bad","Glioma","High - Low",0.228321734833465,0.362715404903507,0.808610130914368
"High...Low.176","STAT2","Glioma","High - Low",0.326968560828204,0.262213832534298,0.715714805196075
"High...Low.177","CD20","Glioma","High - Low",0.0154755648376538,0.951757155059198,0.982665539201889
"High...Low.178","p38 (phospho T180)","Glioma","High - Low",0.466949013078539,0.0364856822732078,0.303743304924455
"High...Low.179","HDAC3","Glioma","High - Low",0.590946887886524,0.000602277388228479,0.0257768553850049
"High...Low.180","FADD","Glioma","High - Low",0.355411043726366,0.0330804593172405,0.297724133855164
"High...Low.181","p38 beta/MAPK11 + p38 alpha/MAPK14","Glioma","High - Low",0.198942547888084,0.384884440166833,0.813297556462736
"High...Low.182","FBP2","Glioma","High - Low",0.0459055637781615,0.908207905650913,0.966240359686115
"High...Low.183","MLH1","Glioma","High - Low",0.556777988602917,0.0127586285086407,0.184722751885971
"High...Low.184","TRAF6","Glioma","High - Low",0.270848838887356,0.261334030223848,0.715714805196075
"High...Low.185","TLR7","Glioma","High - Low",0.222252515511895,0.280203550756614,0.721888559002302
"High...Low.186","PI 3 Kinase catalytic subunit alpha/PIK3CA","Glioma","High - Low",-0.0552583004503444,0.866619643791198,0.955577289345924
"High...Low.187","ErbB4 / HER4+ErbB2 / HER2","Glioma","High - Low",1.4453029611355,0.000619263793033151,0.0257768553850049
"High...Low.188","ROCK1","Glioma","High - Low",0.0884806423551091,0.707806420546484,0.925267058789595
"High...Low.189","SFRP4","Glioma","High - Low",0.274164722551872,0.514986535176984,0.892204591170601
"High...Low.190","HLA-DPB1","Glioma","High - Low",0.0240309315046551,0.946883795524309,0.982665539201889
"High...Low.191","CCR6","Glioma","High - Low",-0.663370810956219,0.100733162934498,0.441370306015631
"High...Low.192","Histone H3 (phospho S28)","Glioma","High - Low",0.846124448748559,0.0145242168811608,0.188495277403091
"High...Low.193","LYVE1","Glioma","High - Low",0.100003647831235,0.434267132266447,0.844614151624633
"High...Low.194","CD47","Glioma","High - Low",-0.701722352200759,0.106898602781148,0.450597907925599
"High...Low.195","IL4","Glioma","High - Low",0.260507761417099,0.208417506625455,0.667336824098812
"High...Low.196","c-Jun","Glioma","High - Low",0.146337344588281,0.42114607119585,0.844614151624633
"High...Low.197","MMP14","Glioma","High - Low",0.195256699369023,0.447814431205177,0.855237815197528
"High...Low.198","AIF","Glioma","High - Low",0.221000972499953,0.282561934627217,0.721888559002302
"High...Low.199","ALDH1A1","Glioma","High - Low",-0.0354732875999384,0.920283635651284,0.975406927237448
"High...Low.200","MEKK3","Glioma","High - Low",0.269912653073494,0.155145675972037,0.543826422091455
"High...Low.201","CXCL5 + CXCL6","Glioma","High - Low",0.443328670220932,0.0750249817391005,0.405820886939019
"High...Low.202","RSK1 p90 (phospho T359)","Glioma","High - Low",-0.1121595652754,0.752673752953736,0.925267058789595
"High...Low.203","LC3B","Glioma","High - Low",-0.176954161098818,0.541880106457506,0.906764198242963
"High...Low.204","ASS1","Glioma","High - Low",-0.0539251105123195,0.886310145757932,0.955651924824343
"High...Low.205","p53 (acetyl K373)","Glioma","High - Low",0.542487552140747,0.044787538120897,0.331427782094637
"High...Low.206","ATG7","Glioma","High - Low",-0.0955336643061836,0.730183957920057,0.925267058789595
"High...Low.207","Histone H2A (phospho T120)","Glioma","High - Low",0.0641620359764072,0.876726755039532,0.955651924824343
"High...Low.208","GLB1/Beta-galactosidase","Glioma","High - Low",0.978840781396784,0.00279226432060224,0.0664160013400389
"High...Low.209","SOD2/MnSOD (acetyl K68)","Glioma","High - Low",-0.0603296336539787,0.821573827016779,0.933734076438864
"High...Low.210","Carbonic Anhydrase 9/CA9","Glioma","High - Low",0.395758298137166,0.0891114806697994,0.430059754536858
"High...Low.211","Neutrophil Elastase","Glioma","High - Low",0.14867229563002,0.433272497980341,0.844614151624633
"High...Low.212","Bcl-XL","Glioma","High - Low",0.459372333160773,0.0521033940564591,0.354090412669406
"High...Low.213","iNOS","Glioma","High - Low",-0.11914960963468,0.646917677817958,0.925267058789595
"High...Low.214","IRF3","Glioma","High - Low",0.287544197714973,0.186731219750659,0.615658377989795
"High...Low.215","ATR (phospho S428)","Glioma","High - Low",0.280941428113741,0.222090718489567,0.678497332633265
"High...Low.216","CD14","Glioma","High - Low",0.264634961703697,0.561715528658602,0.91173381530081
"High...Low.217","IGF2BP1/IMP1","Glioma","High - Low",0.0710104480339816,0.736643633475162,0.925267058789595
"High...Low.218","Caspase-10/CASP-10","Glioma","High - Low",-0.0521906201537266,0.766743659495934,0.925267058789595
"High...Low.219","CCR3","Glioma","High - Low",-0.299639759136528,0.210839715022299,0.667673652148877
"High...Low.220","ATM (phospho S1981)","Glioma","High - Low",0.380144332990359,0.239919357775107,0.702506852773279
"High...Low.221","HLA G","Glioma","High - Low",0.184023264490943,0.368061913070137,0.808610130914368
"High...Low.222","ATM","Glioma","High - Low",0.226364796223147,0.241194143498916,0.702506852773279
"High...Low.223","STAT1 (phospho S727)","Glioma","High - Low",-0.118348892275461,0.728418631826035,0.925267058789595
"High...Low.224","c-Myc","Glioma","High - Low",0.0660300509187131,0.763159349865376,0.925267058789595
"High...Low.225","Insulin","Glioma","High - Low",0.162734128490144,0.584841778761349,0.91173381530081
"High...Low.226","alpha smooth muscle Actin","Glioma","High - Low",-0.0299336359471443,0.923692736096042,0.975406927237448
"High...Low.227","Bak","Glioma","High - Low",1.39324640315912,7.42003483291708e-06,0.00123543579968069
"High...Low.228","PAK1+PAK2+PAK3 (phospho S141 + S144 + S154)","Glioma","High - Low",0.341663005028901,0.166157940144076,0.572326595557766
"High...Low.229","FANCI","Glioma","High - Low",0.00883837716041795,0.973812696506377,0.982665539201889
"High...Low.230","RPS6 (phospho S235 + S236)","Glioma","High - Low",0.729398072662266,0.0668709843603301,0.380050029953491
"High...Low.231","MSH2","Glioma","High - Low",0.616684219272967,0.00520138973423287,0.0962257100833081
"High...Low.232","HLA A","Glioma","High - Low",0.44036401541714,0.360849088410398,0.808610130914368
"High...Low.233","SMAD5","Glioma","High - Low",-0.177675260125917,0.478144663925529,0.856142930969841
"High...Low.234","CD64","Glioma","High - Low",-0.11872397683594,0.756160270241612,0.925267058789595
"High...Low.235","Hsp27 (phospho S78)","Glioma","High - Low",0.110998439609216,0.803611616360674,0.925267058789595
"High...Low.236","Integrin alpha 5","Glioma","High - Low",-0.317297832508953,0.16671375306037,0.572326595557766
"High...Low.237","Adenosine Receptor A2a","Glioma","High - Low",-0.269473245381289,0.455567435116597,0.855237815197528
"High...Low.238","mTOR (phospho S2448)","Glioma","High - Low",0.098316291956894,0.732666561114998,0.925267058789595
"High...Low.239","Somatostatin Receptor 2","Glioma","High - Low",-0.0794764593490688,0.885806321054578,0.955651924824343
"High...Low.240","Histone H3 (acetyl K9)","Glioma","High - Low",1.18363043076738,0.000269104627893581,0.0179223682177125
"High...Low.241","NCAM1","Glioma","High - Low",-0.138367877461575,0.784811375645876,0.925267058789595
"High...Low.242","beta glucuronidase (GUSB)","Glioma","High - Low",0.466160019861059,0.0995558307683424,0.441370306015631
"High...Low.243","TRAF2","Glioma","High - Low",0.100169465178741,0.651259867071454,0.925267058789595
"High...Low.244","BTK","Glioma","High - Low",-0.265346433567334,0.370280201941736,0.808610130914368
"High...Low.245","Caveolin-1","Glioma","High - Low",-0.214611522618369,0.610901025490599,0.923783456584658
"High...Low.246","Cleaved PARP1","Glioma","High - Low",0.560487274749316,0.0297979899445983,0.291845019163271
"High...Low.247","Histone H2A.X","Glioma","High - Low",0.736327707326284,0.0208804489822349,0.215796012258121
"High...Low.248","TROP2","Glioma","High - Low",-0.0657822532017565,0.792128697255814,0.925267058789595
"High...Low.249","NAK/TBK1","Glioma","High - Low",0.08541629147887,0.693235979285445,0.925267058789595
"High...Low.250","PKC beta 1","Glioma","High - Low",0.0794515141820161,0.778332758608651,0.925267058789595
"High...Low.251","Histone H3 (phospho S10)","Glioma","High - Low",0.975475678811428,0.0137705649344351,0.188495277403091
"High...Low.252","Tuberin","Glioma","High - Low",-0.109657290880437,0.771048036157214,0.925267058789595
"High...Low.253","NFkB p105 / p50","Glioma","High - Low",0.481357900650988,0.0826293671056223,0.423316603787265
"High...Low.254","PDGFR alpha + PDGFR beta","Glioma","High - Low",0.336329410124919,0.240576424580715,0.702506852773279
"High...Low.255","Lamin A + Lamin B1 + Lamin C","Glioma","High - Low",0.588783430888119,0.0149800435405117,0.188495277403091
"High...Low.256","PAK1","Glioma","High - Low",-0.238652855938771,0.429438573954104,0.844614151624633
"High...Low.257","IKK gamma/NEMO","Glioma","High - Low",0.10133758156522,0.6360296583075,0.925267058789595
"High...Low.258","IDH1","Glioma","High - Low",0.753200597961924,0.0201790182853723,0.215796012258121
"High...Low.259","NF-kB p65","Glioma","High - Low",0.134386622765514,0.636731307401257,0.925267058789595
"High...Low.260","CD63","Glioma","High - Low",0.562423002791997,0.0464143752545492,0.335999716516628
"High...Low.261","TOMM20","Glioma","High - Low",0.32279368990971,0.116651682376955,0.468012171464171
"High...Low.262","MEK4/MKK4 (phospho S80)","Glioma","High - Low",0.3840981206695,0.17347693914594,0.583513340763616
"High...Low.263","Retinoic Acid Receptor beta","Glioma","High - Low",-0.0756990109764078,0.810473662294681,0.927449242419687
"High...Low.264","Pan Trk","Glioma","High - Low",-0.14329711614493,0.699384997151559,0.925267058789595
"High...Low.265","Fatty Acid Synthase","Glioma","High - Low",0.792592400367413,0.00519077292975027,0.0962257100833081
"High...Low.266","STAT3","Glioma","High - Low",0.127066613510529,0.61845445202813,0.925267058789595
"High...Low.267","Met (c-Met)","Glioma","High - Low",-0.13007790967122,0.644585108751006,0.925267058789595
"High...Low.268","Histone H3 (acetyl K14)","Glioma","High - Low",0.860455952719476,0.0012066069620068,0.0386919206863429
"High...Low.269","Topoisomerase II alpha","Glioma","High - Low",-0.0740256520576303,0.718422829032046,0.925267058789595
"High...Low.270","IFIT1","Glioma","High - Low",0.952978634928534,0.0570935000501537,0.365617990705792
"High...Low.271","S100A8 + S100A9","Glioma","High - Low",-0.0424319589140973,0.857040347853886,0.95192212335207
"High...Low.272","RPS6","Glioma","High - Low",0.154006825602307,0.56267004920889,0.91173381530081
"High...Low.273","MEK1","Glioma","High - Low",-0.733638493387497,0.132945776018943,0.511624688504063
"High...Low.274","S100A9","Glioma","High - Low",0.180537301455593,0.517926984171574,0.892204591170601
"High...Low.275","SOD2/MnSOD","Glioma","High - Low",0.0634075494780552,0.893927289477857,0.960250927084279
"High...Low.276","Vimentin","Glioma","High - Low",-0.405059001688036,0.2778179199014,0.721888559002302
"High...Low.277","Hsp27","Glioma","High - Low",-0.241444219267087,0.438793538231416,0.844614151624633
"High...Low.278","HuR / ELAVL1","Glioma","High - Low",0.911111245190766,0.00624841319622385,0.109154999018346
"High...Low.279","ERK1 (phospho T202 + Y204) + ERK2 (phospho T185 + Y187)","Glioma","High - Low",0.789791919142877,0.244717101866968,0.702506852773279
"High...Low.280","DR5","Glioma","High - Low",0.246151345374524,0.417311359486859,0.844614151624633
"High...Low.281","ARID3A","Glioma","High - Low",-0.341181995293238,0.387438764650609,0.813297556462736
"High...Low.282","IL-12A","Glioma","High - Low",0.389351945735044,0.176739817737178,0.588543593064804
"High...Low.283","Insulin Receptor alpha","Glioma","High - Low",-0.208174076634523,0.296591952283575,0.748220606897201
"High...Low.284","ENO1 + ENO2 + ENO3","Glioma","High - Low",0.168902632042585,0.626332421854537,0.925267058789595
"High...Low.285","Src","Glioma","High - Low",-0.350348285794009,0.577804746842441,0.91173381530081
"High...Low.286","Bax","Glioma","High - Low",0.102430636850682,0.690288520185976,0.925267058789595
"High...Low.287","HDAC2","Glioma","High - Low",0.437291558349556,0.0959298261823016,0.437597700256252
"High...Low.288","Aldolase B+Aldolase C","Glioma","High - Low",0.196646903356756,0.783607691500948,0.925267058789595
"High...Low.289","Monoamine Oxidase A/MAO-A","Glioma","High - Low",-0.272464980159182,0.559916022721595,0.91173381530081
"High...Low.290","Glucose Transporter GLUT1","Glioma","High - Low",-0.203027881851077,0.538480185187015,0.905625765996343
"High...Low.291","Smac/Diablo","Glioma","High - Low",-0.0199103640630526,0.949701217059564,0.982665539201889
"High...Low.292","PP2A alpha + beta","Glioma","High - Low",0.222304789777717,0.527698967813718,0.896549776948816
"High...Low.293","PLCG 2","Glioma","High - Low",0.229915479752253,0.324894811751337,0.772785516522824
"High...Low.294","ERK1","Glioma","High - Low",-0.286951472302982,0.478205961442614,0.856142930969841
"High...Low.295","FAK","Glioma","High - Low",-0.487653057754977,0.259785814046198,0.715714805196075
"High...Low.296","Cdk4","Glioma","High - Low",0.829000863413852,0.0392703614869818,0.318951960369876
"High...Low.297","IFNGR1","Glioma","High - Low",-0.0545628334940956,0.864447278567436,0.955577289345924
"High...Low.298","SDHA","Glioma","High - Low",-0.109028501945232,0.726071401978446,0.925267058789595
"High...Low.299","SMAD1 + SMAD5 + SMAD9 (phospho S463 + S465 + S467)","Glioma","High - Low",0.839816559767538,0.0152834008705209,0.188495277403091
"High...Low.300","CD276","Glioma","High - Low",0.32774060584593,0.365024564078366,0.808610130914368
"High...Low.301","Bid","Glioma","High - Low",0.43653782383544,0.0669197900855741,0.380050029953491
"High...Low.302","Ubiquitin","Glioma","High - Low",0.333782186318133,0.275591739108327,0.721888559002302
"High...Low.303","MRP8","Glioma","High - Low",-0.0797261169540145,0.788984416805788,0.925267058789595
"High...Low.304","Hsp90","Glioma","High - Low",0.471931519807284,0.0938757684706412,0.434175429176716
"High...Low.305","CREB","Glioma","High - Low",-0.0540816493912066,0.844109281844437,0.949622942074991
"High...Low.306","MEK2","Glioma","High - Low",0.154835162155769,0.636422086326327,0.925267058789595
"High...Low.307","CD90 / Thy1","Glioma","High - Low",-1.1349842135356,0.135718402430018,0.511624688504063
"High...Low.308","ERK2","Glioma","High - Low",0.331815615925487,0.388331265698423,0.813297556462736
"High...Low.309","Hexokinase 1","Glioma","High - Low",-1.09090801557262,0.111030794919447,0.462165683852199
"High...Low.310","Actin","Glioma","High - Low",-0.0788421656944952,0.791062371951061,0.925267058789595
"High...Low.311","Histone H3 (acetyl K18)","Glioma","High - Low",0.927824188116376,0.000984025049630227,0.0364089268363184
"High...Low.312","Sumo 1","Glioma","High - Low",0.284843351865125,0.383097253295332,0.813297556462736
"High...Low.313","Cyclophilin A","Glioma","High - Low",0.495661537528999,0.103213387026173,0.446187615684045
"High...Low.314","Calreticulin","Glioma","High - Low",0.679073577624472,0.0673361914932612,0.380050029953491
"High...Low.315","LAMP1","Glioma","High - Low",0.236360606354754,0.415805470889792,0.844614151624633
"High...Low.316","Glucose 6 Phosphate Dehydrogenase","Glioma","High - Low",0.50693223972258,0.217995845166395,0.672153855929717
"High...Low.317","MUC1","Glioma","High - Low",-0.0829144238597761,0.718547924654045,0.925267058789595
"High...Low.318","IKB alpha","Glioma","High - Low",0.0731434025479804,0.795269280382079,0.925267058789595
"High...Low.319","Rho A + B + C","Glioma","High - Low",0.0753884111893526,0.793279937937835,0.925267058789595
"High...Low.320","VEGF Receptor 1","Glioma","High - Low",-0.318756277679126,0.453154866312616,0.855237815197528
"High...Low.321","Histone H3 (mono methyl K4)","Glioma","High - Low",0.493474738178726,0.00962085128844927,0.152559213288267
"High...Low.322","Lactate Dehydrogenase","Glioma","High - Low",0.235372688200986,0.40299580574886,0.833525486424662
"High...Low.323","IDH2","Glioma","High - Low",0.234979851322623,0.560112604064524,0.91173381530081
"High...Low.324","IKKi/IKKe","Glioma","High - Low",0.119278638998981,0.522883595273675,0.892924293467353
"High...Low.325","Histone H2A (acetyl K5)","Glioma","High - Low",1.23635249003901,0.000564930238700974,0.0257768553850049
"High...Low.326","S100 beta","Glioma","High - Low",0.0125502706273614,0.982047290268883,0.987981110753892
"High...Low.327","beta Tubulin","Glioma","High - Low",-0.177216324825041,0.647867357396525,0.925267058789595
"High...Low.328","Histone H3 (tri methyl K9)","Glioma","High - Low",1.16522228047438,0.00127811149414346,0.0386919206863429
"High...Low.329","Histone H3 (di methyl K4)","Glioma","High - Low",-0.236377767828466,0.476152473259799,0.856142930969841
"High...Low.330","GAPDH","Glioma","High - Low",-0.224280397614225,0.168779194848185,0.573504815147405
"High...Low.331","Histone H3","Glioma","High - Low",0.471726034301227,0.0748685003762911,0.405820886939019
"High...Low.332","Histone H3 (di methyl K79)","Glioma","High - Low",0.585732078738379,0.0347215091664669,0.300318985515154
