feature	X1552	X13165	X9450	X6952	X9467	X16971	X1543	X17167	X8007	X6956	X2043	X1564	X1536	X6939	X1472	X1545	X9712	X17130	X17168	X8071	X8235	X6936	X16988	X17169	X4303	X1468	X8236	X8163	X1466	X15878	X8130	X15877	X16987	X19288	X1699	X8095	X1395	X2492	X8047	X1542	X2502	X1521	X8059	X749	X17154	X1522	X5089	X3934	X8245	X15888	X1411	X17153	X17137	X8053	X8249	X17300	X2048	X969	X15873	X5825	X1540	X9649	X7298	X9463	X8255	X15494	X5868	X6050	X2479	X4494	X1457	X1544	X7285	X19850	X5265	X2036	X2499	X6055	X9447	X17007	X5266	X4482	X15874	X1464	X1525	X1520	X4479	X2497	X2483	X19322	X15896	X5273	X9731	X1458	X5286	X5989	X6067	X9422	X17151	X15892	X2041	X15872	X19351	X2477	X8028	X2489	X1560	X17152	X6649	X2016	X6833	X9738	X12664	X9648	X8025	X1561	X15897	X6001	X17132	X9631	X17008	X17148	X2037	X3922	X8031	X9418	X7282	X9733	X2480	X14348	X19882	X6893	X2532	X5884	X5880	X1528	X16955	X1541	X15875	X15899	X1547	X15887	X6934	X9460	X7295	X6070	X1526	X9434	X985	X19880	X19300	X4481	X5898	X6653	X19903	X14784	X6629	X1531	X2053	X748	X3931	X19845	X1524	X8026	X19800	X19893	X5285	X19825	X15894	X1454	X17525	X1485	X19849	X3920	X19337	X5878	X1341	X19315	X1533	X9416	X3936	X3607	X19317	X6820	X7281	X3587	X5842	X76214
GBM-BM-460-SL-PreOp	3248.25685251001	17886.1434864278	0	251298.080945191	8460.75677977277	1044622.94869661	0	53719.9750147257	361841.172243794	0	1910.47256841883	0	0	52627.0732775529	0	1442.08610963049	302348.965765992	5103.66323974349	0	141095.104295087	657.554987095664	120890.998499468	537385.679488436	1059.86202846158	2349.05850562451	1101.32362370702	11109.1161760753	66528.3687584384	353.719234437667	90843.6508576123	376223.163094556	150951.302889839	27857.0093055306	0	0	132708.848819271	5141.88564786038	6634.50307669625	298239.732974713	0	478.7518575997	0	0	319.383850875037	34529.086952918	0	1537.31821120986	163.255031278923	5356.31983577039	27329.0218035769	0	29559.5260602965	21505.6111838696	87184.6650772022	197258.074242165	0	4423.43394274797	23152.4139200245	41795.8793571072	8847.51572292165	13378.4906783375	1752.40023654559	17985.2626125614	0	34808.9527208247	4685.80810016053	7707.32185367203	0	347.240860180567	0	0	0	1548.97928487264	0	1095.49308687563	0	0	0	24422.8231118418	2987.82620737458	148.354770487593	844.780003125857	94506.5236625768	0	10531.8930297677	693.833882935424	0	2969.6867594547	62.8402302938713	0	0	1414.22910032496	1981.08684782122	0	0	0	0	4802.41883678833	5974.35673989774	9225.8527795363	0	56717.518783486	3694.61683882421	0	1832.73207733363	0	0	0	0	1243.84785736323	3601.32824952196	0	2375.61984007862	8337.66766888787	45944.6302313542	0	11398.051667942	22769.5420014298	7756.55749802599	0	7116.4941214245	10604.4508214472	464.49943423408	6537.32746283974	27224.7199780376	4378.08532294827	3441.31240537159	36725.2558260749	10638.7862050098	14652.1390572834	4312.00590552585	0	319.383850875037	1480.95635517309	68.6707671252614	0	258.487132858295	0	1336.48860923976	3785.96191584932	0	26142.8314771019	0	11251.6404097315	4013.35285227353	516.326428290881	0	3617.52418516471	2021.90060564095	5507.91379338653	2772.74418203886	544.183437596411	0	2647.06372145111	0	240.347684938415	0	0	0	709.381981152465	566.209910070552	0	0	2677.51208045949	0	352.423559586247	700.312257192524	1362.40210626816	9296.46705893869	0	0	0	0	0	859.032426491478	594.066919376082	0	0	0	0	0	3379.12001250343	546.126949873541	0	774.813561149176	36.2788958397608	0	163.255031278923
01-2020-108-SL	451423.436557222	316239.033581838	402148.086466364	0	33228.5803338815	861485.569107494	54461.1329195237	104111.358877514	369252.72912549	535374.804357834	29073.7061398299	34092.8774719925	2113.88336188591	15255.3651485855	32947.4234335321	0	170860.089664158	220739.40642984	134705.394922937	0	0	35467.4223181449	0	0	335045.306249651	1634.87530943886	14401.481229006	31302.1349055618	7237.18687936309	0	6466.60870803522	0	197684.540601193	9319.83058565463	0	42715.0224160394	3342.64314859792	24346.1049265481	30385.7716747935	0	0	0	43371.0551835213	0	0	0	55887.7438583334	26897.3434667552	0	0	23034.0393915844	0	5550.24547726695	0	0	0	37206.4298128983	0	0	0	0	0	0	1103.80116433451	9017.84724824236	0	0	0	32541.3079108053	33114.0349300354	0	0	0	55179.6449981943	0	2686.61038111608	29188.2515436759	0	0	0	5341.98110663779	0	0	2093.056924823	0	0	0	0	101310.203092552	29854.6975296892	0	167402.901111714	0	0	0	1249.58622377492	0	0	0	0	0	0	17442.1410401916	0	0	0	0	0	0	0	0	0	0	0	0	0	0	0	1353.7184090895	0	0	0	0	0	0	0	0	0	0	19441.4789982315	0	0	0	0	23450.5681328427	0	0	0	0	0	0	0	13589.2501835523	0	0	0	0	0	0	0	0	0	0	0	0	0	0	0	0	0	0	0	0	0	0	0	0	0	0	0	0	0	0	0	0	0	0	0	0	0	0	0	0	0	0	0	0	0
GBM-BM-323-SL	3167248.94297434	60540.7750425796	0	25064.9792384079	816171.472246108	2008066.74621751	0	4104.074272367	0	921526.170209817	740848.12787495	36010.1650415605	28913.2279424132	112951.433277493	0	40569.5890707412	1443478.48396977	76833.604193649	3859.11388258432	2359.71923867263	3707.00138247734	866.251055804058	12064.2991967968	0	5709.15747154784	186458.317338932	0	6058.81867309246	3527.23206416909	11707.7237907018	6217.84537774976	24155.2674682876	1252.45876711465	0	475.104626957528	0	12883.1385642558	61688.5329979323	6232.66153035759	0	30867.9723431387	0	342763.78863393	6612.94278062505	0	0	1274.18912427279	0	0	7111.75325175509	49950.1891585076	100558.215492803	111969.616231348	1828.31323180537	18447.097740247	0	37151.99653587	14421.0552049478	2845.68904420922	1138.868263788	1588.29155955864	0	36155.3633371171	11159.5261442124	221850.154944993	0	4105.06201587419	1184.30446511866	40634.7801422156	11943.7944889198	93266.6929227393	0	6648.50154688382	525.479545824126	0	39679.6321707647	0	323.979870357732	0	5595.56696822119	567.952516633219	916.625974670656	4412.25024660972	0	13512.3311783347	43958.537043904	0	30638.815849471	384.232224296213	2224.39837818784	116518.17508195	5158.984338044	0	0	0	25502.5496120923	21277.9706318484	8425.45211631541	13768.1567466964	23049.982483744	0	1654.47037454025	1157.63539042458	0	0	0	872.177516847187	0	1156.64764691739	3767.25373641582	148.161526078231	0	196.560957930453	5309.12135113661	0	16684.9633234232	19665.9732281172	5934.36299118675	19825.9876762817	0	6804.56502101956	2279.71201459038	0	913.662744149092	293.359821634898	43588.1332287084	1383.82865357068	0	0	7655.99992421579	4331.25527902029	0	24843.7246927978	2215.50868662315	0	0	524.491802316938	145.198295556666	1772.01185189564	107.664042283515	41979.0990554988	0	0	0	392.134172353718	8023.44050888981	24884.2221765925	31671.9955579899	297.31079566365	1147.7579553527	2981.9976482012	8446.19472996636	1933.01404356732	4274.95389911056	2578.01055376122	0	818.839367459024	0	3542.04821677691	14198.8129158305	1725.5879070578	4284.83133418244	17852.4761489197	988.731250695395	0	53.3381493881632	1075.65267932796	0	2750.86566751916	0	780.317370678684	246.935876797052	0	4852.78385081566	0	3070.89456384814	4260.13774650274	2141.42792358403	40.4974837947165	1842.14164090601	40.4974837947165	2195.75381647938	0	718.089529725826	0	1380.86542304911	114.578246833832	0
GBM-BM-452-SL-PreOp	234837.585640411	53311.8646389675	2554143.74520935	35342.8272205297	7391.87702143661	1025249.35684011	34897.2772934138	179915.363610794	4983.42721660903	301406.110735079	585286.076623406	264806.354396105	189403.008281448	14609.254369629	413977.001465611	545122.806652648	396879.576628251	49979.5409296033	0	55288.9370789731	0	69855.6737617202	39925.8795523348	108994.090321598	133678.264911936	47233.6069851511	739.630594715347	62778.2504661806	0	8797.61804396745	14804.1271011708	10941.2180909269	51062.8561599468	0	0	413368.467072115	32068.965330628	7843.62744455616	24794.8977332599	216190.922587294	720.14332156117	18490.7648678837	69030.1220080978	16632.3876370899	32508.3147617404	85301.1093066921	8701.06746333994	82815.5961943912	0	12034.2769578475	0	113721.525631772	1084.20101548693	2721.13196043778	1408.39837796096	0	4380.20753397292	34962.8253940233	9516.87558038525	2872.60121995433	13707.5250936766	27.4593394445219	159593.680851561	14071.5827876024	65766.8895399166	0	16965.4428509976	48308.0643640609	1746.76830272894	29020.0928671427	115.152068638317	0	24096.0132551396	86766.1979338288	3059.50188520576	2062.99359891263	0	25509.7263439608	30190.2150415367	16860.9202040798	18023.9560973268	3360.66883395213	0	12007.7034035464	24873.7326110199	418.976372814801	33435.7318068505	1505.83474373184	3330.55213907749	0	0	44040.3515432962	0	7448.5672706124	0	89382.8072473487	32574.7486474933	0	0	611.191748926454	0	1039.91175831834	22051.6211442378	0	3139.22254810921	0	0	0	6809.91618224142	12859.8287114699	50929.9883884411	14181.4201453805	0	3920.48504456302	5165.89895614359	34617.3691881083	1075.34316405321	40469.751630365	28158.2239226421	53611.2600174271	7872.85835428743	4063.09645264586	0	27003.1600956854	8290.06315681548	5118.9523435449	856.554233640407	18797.2465274903	1262.24382930463	1687.42069812304	3645.8916501178	0	9035.00846239106	0	23836.4782081317	0	0	11036.882886411	5200.44457673509	4389.06538540664	0	4779.69663363355	0	0	21955.0705636103	311.796370466829	27484.1414285363	1842.43309821308	4922.30804171638	1192.26680297827	229.418352133263	0	9519.53293581537	19490.8162947503	0	1767.14136102649	0	1627.18730837376	2665.32749640536	3892.13991997513	12302.6698562892	576.646128334959	473.009266560473	3857.59429938363	2007.18913488021	930.960185683628	3262.34668303787	0	812.264976471824	0	744.945305575577	10709.1423833635	633.336377510746	2887.65956739165	0	0	1411.05573339107	826.437538765771	698.88447812025	447.321497402695	1973.52929943209	0	577.531913478331	3308.4075104932	504.011746578482	0	1124.06134693865	0
01-2020-10-SL	304966.740187529	10307.7972996344	574373.657029212	127042.983184801	138019.263149762	273738.983276201	13229.1412379122	12232.4858674706	316.502267521947	912983.001074812	879841.759215736	819451.912847039	814744.058322026	21011.455842423	728576.549397928	7112.89830417684	309494.86997361	38521.7804069484	91151.7194113132	935.502277454249	98011.1358109702	7069.95109383463	25906.5041864276	17044.9075133169	86851.8633845512	0	12191.872744647	234175.733018454	327943.497720612	9600.56878149905	125203.722220146	2162.7654947333	18761.3954744941	747.374823455216	0	52086.563430035	351665.762807136	222216.335390659	14739.2958624453	0	31165.2033658299	0	184795.777474986	182392.600965837	400.06260068777	6684.82665326589	22657.4543605386	21680.4053252533	168424.020802033	0	21629.0553998442	16617.7694974134	89079.9833298052	838.404236680555	7246.87492774439	0	125810.118157477	20405.9935400986	2865.32583783143	1895.27906510192	3474.52268018562	33818.5940569726	5492.1079312621	0	67055.0666868067	0	0	542.441939322274	98254.3477304082	92734.2307489229	4149.54079056428	0	1099.35522125986	70762.0644838448	0	76793.3466319031	76412.4235488678	0	16441.779298511	100.365763299732	19538.1798006837	0	0	66826.7929274878	27759.3028586911	1429.8620138934	0	9490.3998506212	43369.6801830774	613.398199887666	52218.6727835877	16020.7099101559	38554.4576322088	5364.66675274662	16888.5236495708	5173.27157622155	18968.195628642	5197.54608641497	72.8235305802709	6640.94580791624	4650.4359720555	0	7369.18111371895	30351.5404568465	0	31076.0412226194	24090.1172794544	19795.863062737	8035.79650903066	3947.87562895738	15953.955007124	35856.7192782127	35228.382918206	33477.8172792572	0	30922.4582638957	25647.8872893669	0	31632.0208695496	0	267.01961212766	600.327309783515	14923.6887764146	2046.06111880338	0	26988.5871600499	0	3441.37863742152	26208.5351113343	1097.9547687487	286.159129780167	29.8763202380599	23613.9634256603	0	418.735300836558	391.193068117096	14591.3147137662	0	337.042237685613	3833.50534054605	19821.0712079378	0	0	181.125191443238	2543.22176026485	697.42535055721	4111.72857276299	16996.8253104337	488.75792639451	0	959.309970143953	0	0	0	11964.9994378392	0	0	1449.93516655334	0	4894.11470899718	580.254157123569	774.450238670958	0	0	1065.27754348832	1363.5739283652	2053.99701636661	5651.75951753423	492.492466424268	1375.71118346191	5653.15997004539	2937.68255090798	1149.77151166158	3817.16672791587	329.106340122378	0	3878.31982090314	0	0	2345.2911386877	6.53544505207559	63.4871805058772	1111.02565885285	0	0	921.964569846378	26.1417802083024	0
GBM-BM-396-SL	1223204.08079829	11165.0968154362	680145.867774271	279242.585755334	50262.6252326234	1080451.03287457	1612318.88700211	1474782.45881228	3599.84654760023	428080.080196764	238939.907472263	752292.14220534	1061674.61964352	6219.67295148844	974.076124644768	1158769.42810459	350707.52700082	209868.453216751	735583.504607315	77645.2350706541	8357.29080854641	598793.793812806	23247.058571995	0	95856.9664903092	17704.2607917891	270.452867559646	37289.8036183612	0	10734.8984354444	0	28329.1948744895	34136.5015031878	17262.9173760462	0	55700.6596767691	202996.424172633	19048.3521033699	10011.9571163907	9098.80718718522	5449.17947989681	294561.065894008	280727.104517378	129321.793838898	0	113425.257845935	116553.297880073	186804.916233458	0	182.778586317782	24100.7683105281	13752.974116838	2912.56934295003	641.21105687905	0	0	160995.242441096	107759.121670084	0	7697.50469208222	16374.286525493	1174.68676816428	4206.87949484262	57993.5650319588	84931.859444713	0	86744.0422578393	219.185703104658	15019.7931805446	76044.8079367984	837.363686098133	11831.5699533511	11025.412367356	121453.398598633	9796.4864252031	2111.61277363877	3265.4954750677	57000.1708453455	0	3372.48781827811	109263.70149648	16667.7724669383	0	0	1277.96409945767	13427.5390729064	0	1159.08371811277	10386.4303176272	90828.32635942	1689.58741986438	79343.7385191193	0	302.401970046087	75524.7062684144	10039.4482045767	71980.5848995696	368.529182169187	1057.2923915862	660.529118847596	719.22630713664	304.630977196304	67966.8860244125	812.844607445748	0	12748.4348944736	5808.04963108173	0	425.74036569142	572.854837605733	17727.2938656747	1184.34579914856	0	156.03050051518	0	1234.12695883673	12449.0049339612	3079.00187683289	33244.1556407176	0	1238.58497313717	1567.73502898586	938.412010241298	43857.2016852835	0	11297.3512396824	772.722478741844	453.974456260834	10187.3056788745	8300.82262740758	3811.60222687083	37847.7984082989	7856.50720213102	875.25680765182	28154.5893143891	104.020333676787	497.06859449836	0	0	250.391803207694	865.597776667547	5815.47965491579	0	0	0	1035.00232008403	5567.31685885831	8497.71825901007	951.786053142599	939.898015008109	494.096584964737	390.07625128795	12980.9946404796	181.292581550971	370.758189319404	2237.92317881773	0	453.974456260834	0	1144.22367044465	7.4300238340562	109.221350360626	1388.6714545851	0	2902.91031196576	561.709801854649	9247.40766386634	0	231.816743622553	587.714885273845	222.15771263828	2805.57699973962	0	714.768292836206	768.264464441411	572.111835222327	208.040667353574	0	0	3278.869517969	706.595266618744	0	3204.56927962844	0	1672.49836504605	0	225.872724555308	17.0890548183293
GBM-BM-318-SL	3534608.49765143	63529.4208446529	650651.828833496	832919.987482707	375884.312658249	453198.468951623	629639.563936997	105838.970055991	489124.990695449	559.482561926379	121259.928091478	809590.620277852	818888.938956408	260972.224451773	22739.9751977939	0	695424.508820611	7363.00164044622	0	211577.655501826	890.245837530654	587395.111753304	16953.3772538446	0	9379.25011833185	126867.06936462	18184.9426417329	25760.8291563712	0	71960.3656143108	72526.8856927394	9790.94483371164	10169.2113457059	29673.6883316048	6970.66009544753	28338.3195753088	112862.411525205	55707.2212524369	29406.2627045205	14861.4754735601	19011.8508307436	3136.97298086394	1171.7464976194	210085.702003355	52849.9895525362	190007.667422526	34422.2525914768	42791.6190917402	1560.56928436698	18318.655455275	1720.67278479245	86480.5215375134	17310.5312163322	10579.1466819601	21768.7979204877	55962.3312256424	17171.5402654134	60772.4737549088	9324.70936543966	1530.65983923255	14986.3913914745	27041.657159775	51124.0386303671	28843.261384343	49628.5663736456	399.379061500906	179291.289168772	0	4326.31326973889	24247.7631083942	57660.1320818026	340049.278628952	2665.4593752153	6196.53328020349	1578.16307562252	6168.38321419461	0	7370.03915694844	69284.3499643422	4150.37535718342	46055.2673696441	49114.8276689837	1502.50977322367	0	19420.0267878723	61536.0442953995	0	17803.1573714875	5681.03519641597	928.952178292856	0	58889.9380905653	21599.8975244345	31848.2809307903	4426.5978798955	60417.0791715467	1829.75429057684	20322.5882792818	42942.9256965379	113135.115289666	279.74128096319	94707.3783286069	73378.4251895079	14053.9204549306	36118.2940685115	0	0	0	18696.9219672693	1074.98064571389	21116.0682649069	7971.74681788813	0	0	1418.05957519705	13448.6940357398	14778.7846546591	7621.63037190275	67129.1105355378	3145.76987649172	10190.3238952125	7952.39364750703	7199.37938176964	25139.7683250504	6828.1503862776	302.6132095954	830.426947261796	23403.261128128	409.935336254234	0	186.494187308793	828.667568136241	3933.9717247402	2850.19418339854	14221.0614718583	0	0	5927.34827399362	9198.03406839972	31807.8152109026	0	1968.74524149566	7554.77396513168	30034.3610523435	5179.6121456329	225.200528070995	0	6268.66782435123	1307.21869028711	181.216049932129	4664.11406184538	5156.74021700069	6127.91749430685	402.897819752015	0	5920.3107574914	0	0	0	0	1952.91082936566	1491.95349847035	2816.765980013	0	0	226.95990719655	23185.0981165592	4840.05197440085	0	1381.1126135604	0	0	1423.33771257371	0	680.87972158965	971.177277306168	0	0	0	256.869352330979	0	1157.67146461496	0	0	0	0	0	0
01-2020-64-SL	431859.560243831	321947.033156785	172653.40021365	332116.948783607	174277.387830484	142077.933697789	58468.3050230284	3590.03405886096	86795.8432872122	22444.4431919878	0	206.660540221153	5952.77372177253	152799.73590137	0	0	94295.007947881	3514.0209865957	0	77369.4305234849	0	48853.4431843101	15079.0932106193	0	0	985.002728103888	118874.151585985	619.98162066346	29988.740614314	33836.1105949063	0	305.6358947332	20822.8309836624	0	0	166952.419793756	4793.57436972744	86083.2207347255	36896.4285564188	1398.3238085462	141189.530915689	906.614247330347	0	0	12513.6520216671	24465.1240297057	4611.45971742528	0	6389.05708446163	6101.63265495865	1669.12037849115	273.963781289345	10039.2681588659	0	7012.20591646948	833.768386409481	0	3460.17839374115	994.504362137045	0	18279.5602741209	0	0	0	10123.9910623282	2246.34464600541	12284.8210020352	1015.88303871165	30512.1222889737	14894.6031498089	153509.191242512	4530.69582814345	0	1107.73216769883	3746.01921757194	0	0	0	0	0	3047.64911613494	19563.0726714331	0	5371.5904400778	4548.90729337366	22788.0856228536	0	6579.88156796086	0	0	11720.2655798985	11946.7211910221	3498.18492987378	0	0	0	0	0	0	1319.93532777265	0	0	6623.43072394616	0	0	0	2068.18900788373	0	0	0	0	1810.06128331631	118.770425414456	330.181782652188	0	11032.9807181669	4642.34002803304	0	46.716367329686	0	1083.18627977984	0	0	0	0	22727.1168044742	1734.84001388715	0	0	0	0	0	5076.24798221385	0	3459.38659090505	0	4499.81551753569	0	0	0	1074.47644858278	0	0	776.758582210542	0	0	0	15381.5618940081	10.2934368692529	0	1191.66326832504	0	1126.73543576514	0	98.9753545120466	0	0	0	0	87.8901148066974	0	0	1722.96297134571	1627.15482817805	107.685185709107	0	0	0	1163.15836622557	0	0	231.206428140141	0	0	216.16217425431	0	0	0	0	474.289898821728	0	0	1101.39774501006	0	0	0	0	0
GBM-BM-385-SL-PreOp	585643.872764593	0	2544.10565056863	303928.145279887	74377.9169606459	1087129.1658082	292255.269941952	212359.835184964	42462.3563741647	0	4091.33169928402	29804.3880963355	552.159779471239	65253.6806048022	0	168354.786093607	20241.3252490894	188078.858215951	0	360908.949188819	0	180667.314509403	138660.557953275	360133.749498428	23447.7506351321	84556.6062286818	0	18081.1927784978	0	101858.519318419	57144.9105100551	263236.961531662	0	4370.13158793329	43649.1825668212	68903.0124806179	15020.7406674877	1312.39947583681	11766.2619673038	2957.54548544365	300.106546806207	0	0	0	5876.10431979163	84815.9127917833	17179.0598054701	4398.69157652663	1528.18605631983	0	7292.31708749947	18864.5524656295	141012.903680431	20936.7383046796	8416.12997198978	31312.1741608029	3000.15880175752	109772.356157687	1003.2262659851	6481.75741123135	31872.4939370151	42.1599831615971	83978.6064595309	0	46119.394913569	1740.34597158464	58047.9501493873	0	973.75961108721	170.453265255489	144.613275575801	0	4978.95801143893	38247.7180574618	44002.3290924436	0	0	12554.6083191104	1004.13293228965	67360.3197634253	0	11059.968916059	69.8133054503866	0	2481.99900870692	7400.66371089325	0	1406.23943835779	374.906516931621	0	0	25271.5099067354	0	7087.86383582334	0	15181.2206033932	3001.51880121435	1480.13274217865	17461.9396924899	416.613166940943	5091.83796635547	1782.95928789851	12897.3281822305	0	11831.5419412314	0	27082.575850075	0	0	36080.7855895862	31109.9875748882	1804.71927920772	0	4217.81164876881	65.7333070799094	11655.1953449964	327.759869094997	45263.0485889211	5479.4378115508	1129.25288231762	16979.1398853167	13595.9145698866	0	25393.4565246974	16896.6332516026	572.559771323625	1159.62620352006	23681.2172085539	0	14863.8873968005	23614.5772351694	0	1718.13264712315	6228.34417910949	16779.6732983156	1152.37287308365	0	860.426323018401	19402.6589173802	0	2948.47882239814	4361.51825804006	4016.5317291586	0	9215.35631945103	0	14683.9141353472	862.692988779777	2259.41243093978	1518.66606012205	3196.4520566927	2507.38566523434	13655.754545987	6619.11735637074	0	876.292983348034	11460.262089518	1617.03935416577	10717.2490529389	2504.21233316841	6706.15732160759	7794.15688706816	644.186409383112	658.239737103645	3204.61205343365	35.3599858774685	1247.11950190918	4964.9046837184	78.8799684958913	187.226591889673	2396.77237607918	860.426323018401	1583.94603404968	5172.98460061273	238.90657124905	1302.42614648676	3085.38543438527	3550.50524861966	2812.0255435633	0	1163.25286873826	0	0	615.626420789772	966.052947498531	456.506484341164	903.492972484548	0
GBM-BM-307-SL	89908.8246439949	278991.761150951	86380.2086563901	645822.173779807	288522.131519235	247244.898268525	1543138.34422158	166942.182035475	237218.346620752	0	33460.6788477878	45934.1518738668	11299.5333648203	89563.1484492818	28273.5939259978	1424819.98557501	95551.308822303	1042792.44338589	0	6670.77375752473	61858.5608437948	270113.903150217	51576.6360521749	0	69395.4670891962	48170.3661334854	2683.84551176104	134679.717862619	0	143844.021024704	53860.4293385938	3601.4410286258	19155.8987901671	0	0	11000.4651963607	34044.2501765029	11729.6866071177	359938.250746627	48502.4483205412	53224.4239803436	5786.19225925617	157112.743498732	4987.05880911893	376977.36834445	134627.283833084	29999.0618979224	15723.41185671	6367.82158687732	29501.9096178856	12588.0510906187	344.705194166125	16140.9420918972	62999.4864864574	18805.3675927193	0	8185.53461076179	58312.466846345	3353.83588915436	2051.72415569865	27984.2357630077	9605.13741039806	28184.2618756787	108395.704057316	40362.5507354859	13813.4537808656	141415.54865679	2388.66134548921	27322.0133899899	18159.6522289996	9766.32350119123	0	26443.2578950031	140199.855972012	98575.0045254954	9813.90252799163	0	148833.021834916	208.765117593569	3773.30812543539	0	26741.3550629157	0	0	12065.6527963613	53673.99723358	19669.558079502	15120.4205170561	0	0	24306.0856911731	44137.8008620152	0	4442.32750228175	4470.48651814321	17294.49074167	181.577102279057	27088.9732587227	22715.5867952742	0	0	83998.3443147295	17575.1098997377	0	16971.1475595367	9792.5405159588	0	0	0	0	6365.87958578343	1071.9846038293	0	0	2566.35444558048	13567.7906424881	5098.72387201781	19453.9959580798	16362.3302166011	4483.10952525352	25158.6241713924	8850.66998542037	873.900492252148	5959.0303566127	19119.0007693831	38552.605715977	492.297277302044	0	53999.2824168072	4833.64072270133	1606.03490465006	254.40214330007	6115.36144467114	0	47879.0659694013	0	1104.02762187855	1156.46165141368	0	19355.9249028381	0	2472.16739252663	0	397.139223701254	0	0	0	11918.0607132254	3127.59276171574	1722.55497028368	2879.9876222443	1421.54480073016	838.944472562062	240.808135642814	8.73900492252148	965.17454366515	0	240.808135642814	1264.24271212477	1344.83575752136	526.282296445183	1173.93966125872	2384.77734330142	1000.13056335524	3310.14086454175	2753.75755114121	7172.78104029624	1846.84304029287	316.546178304667	2434.29837119571	0	93.2160525068958	31.0720175022986	0	0	7929.19046636783	73.7960415679592	3545.12299690288	0	0	315.57517775772	2050.75315515171	2516.83341768619	0	961.290541477363	451.515254330277	0	0
GBM-BM-259-SL	1734626.51510073	3965.42201502992	282634.10421838	839046.949776009	1801.62647511157	183045.513267019	0	42887.4021652107	170667.233121132	88615.5267769241	78271.9782860423	361515.843511715	39623.9296466972	12944.5808654032	0	75921.1718108419	42339.5391435394	71286.7247597325	145678.884627881	111927.361744724	0	337325.583939457	5569.50172751961	0	21636.6384207661	39862.3027402609	5267.91366991687	23193.3069102265	13998.1635993866	1997.85625931597	1065.43553974069	3225.2801444066	2200.67093560777	3916.69381358319	0	30114.0284940798	41566.4728124791	41109.4813016138	231.788201476342	16414.818995461	17733.1143913577	0	1068.06949657565	51888.9496486812	0	104228.30591614	51701.9387133991	19002.6815858076	0	13691.3076281139	0	6322.81338231772	5133.58187133399	0	0	4232.7686337782	38642.7807256752	349631.430272383	11862.0246062353	659.806187157088	3378.04964083419	0	3945.66733876773	0	22986.5412986823	0	14206.2461893483	3002.71079185261	32375.2804368916	43349.6615897459	3464.97021638782	0	0	44969.5450432454	13172.4181316271	6741.61251907611	1532.96287794581	18631.2936720785	26949.3293568772	5975.13108010321	5637.98460522853	172871.854991992	450.406618777892	0	30323.428062459	1183.96359731382	171336.258157211	8889.60431798472	3570.32848978616	0	5861.8709362	68215.531090171	0	6180.57971322997	19715.1669096639	21515.476406358	11453.7612968168	0	0	0	2382.4139572199	2780.14143929863	96861.1286487615	0	301.588057602741	0	15307.2401463609	113524.856565126	273.931510835677	2794.6282018909	14825.2260455635	0	687.462733924151	0	2083.45985645212	15004.3351103407	3077.77856164893	3246.35179908627	56900.0525271896	0	3495.26071998984	0	0	34336.2613005181	0	3197.62359763954	688.779712341631	0	2583.91165509422	3054.0729501343	2491.72316587068	192.278848951966	898.179280720826	1606.71366932465	17739.6992834451	0	0	0	4105.02172728272	0	0	0	0	0	0	0	1401.26503619789	971.930072099662	100.090359728421	0	1307.75956855686	771.749352642821	967.979136847225	0	0	64.5319424564816	269.98057558324	0	3761.29036032064	5494.4339577233	1035.14503613866	8418.12604452716	521.52345332177	202.814676291799	2366.61021621015	0	22193.7202913598	0	0	0	0	907.398129643181	0	3727.04892146618	0	0	2905.25438895915	0	0	55.3130935341271	0	1702.85309380063	189.644892117007	0	0	0	0	0
GBM-BM-428-SL	405717.810990434	0	0	57390.7919489471	0	131434.884277808	2447585.77152201	0	201458.591838407	0	0	14490.6383139527	0	442055.749766653	0	0	0	2700.31831241594	0	36909.700083082	0	857995.047979791	16520.8924983249	0	8710.8336645691	11738.1593209106	0	25083.2688411118	0	238799.620626667	63531.7090026656	24621.8474355727	0	0	343.056784118221	0	114528.80521486	0	0	65772.6120895665	0	0	0	0	17289.2594475487	762597.175474588	31603.3539193821	0	0	7001.56828405024	9906.51695892266	0	101956.07500393	4086.5887090574	898.768650789257	550078.513163411	1293.98611553364	226650.194400819	475.46466570771	18402.6893609149	487832.765556182	0	0	0	1428.40017714721	444073.96687088	177962.211396345	0	0	0	0	0	0	0	149009.021288777	0	0	1777.47550133768	0	18825.9933459964	0	20065.8126008798	9567.47253485261	0	19909.3305590013	174744.298637716	0	1386.27039664147	0	0	0	0	0	4016.37240821449	0	0	0	2122.53846547999	113816.61130631	4642.30057572844	0	2423.46546909246	2150.62498581715	0	29340.3828522163	0	0	0	0	489.507925876292	1966.0564236015	0	0	0	0	37062.1697649124	0	9003.73594808524	1057.25687269183	0	0	4160.81736994848	0	3406.49368089321	6477.95529776453	0	15513.7901262351	0	0	62815.5027340679	154.475861854404	0	0	23036.965216547	42228.0833269265	0	0	82550.295630974	89006.1829484736	0	0	0	0	0	0	0	0	0	69359.6619726272	0	5143.84558174923	3721.46394467427	44657.5673360912	4397.54661279029	0	826.546169922263	425.310165105631	329.013523949639	2034.26654442033	3342.29592012255	2483.65086981496	5264.21638319422	0	0	1452.47433743621	710.18772852544	0	0	0	0	0	0	0	0	0	3342.29592012255	294.908463540225	68.2101208188275	0	0	1105.40519326982	2435.50254923696	0	0	7057.74132472457	230.710702769564	537.656246454288	0
GBM-BM-454-SL-PreOp	1266858.28154234	27702.955204863	297738.080586768	821439.219119885	73128.0700414041	1754652.57950666	859520.600154549	640470.509898743	140208.846596773	30780.4477117974	31135.2774894027	603521.270566944	53629.0002004731	44399.2840008963	0	331205.29385195	193523.056177425	360584.371041299	0	81185.6053803316	17240.3090776538	526603.287142169	59644.5384924038	565002.22011788	35263.4527230205	1034642.21167858	0	112993.264588387	85359.3424141866	44243.269351599	15249.3964733472	3225.2231925522	16369.112230693	4858.54469802706	419.720826428026	78792.9205375692	82870.0113284967	9533.46153449185	25792.1209161249	626238.660297361	1238.45257008533	108474.36240122	383329.373983981	0	362252.209062105	289133.803644993	30377.2948127284	1866.65314911412	11293.8038163857	3179.66139231495	14588.0600396004	91645.4901863143	46419.1904780812	7222.2356679112	4059.14220295526	2188.34707200139	5914.75006716337	125064.380330033	8202.50470331877	1906.69230689837	3248.69442297745	23678.329517239	43740.708888376	4237.24742206452	56145.944498428	80.078315568505	298288.964171455	293620.950638056	16181.342387291	12246.4596395283	744.176070541797	3944.5473720555	20277.762426804	88174.5094046036	41481.9481250989	792.49919200555	0	49576.7613005841	6752.81105940618	7071.74366106695	5445.32545865834	68181.163064129	168.440594816511	1783.81351231911	10049.8286038474	3894.8435899785	83204.1311969032	1456.59694697884	911.236004745057	0	0	35458.1258694887	316.17128043427	1572.57243849185	5514.35848932085	49699.6400951634	15528.2899172237	1966.06071326812	6010.01564947763	4269.00261616927	1317.15022504058	19576.386835273	87105.878089948	6201.92747471939	2573.55138309816	0	1659.5540571266	0	0	14692.9902462074	27683.6259562775	734.511446249046	734.511446249046	10642.1320069317	10851.9924201457	20159.0256140645	0	48390.7738338023	25459.3817083316	5488.1259376691	10753.9655166049	127.020776419008	0	44444.8458011335	7699.94424009573	3078.87316754769	114.594830899757	8491.06277148803	1674.74132387236	4379.45546522928	285.796746942768	0	5830.52976975512	0	49024.4970552841	0	0	651.671809454041	128.401437032258	0	996.836962766563	0	4783.98902491155	55381.0585186875	5108.44426902532	1271.58842480333	14448.6133176622	0	889.145434933056	161.53729175026	276.132122650017	821.493064883802	8946.68077386056	15767.144203316	0	2247.71547837114	0	838.060992242803	0	0	8771.3368759778	2054.42299251613	792.49919200555	0	200.195788921263	346.545813925772	3791.29404398474	0	4266.24129494277	0	185.008522175512	7575.68478490323	245.757589158515	559.167548366285	0	0	20.7099091987513	305.125995528269	1405.51250428859	0	0	405.914220295526	0	1756.20030005411	22.0905698120014	662.717094360042	557.786887753035	302.364674301769
GBM-BM-279-SL	865201.189764487	27624.205236386	44242.6804749253	396672.880380424	18486.9601080516	346322.733197126	1226316.61560469	0	157022.510803954	67160.2618956333	0	73295.8496137477	12497.1850330429	60894.4843176029	0	746.769036477352	253043.260845734	82357.0638638913	0	126664.318509335	0	409160.691743553	23380.0158031291	27621.0806797481	7053.16585080143	32938.0345587116	0	1382.09555286673	7146.90254994085	39116.3245508785	3403.68369764015	0	9000.80615514264	0	820.716876909558	58346.9291387695	43088.6775566311	12533.6381938193	14646.8799999735	348811.963318717	38544.5306861281	0	0	1414.38263812586	228922.725119404	149688.134855734	58071.9681546272	0	0	815.509282512924	6050.18317000967	44167.6911156137	25298.4935788492	502.012099835542	282.251616297576	34832.5574002072	5699.19130767652	182093.95326711	5178.4318680131	603.039431130246	13544.9530256457	0	0	0	32223.5526074934	0	114397.309148623	0	9310.13726230271	6146.00290690774	0	0	0	2124.69851382677	62025.5738205519	4700.37470240207	0	3933.81680721751	45.8268306903814	1090.47026665521	1575.81806442152	71503.3956224262	0	60554.9491629424	102019.898786703	23058.1864694171	0	1145.67076725954	0	0	0	64598.1254524892	0	369.739202161032	0	1005.06571855041	1753.91779278642	7916.58500176339	5395.06779491308	0	1267.52847614078	0	19570.1397425515	0	5638.78321267557	0	7784.31210408888	5011.7888473208	0	6441.79426863657	1598.73147976671	0	0	0	0	24298.6354546954	0	4068.17274265068	8442.55203582345	0	979.027746567239	0	996.733567515796	21290.7289311995	1575.81806442152	12052.4564715703	459.309825783141	7342.70809925429	0	94.7782180187433	0	0	1667.47172580229	0	15998.7715053397	0	0	7076.07926614662	0	0	0	0	0	0	204.137700348063	0	4628.50989972852	4553.52054041699	2161.15167460321	0	77.0723970701869	0	4829.5230434386	388.486541988915	0	950.906736825414	0	0	0	15736.3087477494	0	0	0	0	0	0	6144.96138802842	0	0	0	0	0	0	1620.60337623258	0	0	0	0	7936.3738604706	0	961.321925618683	604.080950009573	0	0	0	0	1590.3993287321	0
GBM-BM-426-SL-PreOp	285989.495304842	18860.0082888788	1428230.02174212	81062.0740331053	152138.082742324	376612.750170288	0	31925.2064039065	7955.06626339626	62637.1884162912	557540.596532522	177908.862881643	168985.00878662	3479.70160395341	3048.41824958331	48994.8128744952	243223.335503698	41592.6083591342	24786.6350369142	7825.80923434171	6602.34666230072	32014.7904834493	139323.720050016	0	21011.3059704697	126197.092851873	12296.054803525	237626.890077406	1018.69896165756	65967.1566301518	27664.8435353663	0	48857.8772100513	8207.18145868085	0	194552.305088121	9150.37383900953	53884.8238449645	18012.7988509174	12711.9808871163	5192.03729578485	3441.30842700652	119189.0582865	38736.1559942854	0	15601.7073386525	2301.03107168379	20261.3592474404	3103.44846987386	5282.90114789249	72967.5125601353	11456.5240009529	4916.88619433211	1632.98979280785	6156.98580971676	0	33823.1091176479	16706.1510621581	2115.46404977381	70.3874910693041	0	12479.0622803052	165496.348774713	0	24988.8391021678	0	14772.4147165996	0	29578.1035198865	29662.5685091696	3223.74709097413	0	20827.0187211246	10604.1954727319	738.428769945244	5941.98401881416	9565.02015003597	28030.8584889267	15449.4144034298	16299.183386521	11341.3444701122	1287.45120028582	197.084974994051	0	2975.47121338422	0	18345.5397177904	84.4649892831649	865.126253869992	34743.2655918085	0	7504.58632055271	0	10387.9139092644	23304.6584067641	48914.1872029067	18700.0367182667	381.372224339138	20.476361038343	808.816261014549	65866.0545975249	0	6284.9630662064	0	0	0	20257.5199297457	12679.9865729939	102262.78634318	11818.6996368186	25718.3094641588	39473.3049916657	67.8279459395112	64691.22338295	8350.51598594925	4498.40056561098	7231.99476422977	35559.7604882124	6599.78711717093	0	47453.9667063599	1255.45688616341	0	10518.4507108838	1172.27166944514	37943.9767766145	0	1844.15226601577	0	0	111.34021314599	9783.86125863327	10065.4112229105	344.258819957142	7813.01150869275	0	0	0	0	0	0	0	0	0	14392.3222648253	3158.47869016441	1927.33748273404	14552.2938354374	0	6965.80207073131	53.7504477256504	0	0	6877.49776375346	550.302202905468	0	630.927874493944	0	0	1626.59092998337	10801.2804477259	1517.81026196717	0	409.52722076686	0	0	1307.92756132416	3042.01938675883	2340.70402119558	0	0	3725.41793641353	1836.47363062639	0	0	373.69358894976	0	0	0	0	0	0	47.3515849011682	1533.16753274593	0	1519.09003453207	0	650.12446296739
GBM-BM-286-SL	1806290.35484102	81636.553899095	107786.897350054	1141893.32200704	53292.4064964949	1306744.16552388	1009894.44223179	93613.9888679501	121620.884825929	1616.13563560799	11888.9482036823	264303.289324581	25751.3182268777	104434.417643131	0	793068.476326411	22308.6821931756	592717.744359231	2130.36061057417	114930.951466548	893.215459762681	281499.773877021	18779.2289559077	0	3616.27044083358	44498.8255122519	82594.882261532	267829.403438635	13319.7625009097	8893.75468066505	13646.9965758881	21433.8319110903	63144.4895395969	0	0	75238.7938209444	42689.020730228	29075.4153864805	10595.0379582317	36618.4947270559	8523.11200390372	1514.29237757898	0	4541.20757112989	225118.678407515	258943.996566005	532.590152643543	1445.84035169062	0	45978.0570960831	36990.8069654242	89343.2502771595	253993.746401152	644.450780314757	15688.8704212896	16254.8518060738	3419.26217120368	254287.58924399	2577.80312125903	4359.22535596329	49991.6831993906	6987.11532543331	1834.84820612932	0	231434.629966921	40703.9119794657	120028.12305282	0	6775.08100134011	3217.24521675269	0	0	3075.33248015488	13126.0933544938	24335.5299841137	210.364762486164	0	0	3544.47929173116	0	0	59922.2356380232	10640.1161216216	2028.51735254515	66034.5006813712	6132.29978263239	0	3123.74976675883	23165.1672975836	0	5639.77910855764	24532.5382537436	0	2689.66374893024	1622.81388203612	2030.18691415219	803.059132982897	2906.70675784454	5531.25760410049	2055.23033825768	0	6367.70796922405	43415.2800292874	0	0	4362.56447917736	0	155.269229454074	0	4569.59011844946	1000.0674026128	1390.74481865853	4604.65091219715	0	0	38842.3507876239	10761.994118935	31816.8355452288	25297.1974697648	0	0	736.276668701575	427.40777140046	1190.39742581456	4629.69433630264	5876.85685675633	228.729940163528	0	0	3693.0702747571	542.607522285741	0	2342.39493466737	1405.77087312183	2168.76052753593	881.52852851345	1218.77997313413	6148.99539870272	8483.04252533492	642.781218707724	47866.3312736375	0	0	0	0	0	9441.37088777189	6052.1608254948	7137.37587006628	215.373447307263	1071.85855171522	0	35.060793747694	13495.0664696481	0	243.755994626825	0	649.459465135856	1926.67409451614	7387.81011112124	427.40777140046	328.903636585511	1906.63935523174	21173.3803003931	686.189820490583	113.530189278247	0	0	0	0	1527.64887043524	43.4086017828593	0	10449.7860984199	1616.13563560799	312.20802051518	2659.61164000365	4567.92055684242	1313.94498473501	803.059132982897	1372.37964098117	2544.41188911837	1935.0219025513	5142.24974966179	617.737794602228	2120.34324093197	447.442510684857	0
GBM-BM-430-SL	1455329.58916852	225.067166913546	33432.0808120786	878234.043069038	108146.146062733	563107.072731501	462127.394629881	56428.7302997023	509045.664766712	42125.9863145012	0	136903.966079034	127259.014560324	175809.021657278	0	91498.0375149996	845415.407522876	4456.05543273343	0	241225.34266501	0	229910.228084509	174893.657021111	29917.4648702152	4759.34716375718	45366.130101592	0	69776.3111862947	27588.5686369696	69864.1422758219	122853.736476223	1510.96921202326	4819.73103780715	0	0	255518.480124794	17456.4290435384	35895.4684011628	74070.4280477123	83668.7193001107	4140.41245474493	0	451.506694600955	0	0	194692.705905634	12521.4197007268	29802.1865652107	0	0	20976.5344284972	37597.1957607531	24745.0371135253	23257.3980346577	3349.93264899979	21598.2138590572	2730.99793998754	35357.5029778085	3826.14183753028	1361.38188767218	15031.4675561224	0	92372.2313279504	0	47843.2412984148	5488.07073467847	82474.7654268498	2357.71580949678	575.019164248632	6750.64264663251	952.41837706098	317.015338762372	2553.9634001592	14250.5942757943	18898.7802168685	0	0	13022.3313831868	17634.8359441406	17758.3484137883	1332.56231142106	6131.70793762026	214.088280722641	0	18098.6938857064	13277.5904871253	0	2516.9096592649	0	0	0	46072.8959001315	0	0	0	27651.6972325673	9565.3545938257	16642.6191046376	21688.7896701322	3822.02475520869	0	4204.91341111649	40391.3222963383	0	3286.80405340209	0	0	0	0	0	4056.69844753928	0	0	949.673655513254	6852.19734389838	13689.2987192843	0	73198.9789563092	8305.52740341939	0	21996.1984834775	1460.19186339032	0	21596.8414982834	4627.60052946632	8372.77308133868	359.558522752128	1442.3511733301	1771.71775905724	300.547009476015	303.291731023742	0	12536.5156692393	929.088243905308	3942.79250330864	2291.84249235135	0	0	0	0	0	6990.80578205855	8965.63293564753	0	2040.70047073441	0	50651.0914417387	0	1296.88093130061	164.68329286357	951.046016287117	166.055653637433	1541.16114904824	34690.535641711	0	6474.79813108603	0	0	0	0	5724.11678778292	0	590.115132761126	9315.58493298262	0	310.153534893057	9808.26245079946	6161.89987464525	0	0	0	270.355072451028	631.285955977019	0	0	282.706319415795	0	2264.39527687409	0	0	505.028764781615	0	3665.5756269883	0	10.9788861909047	0	2497.69660843081	1520.5757374403
GBM-BM-389-SL-PreOp	505713.680484701	0	432797.186346085	155533.579850406	0	1001329.03075544	1970.07565055821	147752.288782157	219499.262066361	168.40423301593	229848.929251209	90358.6029159593	21489.7341367162	1376.85269907999	0	305219.555428751	53313.9029145908	125135.34641239	851896.930905256	240806.205678799	0	101138.166333833	155325.401753311	0	32616.2610497486	27000.529942745	5317.00400019641	28304.6049330844	0	16444.377165656	72356.2750317991	4325.19615549958	49732.5626426139	0	0	214457.29010501	9875.76582560754	2149.48116512795	22480.6957289858	244.566951465345	533.985281573124	1204.21720392798	31989.1880011817	7248.99829152992	63943.6796528476	21704.682253229	10258.271922709	22823.4279620082	0	0	1760.20504860871	101431.815926077	29174.5524282622	7613.7330876599	21218.9333600071	0	21486.3491270073	43217.26520548	5548.03091282631	0	0	0	86098.5681973553	0	119969.821596665	0	27289.9482728528	584.760427206068	10386.0560392186	15887.5430685481	0	0	192.09930097797	140112.321869254	214.101864085579	262.338252436875	2498.98341756804	5661.42873807322	681.23320390866	5509.9495536016	12175.0336703527	2040.31460201712	0	0	935.955184500594	0	753.164660221997	0	108.320310683613	4553.68431084783	0	21417.8026804028	0	0	4765.24741765176	38948.7679626039	4905.72532056957	488.287650503475	0	4043.39409723674	2379.66182533063	0	18861.2740977841	0	0	2109.70730104881	0	0	0	0	21427.1114571022	0	10744.8670683581	0	236.950679620404	1551.18069908643	4358.200000161	6563.53382548518	49598.0085066866	256.414485446365	8485.3730876921	558.52660196238	726.084582551094	21959.4042338209	7239.68951483055	314.805902924251	0	0	0	0	185.329281560244	0	3435.78485449585	0	10777.8709130195	0	0	0	0	0	0	0	0	506.905203902221	3046.50873797662	880.102524304356	0	1030.73545634876	183.636776705813	0	0	0	0	1508.02182529843	479.825126231317	1945.53433016896	0	279.26330098119	0	0	796.323534009999	0	0	0	0	0	5514.18081573768	15047.2144083228	0	0	0	4810.94504872141	0	0	0	0	0	0	0	2415.20442727369	0	0	0	0	0	0	0	803.939805854941
02-2020-29-SL	0	0	0	73418.8679681721	0	0	0	0	0	2272.08320097341	0	0	0	72299.1652723184	0	0	0	0	0	119204.136713429	4044.36662515225	13449.7229517748	0	0	0	0	0	0	0	0	0	0	0	0	0	0	0	0	0	0	0	0	0	0	0	6499.22608019131	0	0	0	0	0	0	0	0	0	0	0	0	0	0	0	0	0	0	0	0	8967.1322725119	0	0	0	0	0	0	0	0	0	0	0	0	0	0	0	0	0	0	0	0	0	0	0	0	0	0	0	0	0	0	0	0	0	0	0	6730.89711603168	0	0	0	0	0	0	0	0	0	0	0	0	0	0	0	0	0	0	0	0	0	0	0	0	0	0	0	0	0	0	0	0	0	0	0	0	0	0	0	0	0	0	0	0	0	0	0	2883.45087134374	0	0	0	0	0	0	0	0	0	0	0	0	0	0	0	0	0	0	0	0	0	0	0	0	0	0	0	0	0	0	0	0	0	0	0	0	0
GBM-BM-464-SL-PreOp	813679.334599015	41134.3313794757	135080.353267977	253709.966147931	24784.7965306728	997397.309919355	154353.408127961	546186.934105778	122048.600009226	54837.5613897412	105450.891577294	105192.15741616	12911.1866598551	18813.6697167462	1494.32178777411	134028.695708265	137225.910699421	128679.762948494	0	64454.7277600566	2604.06252651567	170695.902591427	57992.5340688756	400230.945588501	49931.2928580329	56364.4449596988	2399.01130357611	145358.435811801	19940.131370663	8088.52270402348	55055.8133351876	20704.0131797254	133571.950709528	0	0	172046.77652796	19517.7082504442	1579.686459985	18077.0694008646	0	1746.01556357117	728.679882377482	16985.8096736326	3281.69961520004	0	135889.117533562	21442.3735919413	7984.67702030302	1022.61597019642	11826.087269793	25600.6011815954	18265.3997086288	30204.1331438135	4790.10217364811	9368.99278718681	2210.68099581188	2320.6870167022	84511.0254887798	3503.47175331493	6261.54270907704	42257.2728407241	2875.99741015654	83723.3823792051	53068.6645738248	36112.7765378744	2325.08725753781	57911.5696375003	975.0933691718	2170.19878012424	228.812523451866	4777.7814993084	0	51756.5127566451	30990.8962052211	6475.39441368782	3127.69118595359	4534.00815701545	25844.3745238883	21560.3000463357	8569.90905143952	4918.58920604801	20905.5442099965	6229.86097506063	3270.25898902745	35472.9815203763	3001.84429805506	0	4292.87495922386	0	0	74.8040942054179	61689.6164189575	0	5529.34263403107	0	38515.308034119	16516.7440005563	400.421916040766	8170.36718356588	29874.1150811425	3146.17219746316	792.043350410307	28155.3810107522	0	0	0	623.954150489898	0	0	18538.2146404368	13822.036512827	2965.76232320304	629.234439492633	0	13704.9901065997	58113.9807159385	5039.1558049438	45964.9157688115	9332.91081233479	0	55434.2340470503	7003.42331396136	123.206743397159	19656.7558608496	8467.8234640533	3127.69118595359	3671.56095323534	7890.5118664209	4630.81345539893	13365.2915140904	508.667840596842	0	3242.97749584665	2259.08364500362	1537.44414796312	1031.41645186764	0	0	1310.3917208455	6076.7325939813	11614.8757096836	0	6070.57225681144	1297.19099833866	2707.90821023613	2545.97934748558	7340.4817619693	3721.72369876132	8096.44313752758	308.016858492897	1804.09874260126	2568.86059983076	3044.08661007695	23952.2709645748	0	2375.2500030638	0	1283.1102276647	0	1736.33503373282	19169.2091762637	3811.48861180782	2548.61949198694	15201.9520388752	0	793.803446744552	4023.58022008436	166.329103586165	1923.78529332992	88.8848648793789	965.412839333452	1039.33688537175	34.32187851778	3842.29029765711	58.0831790300892	0	289.535846983323	0	1194.22536278532	2085.71415608048	2786.23249711004	1634.2494463466	819.324843591107	159.288718249184	2077.79372257637	1878.90283680667	1323.59244335234	1724.89440756022
GBM-BM-392-SL	445351.358045465	12688.3187081516	15137.3527699466	289637.958763679	72513.3525969766	973410.612390115	477601.056691303	458319.840284826	181699.365746957	25645.083081189	21915.6058083119	20054.5955838857	5588.35697615342	80605.0719242472	123.570226693442	3360.89711394663	239172.304286307	879853.03713513	270539.967176092	463573.705440448	4592.33833858128	353526.961745913	14234.0118023946	0	4497.53014741131	85187.822917654	196.007945789598	109834.756840121	46523.125089506	203726.823915638	39973.9030747535	8034.19525622361	5958.0023956588	0	2492.70974536771	24225.0907347893	15068.1108325753	2658.89039505889	42403.7624461996	0	5022.70361085844	0	52894.4485882428	0	0	78688.6681499239	3678.34476527979	10833.700047175	1562.73726344206	16424.1875444783	0	41975.5276950723	24031.2133101496	104466.908802981	6161.467165473	0	2077.25812113976	39619.1713032974	0	221.574199588241	19904.3938428186	32092.0400807468	21451.1521976366	0	32574.6031211962	0	60313.9884927241	6769.73095376572	695.615155438083	1221.85387946015	1520.12684044432	8696.78733383845	13703.5120360727	42943.8495576959	118.243923818725	0	0	4623.23089525464	3855.1780207204	15263.05351779	11733.8452330023	27407.0240721455	3174.47651333153	0	0	15016.978324978	0	0	269.510925460697	0	0	2123.06432586233	8385.73124595496	323.839214782813	0	34177.8202864861	4885.28499669073	7344.97166423519	100212.258066657	2267.93976405464	0	0	18289.4588112044	723.311930386613	17741.9148756834	0	0	0	0	0	6057.07162912854	1878.05439362533	0	2209.35043243275	1309.20524660552	633.830042091362	4376.09044186776	15221.5083553672	7516.47861680109	27603.0320179351	13611.8996266276	0	1169.65611128792	37867.8829180903	4640.27506445373	5029.0951743081	103.330275769516	3684.73632872945	4009.6408040872	596.54592196834	0	0	7918.08185355478	199.203727514428	8923.68783630141	0	0	923.580918475984	689.223591988422	207.725812113976	0	215.18263613858	2751.56806507897	8421.95010550304	4774.49789689661	123.570226693442	0	0	248.205713961827	1229.31070348476	177.898516015559	221.574199588241	872.448410878698	0	395.211673304026	0	0	0	0	0	0	3197.91224598028	431.430532852103	0	140.614395892537	4442.13659751425	8478.40891597504	524.108202872185	1879.11965420027	0	0	0	12523.2033190354	0	3387.52862832022	2134.7821921867	0	0	0	0	0	0	1455.14594537277	0	0	0	0	0
GBM-BM-291-SL	818247.983413011	155916.715966388	0	530196.903370728	2601.73591742993	927394.574304598	892680.653060174	15120.4253024324	0	175833.136844099	2354.19408973397	262269.038407893	13509.8753864353	92579.6248676388	0	837167.106145395	0	17797.544327885	0	0	12772.3433565922	69867.916849197	32688.7642343027	9886.39274810395	554.167713031277	38879.3473079995	9088.75796997253	0	304827.896339916	885.242173941507	285.233381707275	0	149178.077323554	0	0	12097.9701469843	9407.60814309531	118.168115278728	33380.4551849428	8778.05732204139	182817.279933331	0	5330.80816597918	37431.7878958351	17071.2178951804	71517.1770098545	0	125.29894982141	0	1958.94211793961	14167.9495456599	33644.2960630221	56023.9109299047	0	3604.12751600121	0	34746.5193451909	13823.6321063133	0	1979.3159309187	1806.13852059642	0	0	7661.5723707872	20677.3827924795	1803.08244864956	54369.5573160025	0	100800.458404702	0	29169.1880421647	0	0	1230.5783039371	33843.9594302172	11230.045714075	0	0	0	5904.3310013406	1045.17660582737	20849.5415121529	0	183.36431681182	37967.6191771852	4326.37918610999	0	2298.16610404147	68611.8712790361	0	0	12264.0167227639	0	0	0	0	0	0	0	453.317338784777	8166.84293266866	0	34645.6689709444	0	403.401496986003	0	0	0	0	0	0	0	0	0	0	28318.5813502877	7086.01215412788	0	8987.90759572603	0	185.401698109729	0	8353.26332142734	1077.77470659392	0	3725.3517032268	636.681655596596	0	0	5035.38787778236	282.177309760411	3132.47374553525	11947.203930939	0	2277.79229106238	0	5370.53710128841	0	0	4727.74330179808	0	0	0	0	0	0	19717.7762011643	0	248.560518344911	610.195698723778	502.214489934595	0	0	960.625281964145	0	265.878259377139	0	0	894.410389782098	0	1617.68075053983	0	644.831180788233	761.980605418006	2102.5774994422	0	0	0	0	0	0	0	0	0	0	0	2379.66135595784	0	0	3975.94960286962	2905.30573081839	217.999798876275	0	0	0	0	820.045972408416	0
01-2020-90-SL	1261397.94986109	182923.799220931	72177.9846079811	1872227.47452675	228793.598380669	1596188.49966031	240351.46170377	340230.43071139	1130683.6606374	11206.9727062886	587.687965581402	551.092011680729	0	502632.510606726	0	103962.646922301	82519.5706396773	80859.8364951232	0	136963.586528026	8731.36406006655	932662.954080856	61209.9619536322	0	0	0	61748.1377462892	17324.9551172129	2940.59253107764	49436.8283134685	910.59344117558	359.501429494851	178685.126677964	0	0	53520.5062281495	13463.0056291066	11852.7836574769	48302.3537425476	20523.8720287659	25419.1190387736	0	0	0	0	44358.6015339574	8811.01407737978	0	0	36761.7120448118	2863.09521693504	42554.6362769713	45998.9613499758	3031.00606424401	42892.6106747599	0	0	287598.99089271	8197.49367375084	0	0	0	0	114310.691063509	52939.27637208	9560.15478075827	29296.1374490744	0	9142.53036565647	1117.25294555585	0	0	0	6221.31216311448	13288.6366722857	0	0	0	0	1194.75025969846	0	172918.034883852	0	0	22353.6697237996	21910.2128706502	742.682593866607	17529.4619184226	13652.4435081218	0	0	13204.6812486312	0	7211.55562160329	0	0	0	17960.0025525481	2275.40725135363	7469.88000207863	0	0	30073.263293671	0	174.368956820856	0	0	1173.22322799218	0	15445.6452492548	0	0	0	0	0	15170.0992434144	0	0	1020.3813028776	0	2826.49926303436	3498.14265227025	0	0	0	1493.97600041573	0	0	508.037948268172	2611.22894597158	0	0	542.481198998218	486.510916561894	0	0	0	1700.635504796	0	0	0	0	0	0	0	0	8115.69095326699	1588.69493992335	1459.53274968568	1427.24220212626	1713.55172381977	3861.94948810636	0	0	0	0	0	0	0	1345.4394816424	0	180.827066332739	0	0	2206.52074989354	0	0	0	0	0	0	0	0	0	3368.98046203258	0	591.993371922658	0	0	0	0	0	0	0	0	0	0	0
GBM-BM-263-SL	172111.591762858	291505.867686502	268144.204064251	35833.6274683924	61749.0502065372	219078.421649616	147856.414312824	27963.0585934815	65599.8130656888	344740.375088194	53568.0657732128	204974.386374798	116645.312210239	239588.99131801	171597.418828177	180633.681137194	92502.8301979431	51537.53547539	96198.1337255717	1854.9467809893	45256.7772400033	51281.9583219474	5301.2135154012	0	55338.994080531	156.968645421389	363181.172297411	4954.07131879621	82657.5756394458	11508.015369772	143703.285569383	8164.88508507603	12338.6411184601	23837.6006048424	12478.0011017349	5008.90972376714	81109.0195798079	106172.183070056	20323.9178496405	389.906090389668	40509.9850299046	1295.49442935922	100018.710306758	154982.891435882	0	30796.5438851906	55291.7022450515	185682.33612695	2871.721243799	16360.4595527505	163315.310363667	10923.4077865038	2721.2929586035	10763.4205132859	15584.6722090332	29055.2987512053	24933.3624949956	14131.2029249871	6440.74550860456	2146.7474679906	19411.2860458123	0	3530.28520808297	0	61056.7782318582	2672.4918092257	28499.3681320046	2483.82757194038	23006.4717515215	67658.5172229462	46770.115975348	0	12168.0886479542	29372.2546698446	3282.75772876462	21430.7480417144	13140.0867984482	1603.89756924163	76951.3628946721	3703.85630638547	7040.4462308555	3862.8373703379	1603.39446460887	29119.1930395659	48028.8837665157	13756.3899735803	0	5783.18775358611	2722.80227250179	10090.7696192846	7255.77501367715	51553.6348236383	52383.7574676937	4151.61942954263	8682.0766475542	28975.3051145963	1791.55559726143	402.98681084145	2307.23784584131	6053.85804601145	92.5712524279986	11787.741545587	16830.8623843819	77403.6539595241	3749.6388279667	44713.4242366216	43658.4138217221	18672.2253402866	5661.93953709074	21921.778163289	2356.03899521912	7643.66868553578	4741.25805913836	866.346177614204	35.2173242932603	22165.7839101781	19707.1115698757	7488.71245864543	20814.4448665824	0	2775.12515430892	1849.91573466169	30030.8186341286	1675.84153172643	0	7875.59992123853	869.36480541077	0	888.985886088443	12868.4102967573	1798.59906212008	9698.8511103639	7707.56297389641	2356.54209985188	1813.69220110291	193.695283612932	24195.3079987354	23500.5205008926	399.465078412124	3161.50951226926	0	1849.91573466169	0	267.651664628779	7412.24055446578	19329.7830953051	0	7227.60115424254	3373.81966729434	2194.03930347012	1266.81746529185	4281.42042479494	1759.35690076473	4783.51884829028	5219.71056489394	12857.3419948366	2041.09549511082	4979.22655043425	5037.08358320175	11038.6187474061	8224.75453637457	3583.61429915562	3544.37213780027	10090.2665146518	865.339968348683	9425.66529477475	5599.5545626284	87.54020610039	1691.94087997478	6095.6157305306	555.930619200753	5497.9274268107	2786.19345622965	2861.65915114378	295.322419430626	0	2696.64083159822	1662.25770664189	1406.68055319937	1401.64950687176	2865.18088357311	595.675885188861	0	1374.98496133544	198.72632994054	237.968491295888	737.551391627424	0
GBM-BM-322-SL	273247.227880662	53657.5787020194	1084352.41215537	31048.7595425487	464893.749467105	380350.706378641	0	5148.33339383386	18139.3702572173	120179.186923786	114805.566694216	48229.5267537482	64336.7795127826	9238.27225736414	0	0	123309.010749112	1084.0983974681	10251.3070220833	0	86319.633907188	879.979452338123	5415.95601078206	0	17466.5337343814	9746.30163190986	0	9607.19835078425	0	11476.0206928632	0	11489.6286225385	93158.3745651353	229.822812294493	0	248660.72294171	7092.75534522016	38504.3930124444	2292.18015420033	0	62802.1074438424	0	0	11172.1102634474	5555.05929190767	4634.25605054355	0	9543.69467896603	18231.6017805723	28449.6449745603	8284.20518790477	749.948124329397	4965.38233930996	686.444452511182	21981.3424022193	0	5311.62854993784	2388.9476541138	5344.8923780331	479.301523008909	391.605976212326	1995.82968571533	3888.8439027726	0	84193.772893464	0	0	0	23705.013494428	11383.7891695081	125.495351450282	0	104.32746084421	4313.71370708018	0	5355.47632333614	0	0	34738.0204767498	7147.18706392149	0	4877.68679251338	630.500741623707	5369.08425301147	15510.015845506	8761.99471872753	0	33939.6886024636	70216.9171247121	591.188944783859	51818.9962036635	5518.77147944012	0	48215.9188240729	1149.11406147246	0	0	39104.6539103451	2915.1209348933	9315.38385885769	2984.67257545611	0	3427.68628599747	0	0	12198.7529578419	0	0	0	346.246210627887	0	31320.9181360554	7629.5125713027	0	1165.74597552009	14459.1812761331	17041.6639300739	1947.4459357586	406.725898073806	0	0	1270.0734363643	0	0	1117.36222556336	43208.2007035508	170.855117034721	0	21361.4256058986	47571.8101527738	5848.38577602038	0	7783.73577428979	4737.07151920161	0	845.20363205672	3134.35980188476	0	0	6578.67800192985	0	15780.6624468264	0	0	0	5072.73378452646	586.652968225415	10101.6197956546	60.4796874459191	4818.7190972536	5056.10187047884	2937.80081768552	311.470390346483	0	4510.27269127942	0	0	0	0	0	530.70925733794	2245.30839642975	2494.78710714416	2692.85808352955	0	424.869804307582	0	285.766523181968	0	1518.04015489257	0	0	929.875194481006	0	12097.44948137	11533.4763959368	2500.83507588876	0	0	9437.85522593568	0	508.02937454572	2472.10722435194	0	0	0	0	0
01-2020-22-SL	118768.013737504	29765.0484722485	16934.8645513243	603631.321605506	14580.6905554003	733971.98618902	451976.951610015	38339.9567067185	272866.657335106	93078.0417393374	12544.4394555907	203196.49328296	6297.96247241997	86902.3573038845	0	846175.600047239	165435.748330296	49798.0523391491	0	88870.3901304388	0	227495.069934165	348159.036813274	0	12552.162278978	10445.1186314507	3143.18911866944	82187.5736258804	0	81385.6871308226	33756.4610263001	3528.04315080792	19784.5863812727	0	0	31228.5235041597	8692.03772251218	39337.4880609236	70586.605760783	77947.7435862009	5440.72907641922	0	1567.73314764102	0	162786.81990842	119623.959996274	30111.28838745	1099.21519547244	0	13487.911046084	1756.94232063218	29268.2135009928	8300.74800421754	4495.97034869466	18655.7670294819	0	0	16477.9308342368	0	1081.19527423519	0	0	2451.99642549766	0	28239.7908532381	17564.2746573969	142389.556205081	0	14031.082957664	0	8012.42926442149	0	0	38099.2620444781	1946.15149362334	0	0	0	2914.07869151008	9518.37982496336	0	77811.3070396903	2109.61792198985	1252.38452598909	33008.6342949541	9000.95065800795	0	7505.29719531593	15184.3579168482	0	0	15165.0508583798	0	8249.26251496824	0	0	0	36866.1845769575	5088.05347506155	3564.08299328242	0	962.778648961811	44735.7416087122	0	0	805.747906751462	0	0	0	2315.55987898703	1426.14805220546	0	2408.23375963576	0	0	26212.5497140472	11963.9405643049	3507.4489551082	0	0	5834.59306917632	0	2732.59234190632	1292.2857801573	0	18133.1893136016	2015.65690410989	0	4884.68579252683	16987.6371778048	303.764386570839	0	1610.20867627169	2983.58410199663	24229.0712407181	2502.19477751572	414.458188456822	0	0	0	1953.87431701073	0	0	0	710.499751640267	0	0	445.349482006399	9693.43048841096	0	1942.29008192964	0	0	0	1189.31480165871	0	0	0	0	0	38.614116936971	359.11128751383	0	1681.00122398947	598.518812523051	0	4278.44415661639	204.654819765946	0	0	0	0	464.656540474885	0	713.074026102731	0	727.232535646287	0	0	0	0	0	0	0	0	0	0	0
01-2020-12-SL	114764.425218544	0	145614.648714927	0	0	2531.59959408025	9750.71411952661	0	0	0	0	0	0	0	0	157356.204786178	0	0	3186.20095061589	0	37971.1478183492	0	3560.46216098301	0	0	0	0	816367.582199876	0	0	0	0	0	0	0	0	0	0	0	0	0	0	5386.23072714656	0	0	0	12229.6609957986	0	0	0	0	0	0	0	0	0	0	0	0	0	189.265174824437	0	0	0	0	2261.22077290248	0	0	0	27705.2908921576	0	0	0	0	3224.62320415168	0	0	0	0	0	0	473.874460274717	0	0	53520.7761289253	6405.13196905857	0	0	0	0	0	0	0	6338.24878697775	4432.78962088812	0	0	0	0	0	0	0	2537.29177978925	0	5293.73270937522	48311.0031587579	0	0	0	0	0	0	0	0	0	0	0	0	0	0	0	0	0	0	0	0	0	0	0	4185.17954254638	0	0	1935.34314106191	0	0	0	0	0	0	0	0	0	0	0	0	0	0	0	0	0	573.487710182315	8374.62822437451	0	0	0	0	0	0	0	0	0	0	5111.58276668704	0	0	0	0	0	0	0	0	0	0	0	0	0	190.688221251688	0	0	0	0	0	0	0	0	0	0	0
GBM-BM-379-SL	354652.660392648	46470.3889786001	498115.242290637	0	28198.7272865571	184009.699634402	0	313702.599034318	569685.355790865	177873.967209748	179657.908517692	443095.122279714	8480.13167944658	13187.2458082107	52884.5188147604	1787197.82503391	83449.6240991242	24879.9370914908	288892.261295704	80515.4619067974	0	333816.812015675	10934.424649308	0	85237.2285309039	274.734287671056	2718.03788602564	73903.523383514	0	97761.4489248684	37730.175506825	37122.096950113	50525.4670646249	9278.69267561045	17224.0082750574	36059.791037785	40151.5003621659	12168.89738191	37638.5974109346	0	0	0	121751.246924305	14780.7046767028	0	360341.491709356	8758.52909095325	92215.4794377487	2267.47365424511	10623.0591232808	0	23938.514265738	0	0	7655.92881643342	0	9223.74581807624	28066.854828475	9333.63953314466	2190.54805369722	0	0	76398.1107155671	0	13912.5443276623	0	91783.2308251463	0	157.514324931405	6637.5803901327	19062.8964405356	0	5062.43714081865	253378.275709426	0	0	1098.93715068422	8091.84055287149	4153.98242958636	73680.0728295415	20176.4860865623	0	0	0	5582.60072547585	3985.47873314811	422215.316416714	5355.48704766778	0	0	630.057299725621	64547.9051073556	0	0	32290.4366109381	79914.7095977566	25531.9731342301	542.142327670883	0	0	0	0	40385.9402876452	0	531.152956164041	0	56686.8413561278	0	1326.05082849229	19260.7051276588	19191.1057747821	2476.27171287511	0	2337.07300712178	0	9216.41957040501	19586.7231490285	60903.0968909196	14110.3530147854	0	8366.57484054255	0	153.851201095791	25832.3492887505	23154.6057649166	5099.06837917479	0	7967.29434246061	4157.64555342197	2930.49906849126	7549.69822520061	0	4582.56791835321	0	63013.0562202333	0	0	0	175.829944109476	0	831.529110684395	0	3886.57438958653	0	1252.78835178001	2087.98058630002	5340.83455232532	0	399.280498081934	23429.3400525876	307.702402191582	0	34378.4171972381	9033.26337862431	0	3120.98150794319	7121.11273643376	4490.98982246286	12996.7633687587	1018.34842630071	5311.52956164041	0	3256.51708986091	4751.07161479145	1186.85212273896	0	2355.38862629985	1007.35905479387	0	0	6366.50922629726	6710.84286684499	0	6725.49536218744	0	0	6271.2680065713	3853.60627506601	0	0	0	0	0	402.943621917548	6630.25414246147	1985.41311890283	0	1802.25692712212
02-2020-20-SL	296274.664749244	617852.79030463	18100.4253462734	0	0	133239.773061111	0	0	126730.282334679	260401.47298588	740337.159015315	35968.7589510423	59846.9034152391	474015.981375532	113116.053827133	0	468650.566410164	20486.8745471548	0	3555.09938163342	138504.159856648	7099.27679896074	597.977545758617	0	0	11741.1116290505	324409.644801741	314702.7490247	460147.81719787	32563.8365786176	264428.947323752	2451.98098671798	20429.5342345478	0	6165.44885078975	0	72267.9073223438	0	0	0	242068.955898102	0	25426.3329045856	16415.7123520585	0	1608.25924407226	1542.7274582357	6364.77469937596	7399.63081737831	4600.87746394187	963.863350012747	14840.2190009045	0	34824.683189979	2230.81120951959	0	97017.0784399516	23299.2803559739	0	0	58596.3385021914	8947.81925776706	5581.12376041375	234202.411106638	9805.1934557954	1215.0685290529	8276.11845294231	0	10261.1854655748	29896.1467968543	0	0	41659.102354517	2080.6342003108	2342.76134365705	45287.9249952165	29355.5095637027	0	0	0	2968.0438001809	1681.98250313839	26062.5373254155	0	2449.25049564146	36891.6649349072	0	11159.517029751	0	0	0	1624.6421905314	0	33071.707918851	1119.50134137458	0	0	7724.55925548459	0	0	0	0	658.04834944213	0	0	0	0	0	169.290446744449	0	2389.17969195794	0	0	12890.6483722668	0	6987.32666482328	58872.1181009202	5024.10358080299	1602.79826191921	0	18411.701328997	0	0	0	0	55529.9970232556	1138.61477891024	0	0	0	466.913974085495	0	7203.03545986863	3669.7800068474	1638.29464591402	0	0	0	14897.5593135115	55854.9254613619	0	0	58623.6434129566	1067.62201092063	890.140090946616	2277.22955782048	0	9264.55622264377	3809.03505175009	0	0	0	4062.97072186676	0	39813.2903867872	0	0	0	0	0	0	3849.99241789794	2659.49830853376	0	0	0	0	0	0	9242.71229403158	0	0	0	0	0	23916.3713392681	3735.31179268396	0	0	0	0	1332.4796453434	8120.48046158048	0	693.544733436934	0	0	0
GBM-BM-386-SL-PreOp	130780.688160869	20862.3889822327	69275.8998194753	91752.6840096191	3797.49781860902	207585.540177239	0	257162.149380181	77916.5832618175	32731.8628403972	391054.217396298	9792.7745679879	118830.494542309	38712.4632697041	135003.799261564	7602.333797254	138628.850319328	6439.23543155442	766.837723757763	101200.565055917	11363.1408156832	26021.1154875122	510251.619940405	60125.2142546338	1926.26700943936	101670.207298218	48644.6628783752	858869.257848749	0	143864.627504985	191720.438179495	13417.8256257519	123765.407166492	0	0	89951.165720791	3236.12857585812	24061.8267579111	30963.3662717309	0	4982.61066441647	0	296513.032573014	1115.40032546584	7969.24179905197	3815.84321869892	0	0	34555.3956093331	44549.9695783099	0	1045.68780512422	2689.43565317914	107661.814967579	142796.925219753	0	1500.65372735371	2256.48421105753	0	0	0	0	128626.938190315	31051.4241921624	129779.029315961	2172.095370644	887.917364351094	0	9411.190246118	3801.166898627	1207.12732591533	6006.28398943282	305682.063537945	87390.1478682412	0	0	0	2091.37561024845	3412.24441672115	28695.8748206195	3357.20821645145	0	0	0	0	223.813881096763	0	2183.10261069794	0	0	0	6512.61703191402	0	0	0	9341.47772577639	43889.5351750735	3104.04169521085	15894.4546378882	3159.07789548055	0	12298.7562202681	4832.1783836793	0	6318.15579096109	0	0	0	0	0	3936.92285929225	0	0	2190.4407707339	3672.74909799771	267.84284131252	836.550244099378	9403.85208608205	7994.92535917783	171834.024482045	46586.3089882886	0	0	0	19655.2616563174	4509.29934209709	0	22990.455392661	4799.15666351749	0	4824.84022364334	0	23166.571233524	0	0	0	0	1918.9288494034	0	71488.355070317	0	664.103483254331	0	0	14808.4069525662	3658.07277792579	0	1269.50168622099	143.094120701209	3199.43777567832	884.248284333115	0	0	0	0	0	0	0	0	0	0	7378.51991615724	0	0	0	0	803.528523937561	7580.31931714612	0	0	0	0	1900.5834493135	0	0	0	0	0	0	0	0	0	0	0	0	0	0	1904.25252933148
GBM-BM-462-SL-PreOp	249526.726144755	42078.5337930628	577266.603084939	226633.093309779	11432.4211984884	442323.202867066	390461.154779143	77867.6655394298	347547.698284085	33954.3956520124	127389.836211728	69172.9532634731	52176.1255933761	105480.312893837	2742.94354762268	153371.897850326	127204.007021002	57523.295123713	0	134506.309022784	790.42838872333	135587.259104051	31138.1673531174	0	471.116258179468	59957.3957909736	6475.23123742225	98903.006467143	0	24249.4007335154	67558.0714229357	13892.6949912034	108662.964949094	0	14625.542503927	181646.72527873	8003.74176396008	759.020638178032	51660.5150219241	13206.9591042978	0	2559.73166944178	41261.9322788851	8775.84896486532	0	49626.8631741161	264.34856708959	1777.15521835477	0	96487.2269877005	342.867943452835	12683.4965952095	9759.95848195131	11686.3005153963	19394.2859617214	0	4028.04400743445	10401.2000555845	3009.90942725771	2379.13710380631	32951.9649471084	130.865627272075	71457.8671156436	0	60912.7148700598	16902.6044184611	25644.4283202357	0	0	5260.79821633739	2120.02316180761	0	8061.32263995979	8079.64382777788	1826.88415671816	3931.20344325312	0	10853.9951259459	0	8650.21796268412	0	19517.2996513572	95356.5479680698	0	26233.32364296	11183.7765066715	0	7082.44774796467	0	0	0	14070.6722442934	0	280.052442362239	0	23896.0635398808	5985.79379142469	772.10720090524	6022.43616706087	7124.32474869174	1816.41490653639	27212.1985349552	12296.1343384841	0	0	2308.46966507939	21804.830816073	4119.64994652491	0	28863.7227511287	3483.64299798262	0	0	141.33487745384	10087.1225501315	16148.818405374	7802.20869796108	33556.5641451053	1803.32834380919	99230.1705353232	9045.43215704579	0	0	5637.69122288097	27785.3899824069	0	379.510319089016	2813.6109863496	0	18650.9691988161	1633.20302835549	0	4962.42458615706	3577.86624961852	4310.71376234213	0	0	2277.0619145341	7595.4410068712	0	0	3318.75230761981	0	0	1887.08234526331	0	9118.71690831815	0	159.656065271931	1502.33740108341	1455.22577526547	701.439762178319	3015.1440523486	3313.51768252893	0	0	7762.94900977946	115.161751999426	19726.6846549925	0	2580.67016980531	0	0	0	609.833823087867	552.252947088154	615.06844817875	4925.78221052088	0	0	745.934075450825	884.651640359224	0	1054.77695581292	0	0	0	0	2159.28284998923	0	0	0	0	227.70619145341	601.981885451543	0	0	0
02-2020-43-SL	537545.445625228	29913.0545343733	13034.9754890388	0	0	549263.44574728	21926.484618785	40067.6277587737	371433.263152357	313817.516249256	8853.00107807985	5587.51829677854	0	838851.695888107	0	0	84621.4435366701	14929.5716310203	0	157844.503780119	0	468365.73080674	114141.715944047	0	0	0	0	213681.178696238	1155.24154998867	95811.8833508937	481839.698084775	0	180271.593070565	0	0	68251.6707733307	0	11995.258094049	76018.7447944212	0	10196.9320812333	0	3458.02303963275	0	0	211767.328528423	0	0	1401.69308065292	7794.0296572569	6592.57844526868	7081.63070143055	4320.60339695763	10866.9721802268	30201.8649218705	0	0	8136.75131708687	0	0	14763.9870088552	91229.4252026053	9326.6501135752	7432.05397159378	22419.3876801135	0	17444.1474048289	0	0	1490.26159948539	0	23208.8027392724	0	0	25245.8786724191	1128.28591382227	0	101430.208089005	57946.9161474317	5803.16338610976	0	2375.94678781003	0	0	5849.3730481093	0	0	635.382852493769	0	0	0	0	0	0	0	0	3585.09961013151	0	0	0	0	0	27244.4465538995	6607.9816659352	35412.0043123194	0	0	0	0	550.665138827933	0	5976.44961860806	0	0	0	8795.23900058041	0	0	2814.93857680573	2202.66055531173	9796.44834390393	0	0	0	0	3369.45452080029	0	0	0	0	34.6572464996601	0	4031.79300946046	0	0	0	0	0	0	0	23682.4517747678	1890.74533681479	2499.17255314216	0	0	0	0	0	7447.4571922603	0	0	0	0	0	0	0	0	0	0	0	0	311.915218496941	0	0	0	88.5685188324647	696.995735159831	64728.1840458652	0	0	0	0	2510.72496864204	0	0	0	0	0	0	0	0	0	0	0	0	0	0	0
01-2020-29-SL	616547.240380633	176742.652892273	62554.0140092684	265604.429802636	7964.91553903374	15023.4786201774	300559.815288966	54412.5363031133	118214.256293373	3688.18749098114	0	68529.6624654007	13807.1614688964	181172.401485164	0	803895.394111333	59999.7479915783	6336.61999780271	0	3229.1258564654	0	87425.7379511083	35897.0503776452	28002.75970546	3527.31973871494	6120.82179354317	207209.435730005	47189.1818659896	5700.99619616553	36391.4244455852	2314.92619114774	8200.33176186232	20183.0175038372	19967.2192995777	0	169844.957563395	18150.5907800838	132504.021019068	3170.27180075826	10013.0366776424	31824.3497227107	0	0	30588.4145528606	3421.38243844208	41339.0887286993	11037.0972469468	18240.8336655014	6701.51514318701	3641.10424641542	0	1381.10850726102	4033.4646177964	0	0	0	7694.18688278087	102633.625945835	0	3845.13163953353	201465.279892988	4869.19220883787	0	3480.23649414923	25307.2439540727	6646.58469119367	107710.769151505	0	3295.82711960017	10334.7721821748	11347.0619403377	130565.760784446	83819.9461381172	3158.50098961683	12579.073506474	0	15831.7409852222	0	0	580.693349643839	2075.58636460534	89689.6572939765	8353.3523067009	74619.0954292333	141449.837486554	90854.967596978	3131.03576362016	32715.0077657455	3087.87612276825	0	0	0	0	22870.6860477969	0	0	0	0	2016.7323088982	8953.66367491379	0	8098.31806530327	9754.07883253098	16239.7957714585	11786.5055562844	44744.7767522861	16259.4137900275	15082.3326758846	0	0	0	5787.31547786935	0	0	0	20959.8910391716	0	0	2110.89879802963	0	2511.10637683822	0	0	4700.47724914405	0	341.353523101446	612.082179354317	0	0	23321.900474885	1337.94886640912	0	3032.94567077492	5485.197991906	1027.98417301815	0	8875.1916006376	3162.42459333064	0	0	0	0	0	0	0	0	0	0	14964.6245644703	0	3813.74280982305	14992.089790467	11429.4576183277	0	0	4472.90823374309	0	0	0	1126.07426586339	0	490.450464226216	2338.4678134306	17444.342111598	3174.19540447207	0	0	0	0	0	0	0	0	0	0	0	0	0	0	0	0	0	0	0	3291.90351588636	0	0	0
GBM-BM-260-SL	390155.874932066	697034.534214254	44829.8020332415	225891.80257517	33801.9297968005	150875.187431286	6717.99371157454	9985.72947837898	61992.7745742054	11257.4969119461	25717.9636565798	21207.8995171705	31953.1567683743	135772.949157676	0	297534.701332785	51759.7569837439	14872.6135981045	0	27607.9513703532	0	8831.71828866066	86044.4873803245	0	0	0	96301.0562195558	2773.15954263945	0	37369.9439854194	0	4309.8785248664	76270.7191408734	20648.5573588886	0	1778.11928211701	9308.63107624833	250950.331266196	46625.5847519358	0	215470.37499455	0	0	0	0	6876.96464077043	5976.12937532704	0	0	11304.5994094856	0	1059.80619463928	3038.11109129927	0	0	0	0	12994.401508716	0	0	0	0	1006.81588490731	106121.926956546	16662.5085046064	6470.70559949204	0	0	71760.655001464	0	0	0	0	1401.29930180082	0	0	0	0	10492.0813269289	45029.9876477845	0	9108.44546170536	5775.94376078407	0	20695.6598564281	32706.7967290066	0	130827.186916027	0	0	3768.19980316188	3497.36044230962	0	0	0	0	0	0	0	0	0	0	10998.4331754787	0	0	0	0	0	0	0	0	0	0	0	0	5222.48941469467	0	0	0	0	9414.61169571226	0	0	429.810290048152	0	8543.21549123107	0	0	0	0	117.756243848809	0	11033.7600486334	2920.35484745046	0	0	7047.7111943512	0	0	429.810290048152	0	0	0	0	0	0	0	0	0	0	0	12170.1078017744	0	0	0	0	0	0	0	0	0	0	0	0	0	0	0	0	0	0	0	0	0	0	894.947453250946	0	0	0	0	2113.72457708612	0	0	0	0	0	0	0	0
GBM-BM-308-SL-ab	396643.586495215	0	0	0	0	300317.12371863	0	0	25509.9046249714	400673.79712173	424545.044678778	78566.9632026029	416174.607223709	0	20593.9334212009	0	134015.575338826	0	0	1062.91269270714	36847.6400138476	0	172413.296362871	0	0	2480.12961631666	9610.50226322708	1385240.96677058	0	0	0	0	0	0	0	102925.379077142	0	0	0	0	0	0	0	0	0	0	0	0	0	0	0	16696.5868812747	0	0	0	0	0	0	0	0	0	0	0	0	29008.6589051324	0	0	0	0	0	0	0	0	115148.875043274	0	0	0	0	0	0	0	0	0	0	17759.4995739818	0	0	0	0	0	0	0	0	0	0	0	0	0	0	0	0	0	12887.8163990741	0	0	0	0	0	0	0	0	0	0	0	0	0	0	0	0	0	0	0	0	0	0	0	0	0	0	0	0	0	0	0	0	0	237605.274848909	0	0	0	0	0	0	0	0	0	0	0	0	0	0	0	0	0	0	0	0	0	0	0	0	0	0	0	0	0	0	0	0	0	0	0	0	0	0	0	0	0	0	0	0	0	0	0	0	0	0	0
SRR514322	924483.953994803	27863.5594398144	699846.260137444	250703.981462678	131365.731242442	46989.5896692246	132428.804791253	41053.9457907962	58033.4428534027	92968.2701431332	952857.165164166	590442.021511511	705912.015104475	72335.769360205	0	302814.072038189	244438.562935719	8691.66055474488	0	34372.4116164171	23071.9337966546	193202.974769086	0	32220.4821371829	101715.992388128	169173.195516015	1061.27477800072	0	34627.5372763263	19727.4192702772	74450.5242426957	0	2660.98161851254	0	0	0	117439.048039831	30298.4955265155	44188.0041323837	30572.5082799315	12659.1493717114	0	39615.5287329297	42307.6890454852	25352.175593681	103358.869728084	6180.8762988816	38037.40714214	10872.3703669418	199.063969658892	5839.70943521922	12994.9199229433	6900.98421321994	13137.3226120818	5483.55281480542	0	2655.58530608203	37.774187013585	160.989987510279	759.081281892041	2115.95406303082	36218.2502627873	8627.80419098382	0	23302.1764603565	0	43651.0710455477	452.390858757934	5319.86467107988	4793.72420910495	1178.19488066182	0	18151.0964502976	140436.632642998	372.345557705338	54190.0692223379	0	2344.09816078747	61935.876126068	4520.311045959	7239.15312553203	2835.4623870991	0	0	19893.505775083	701.520615966578	435.902126331369	1971.15301281207	1060.37539259564	107.026863205157	0	6363.75133124895	113.622356175783	437.70089714154	70515.1135051772	34032.4439332949	10432.8706989901	1915.69091283181	2317.71618890496	0	0	0	74255.3576097922	25211.5716753527	0	0	0	0	341.466658797407	1373.9611038354	28488.0327060787	0	0	3307.63972476891	1203.97726227426	19262.1372207131	868.806301312454	8685.66465204432	6863.80961647641	26968.9707568895	14460.0187478273	0	385.536543646589	21444.3460085852	0	2695.15826390578	0	17735.2805980132	1525.05785188974	0	4990.98940795367	38647.1904467878	3840.97526998453	1054.97908016512	111295.046542557	0	1022.00161531199	0	0	382.538592296305	0	415.815852284463	5561.19975477779	0	1821.55524043288	3318.13255449491	144.201459948685	1240.85206388276	0	1341.28343411729	59.659231870662	8.99385405085356	0	663.746428952993	0	0	0	0	0	0	1074.16596880694	2740.12753416005	0	0	1774.78719936844	14260.3551878984	5199.64682193347	24150.896487622	0	90.837925913621	0	0	3048.91652323936	0	274.612343686062	1453.70660975296	378.341460405907	0	0	417.614623094634	0	0	0	48.5668118746092	0	12.8911908062234	52.1643534949507	25556.3360806354
SRR062396	1065614.66683143	0	0	537492.639032832	0	8314.09614864027	137878.98297573	1084.11999281998	77173.2824518519	0	23356.2610490175	403079.326682297	164495.132614269	121454.063177103	0	240574.256925219	160055.761625152	5051.69802209866	0	125941.115369608	0	326515.861726407	0	0	48461.6694012654	119320.956709749	0	0	0	0	62738.4255104155	0	0	7149.67097116695	0	0	25750.359366495	12831.2627853902	3154.48803466369	0	13481.2328736781	5611.32477765156	0	37660.6220653922	399.016386246243	199161.877014304	137761.03473577	13983.1402777614	4705.38191328116	0	30942.5914617369	0	12984.3445436356	4625.07672862783	7420.70096937195	0	0	1678.88026665872	0	13491.2710217598	10979.2244643227	67471.4123309213	24972.4028901658	0	55167.1523198186	0	154863.52952991	0	8926.42318162192	0	7187.3140264732	0	23195.6506797108	120673.597163754	6630.19680794071	8406.94901839568	0	1184.50147363665	0	0	905.9428643704	13277.9603750243	0	2351.43618813037	22244.5361489729	2928.6297028262	0	5523.49098193698	0	0	0	103297.562834389	0	6755.67365896154	0	99058.9548069053	9950.3142859519	0	0	0	1731.58054408747	0	208276.515472457	0	0	0	0	2421.70322470204	0	26641.2450087428	56321.5393492102	0	0	0	1985.04378314955	11596.5705713452	0	28628.7983289128	2333.86942898746	0	0	0	5423.10950112032	38998.2052972743	0	0	0	1809.37619172038	0	0	439.168978572909	780.466013349569	3927.42543695201	0	16512.7535943414	2000.10100527205	0	1985.04378314955	0	0	0	0	0	0	1819.41433980205	0	7832.26504072027	0	351.335182858327	225.858331837496	760.389717186236	0	0	1683.89934069955	0	0	3031.52072066328	0	825.637679717069	2742.92396331537	2840.79590711162	1422.90749057622	168.138980367914	0	1799.33804363872	11910.2626988973	15835.1785988289	11082.1154821598	0	0	0	3049.0874798062	1214.61591788164	1959.94841294538	0	0	614.836570002072	1171.95378853456	632.403329144989	0	0	0	0	514.455089185407	102.891017837081	140.534073143331	1435.45517567831	64816.3221633205
SRR1804765	430942.498119518	27926.3624774228	396660.388161653	0	19976.6445359406	3634.25265117145	1704.70946149132	26110.9140154802	489.936183814434	91134.8416440576	287894.555354849	74624.6633949684	103000.693328769	38473.4133385787	76279.0369471637	0	122104.848770245	7194.6793020421	14083.9874210218	0	0	0	0	0	34436.4734130392	0	5496.68129512359	0	0	0	15926.2817012555	0	3342.30437725463	6379.23757144685	0	0	61594.3743418763	18620.9307122349	2677.87037454739	0	12594.0445058601	0	4916.14047457634	8818.85130865982	0	3466.46628685144	15822.2541553771	4993.32220216355	1604.03764289931	0	34419.6947766072	1372.4924601377	0	0	1395.9825511425	0	604.030911552042	0	0	4442.98292719391	4671.17238266913	0	1349.00236913289	23412.9092772144	8570.5274894662	0	0	0	8882.61012710142	8996.70485483903	8292.00212469498	1822.15991651533	1070.47700436167	213182.643050434	0	26027.0208333202	15261.8476985483	1278.53209611849	8587.3061258982	80.5374548736056	429.53309265923	0	0	1412.7611875745	14822.2474240298	6547.02393576686	0	2802.0322841442	724.837093862451	2869.1468298722	0	24661.2398277553	1993.30200812174	3251.69974052183	6033.59766094762	60846.0471570091	6976.55702842609	0	0	1369.1367328513	1882.56300767053	0	45681.5155497664	1466.4528241569	0	2046.99364470414	0	0	1442.9627331521	21365.9156325103	9906.1069494535	0	0	187.920728038413	0	25500.1716493554	0	14516.8762409674	0	4711.44111010593	1610.74909747211	0	7291.99539334771	3013.44310318741	0	0	0	18422.9428023373	902.690640041663	0	63399.7556219596	557.050729542439	4617.48074608672	5204.73302120676	8704.75658092221	630.876729843244	0	167.786364320012	0	0	8426.23121615099	0	0	0	0	885.912003609662	17637.7026173196	0	40.2687274368028	60413.1583370634	211.410819043215	0	0	734.904275721651	0	0	704.702730144049	2979.88583032341	0	0	60.4030911552042	0	4788.62283769313	0	5681.2462958756	38517.0377933019	0	73272.3052985491	0	4332.2439267427	0	1516.78873345291	0	171.142091606412	0	0	0	0	3053.71183062421	0	0	261.746728339218	0	563.76218411524	0	234.900910048016	1489.9429151617	402.687274368028
SRR062415	231158.385606632	38790.5772218928	272469.017275668	17545.4225566305	134669.51830363	18045.7811932372	0	3853.12672715346	1957.60751256327	198258.892186539	258941.072823178	40576.5288518246	171991.8898911	32570.790666118	163807.191317118	0	432857.699951444	1431.68310620299	7096.32723304187	8758.10226702748	2852.40945394014	22428.4845795729	0	0	5668.29637966082	0	6486.40101177682	0	277772.088373134	34816.9261516151	52994.1884464424	0	28023.7359027948	1475.51014006635	4269.48354885535	0	64820.1830839048	33739.5115691409	35985.6470546379	0	39652.5088878721	0	20335.7437125976	5547.77203653659	0	7202.24256487831	3261.46176999814	0	9806.2988269261	0	98252.9054160022	3374.68160747848	0	6833.36502986173	0	0	1712.90657349286	244.700939070409	0	4079.56640211414	0	2775.71214467927	14269.3517753446	898.454194198816	12698.8830619077	0	0	2282.6580137165	7479.81377934624	1402.46508362742	51299.5431370592	16486.2692382661	21131.9348277819	14240.133752769	0	37326.0238402923	2227.87422138731	0	152287.985916699	0	580.708198689479	0	0	24039.1280740512	56255.6502164405	639.144243840621	0	10135.0015809013	0	0	9747.86278177496	19411.7237486452	45974.5585226614	6844.32178832757	0	43184.2373666943	1961.25976538522	0	0	8674.10045212272	9349.7672241828	0	10880.0611565783	25773.9481644758	0	6165.00276344553	0	0	2947.36802731075	61712.1159324284	6953.88937298596	0	0	141375.054484723	5606.20808168773	77792.9851074585	0	70671.092104663	4163.5682170189	24250.9587377241	10949.4539601953	0	35324.5892938656	0	0	6486.40101177682	0	6815.103765752	9875.69163054308	0	1146.80738609117	975.15150345969	45448.6341163011	0	0	0	7041.54344071267	514.967647894443	0	0	5518.55401396102	0	47512.1569607008	7742.77598252638	650.10100230646	10427.181806657	120732.521535082	2322.83279475791	2041.60932746804	0	1497.42365699803	0	0	1756.73360735622	0	0	0	80.3495620828209	21234.1979067964	0	5518.55401396102	4678.53586491335	2395.87785119684	0	0	2943.7157744888	0	0	0	4116.0889303336	9137.93656050991	650.10100230646	2896.2364878035	409.052316057998	0	0	19123.1957757114	2545.62021689665	0	620.882979730889	0	4598.18630283053	0	949.585733706066	321.398248331284	4393.66014480153	3407.551882876	3323.55006797123
SRR062371	69989.758424801	8249.86037197636	56869.9751481098	427674.168159184	166676.188079961	157283.566015543	228398.505183672	120728.377569231	133180.084779571	53547.1757654704	35645.3743296368	41943.7493499043	19259.9297549283	18899.5202980812	250.528524881541	81232.77538352	213107.47469134	51666.0142102195	84687.4318845181	149591.900777952	2795.37090920456	322056.61635386	0	6887.33681560306	228438.062319179	9067.37450580033	0	0	37561.6977831167	37517.7454103304	24099.0859986928	2698.67568907484	51797.8713285783	1160.34264155661	1573.49494574722	0	9766.21723310148	4738.06578635616	21655.3340717781	94919.5442691537	0	10618.8932651544	12684.6547861075	0	18477.5775193333	100360.84802009	208914.418327533	4865.52766743624	2698.67568907484	0	1340.54736998018	32529.1510990927	18240.2347062876	0	0	0	3810.6707205666	0	0	2105.31865646067	0	7063.146306748	4342.49443128004	0	21334.4817504386	0	117919.820948191	11229.8312468831	465.895151534094	215.366626652553	0	0	7049.96059491214	278315.214956999	37434.2359020366	0	0	35381.6600929194	874.652218446082	11084.7884166885	2021.80914816682	22525.5910529456	0	4628.18485439057	61120.1695965388	694.447490022517	39539.5545584972	2834.92804471217	1094.41408237726	0	0	252677.795910788	3793.0897714521	13102.2023275767	9717.86962303661	7300.48911979368	0	747.190337365999	0	0	0	0	234494.699289122	0	0	0	99371.9196323993	27391.1187203818	0	712.028439137011	13559.3070045536	0	646.099879957658	0	0	6368.69881672549	0	27659.2281943778	11155.1122131465	1885.55679252949	1388.89498004503	0	136.252355637329	9928.84101241054	0	0	0	4927.06098933697	0	0	3564.53743296368	0	62008.0075268207	6175.30837646605	98180.8103298923	0	2623.95665533824	0	0	0	0	1441.63782738852	0	246.133287602917	131.857118358706	971.347438575799	9410.20301353297	0	0	3757.92787322311	1503.17114928925	0	0	4790.80863369964	175.809491144941	0	4636.97532894782	0	0	0	1489.98543745338	334.038033175388	0	0	593.357032614176	1802.04728423565	30261.208663323	0	0	0	0	30546.8990864335	0	342.828507732635	1683.37587771281	0	2404.19479140707	1358.12831909467	49837.5955023122	0	0	1520.75209840374	0	905.418879396446	0	0	5256.70378523374	5858.85129240516
SRR511518	2369.46935831422	0	1952.61826749968	23212.0238990411	0	0	2040.37639188169	69350.8577928819	81658.9347374585	0	29179.5763570177	15664.8252021884	0	55485.0741405246	0	124704.294746833	14677.5463028909	7174.22666822916	0	8095.68697424025	0	87955.5801618676	0	0	0	416.851090814538	0	0	0	13778.0255279753	5638.45949154402	0	0	0	0	0	0	0	0	26744.288405417	0	0	0	0	0	36156.3472453873	0	0	0	0	0	0	0	0	0	1491.88811449414	0	0	0	0	0	0	0	0	0	0	20996.1312583954	0	0	0	0	0	0	17178.6528477781	0	0	0	21040.0103205864	0	87099.938449143	0	6603.79885974611	0	0	7569.1382279482	0	34181.7894467922	0	0	0	0	0	0	0	0	0	0	0	0	31066.3760312309	0	61430.6870674057	855.641712724579	0	0	0	13624.4488103068	31198.0132178039	0	27577.990587046	0	0	0	0	0	0	0	0	0	0	0	0	0	0	0	0	0	0	0	0	0	0	0	0	41860.6253302179	0	0	0	0	0	0	0	0	0	0	0	0	0	0	0	219.39531095502	0	0	0	0	0	0	0	0	0	0	0	0	0	0	0	0	943.399837106587	0	0	0	0	0	0	0	0	0	0	0	0	0	0	0	0	0	0	0	0
