feature	X1524	X1525	X1522	X1520	X1568	X1552	X1545	X1543	X1540	X1542	X1541	X1564	X1561	X1526	X1536	X1457	X1458	X1528	X1411	X1464	X1466	X1469	X1468	X2016	X2037	X2036	X2043	X2048	X2053	X1341	X2532	X2489	X2492	X2502	X2497	X2483	X2480	X2479	X2476	X9712	X9649	X9418	X13165	X9434	X9422	X9467	X9450	X9463	X9447	X19351	X19300	X5989	X6001	X6055	X6067	X8007	X8095	X8163	X8130	X8047	X8053	X8028	X8026	X8071	X8059	X8249	X8255	X8235	X8236	X6833	X6602	X7298	X4482	X4481	X4494	X5266	X5265	X4799	X7281	X5286	X5285	X5273	X7282	X3936	X3934	X3920	X3922	X3931	X749	X748	X6936	X6956	X6952	X6939	X5868	X5825	X5884	X5880	X5898	X19880	X19882	X19831	X19850	X19800	X14348	X969	X985	X17008	X17007	X16955	X15897	X17130	X15888	X15878	X15873	X15872	X15877	X17167	X17168	X17169	X17153	X17154	X17151	X17132	X17137	X15892	X17234	X17300	X15494	X16971	X16988	X16987
01-2020-06-SL	0	25010.3956568303	95086.0310295852	0	3039.06033154752	248863.222338169	14017.3426713905	345219.528889082	1203.80761614154	9914.79585687131	0	0	10915.5070960565	218683.100722449	0	0	0	0	6997.59335149763	1340.43608791221	34290.053753038	0	0	55593.0173650643	0	0	0	0	41978.1747861873	48647.1212731555	0	0	0	0	1728.16553482897	0	0	0	0	3880.98713056676	1214.88560033917	0	5616.53798819414	0	0	0	0	0	0	0	0	0	0	0	0	27070.9007175879	0	0	0	15926.4486147806	29622.5297444401	1100.41309696374	0	5206.65257288214	6846.19423413013	0	753.302925438267	0	4523.51021402881	0	0	0	15520.2558608678	0	0	0	25416.5884107431	5062.63877831306	0	0	0	2861.81258438557	0	0	0	19279.3851652607	0	7606.88248236681	0	0	148714.552530271	3212.61541731026	206046.813414362	127526.06142162	17074.866309934	0	0	0	0	0	0	0	0	0	0	36376.40744359	0	0	0	0	0	29467.4379656734	0	52214.2321847897	0	0	0	29423.1260288829	2507.31709006168	0	0	638.830422062844	59.082582387315	0	4139.47342851126	0	0	5202.95991148293	0	14113.3518677699	24792.5286342771	317.568880331818
01-2020-08-SL	0	2806.81869071054	93121.2718660629	0	4347.19443610756	59525.4651234563	211530.378885727	653624.834548971	11244.4782720261	176658.865769784	0	0	353.333611701893	0	0	0	0	0	0	0	0	0	40008.7456276529	0	0	0	0	0	0	0	0	0	1311.43673856395	9536.03747537018	0	0	0	5442.92563644151	0	9660.43208023901	0	4682.00119176515	11282.855330975	0	76.7541178977894	26611.1820139077	684.170326778571	0	0	6247.520527508	0	0	0	0	0	225969.416478533	0	0	0	103578.358756206	0	1210.86237718064	0	75523.4053177042	0	682.846979918264	16205.705651316	25191.2308327986	0	0	0	0	6416.90892562726	0	358.626999143119	0	0	0	0	0	0	0	0	0	0	0	0	0	0	0	6125.77261635978	0	200428.822074614	440368.811357405	33512.4358904072	0	0	0	0	0	0	0	0	0	0	11943.2054142681	0	0	0	0	749.0143229336	27123.3172488464	768.864525838201	1685.94390003075	0	0	0	43246.9753948234	0	20071.2018302719	0	31180.6987225468	5523.64979492022	1811.66185175989	12768.9738550995	47.6404869710417	3884.02303500021	172831.746649777	940.899617678074	213743.01483616	40024.6257899766	26414.003331722
01-2020-09-SL	0	7026.92090448843	8449.70038191672	10798.0654135479	524.455208833055	106141.166435191	0	92148.3379797168	17717.2393320632	0	3825.66708027479	3819.17629798725	960.635778555596	0	4096.98177989387	172.654808848506	0	0	0	0	0	0	7431.94571923079	314.15386271683	0	0	21309.2382499866	5735.25522926841	0	0	89.5727955680218	0	26212.3751899927	4633.12039684449	2801.42163530132	4521.47894149884	0	38422.8348293088	0	68280.4333519828	0	8174.49121292512	119902.923041228	3128.55706259323	12692.0756850514	0	22138.760226334	0	3237.60220502386	1490.28361321868	476.423419905275	668.550575616395	4698.02821971987	0	0	23494.0355679719	1355.2753416379	35206.0031276051	55953.1396314909	84481.4259416771	0	34219.4042198993	0	104720.983270678	1909.58814899362	2553.47375191738	9815.36097521468	4669.4687776547	0	868.466670072559	241.457101096407	10992.788882174	2082.24295784213	0	186.934529881089	0	5565.19673333492	3826.96523673229	1939.4457475163	0	0	7831.77790814312	0	0	2737.81196888345	0	2814.4031998764	0	0	0	66461.7161550147	0	413830.209993633	245713.756120574	21628.5847385335	5454.85343444678	4048.94999096609	707.495269341621	5623.61377392276	0	197.319781541149	5469.13315547936	0	0	0	3135.04784488076	13790.3160481028	401.130345369837	8175.78936938263	0	0	7655.2286299221	795.769908452136	25263.4228195547	0	35979.7043762796	27311.9137095016	0	0	0	1542.20987151898	0	0	4033.372113476	9423.3177250474	0	0	0	7991.45115241655	755320.651392658	122997.728035927	36223.757790291
01-2020-10-SL	0	15023.654306103	3174.59150064206	703.972678136361	147366.041496387	139703.213845185	3577.75686230472	7310.99052211221	1834.98431448092	0	0	487398.870774219	18986.0744927476	2391.83595390544	387837.319000605	1791.71342074214	1643.39870220303	201.135050896103	7251.00811079156	35432.8935729211	163792.866439453	325595.57018688	0	1595.94992906878	7376.64291261242	33061.6485960362	275046.512121241	58318.1232214676	0	1876.46468847878	5541.95701808833	15765.8247387122	79090.5395757346	14961.8813750414	4689.66962141285	22006.3828757141	13177.6284532198	48959.3749556624	17114.0861036211	79366.5780357923	18769.7200240537	12631.2215122839	4605.81361354667	6996.75430758165	2306.48784625517	52552.6496557217	155603.327564465	0	7513.61767279241	1981.2100933223	107.729604411711	2238.4480961004	0	0	9811.45134029982	45.0614134796908	19160.6501674868	58473.3015990136	37777.2807536923	3731.7415600234	308.566235350995	0	0	216.354468693879	79322.7103021399	3212.7892551149	20114.9971893944	35314.4208500639	7091.0550139365	3244.42177053774	51157.5363575922	2889.60044187977	0	0	37929.1765117132	10369.1982395948	0	9685.21969856532	0	9114.3423211703	914.358747693858	7515.40819253333	0	0	9483.18938779876	2251.28015424362	834.382199266327	347.659249694303	104426.692329637	2512.39761646037	3690.55960598236	469028.138232433	68587.0523555712	10358.1567011925	0	1045.36510873746	0	99.9706855344133	0	0	28.946735811457	239.332805368954	11704.3291264037	232.469146362113	475.084571256077	7340.83251779413	120.263242598115	109.221704195807	0	7290.10112513487	14076.1709432022	17680.4871816638	0	3107.44701035775	1466.13724785245	0	1172.79043029924	5201.16142740086	52702.456474045	7329.79097939182	2010.15682913375	255.745902994007	0	15311.3311444766	30308.7244943796	3954.06442785366	0	0	0	96097.4929148576	13655.697224044	9932.31142281158
01-2020-12-SL	8902.09380259057	127719.398770903	0	11818.4395882906	0	206398.685074469	366185.477506005	23181.8465007981	657.729049540846	0	0	0	0	0	0	0	7247.42952701612	0	0	0	0	0	0	0	0	0	0	0	0	248.199641336168	1108.62506463489	114498.631209063	0	0	0	0	0	0	0	0	0	0	0	0	0	0	150231.106240094	0	0	785.965530897866	0	0	0	0	0	0	0	1683389.24739843	0	0	0	11123.4805925493	0	0	6415.96072853995	0	0	52883.0702473596	0	0	0	0	0	19611.9083262462	57350.6637914106	0	4153.20733169188	20670.8934626139	0	8864.86385639015	0	0	0	0	0	0	0	0	0	0	0	0	0	0	0	0	0	0	0	0	0	0	0	0	9352.98981768461	0	0	0	0	0	0	0	0	0	0	0	0	0	8294.00468131696	0	0	0	0	0	0	0	0	0	3458.24833595061	4554.46341851869	6813.08015467782	0
01-2020-14-SL	0	76693.4514532293	139745.590526148	1982.86960779246	45278.9832166849	3238934.45219881	363903.289853137	0	230822.632773076	3290.94065795921	116449.468013655	103124.791879615	125450.242620754	208881.29813397	37181.4005251764	36480.6481768728	0	57638.1783375065	76714.2144857717	0	2823.7724257568	0	63057.3298310545	41723.313893811	2958.73213728194	7272.25214795088	8061.2473845594	0	8087.20117523731	5066.17994032838	0	9265.50327201451	1370.36014779374	8627.04002133788	18245.514846572	7739.42038015329	0	28180.6259180766	0	66493.61171681	550.22036237173	60456.7600051277	126872.510349904	14383.5907936987	513.885055422653	4002.074522534	72649.8508656107	0	21837.519476395	1583.18123135262	0	0	0	0	0	759579.210254173	25102.5063436763	46265.2272624455	0	11435.2401726879	46031.6431463443	14617.1749097999	55198.5220137828	5844.79366066573	55489.2044693754	12208.6631348897	19522.4413479252	7998.95828693241	70438.5878998526	134.959711525141	2148.9738681311	3228.65156033223	14477.0244401392	0	21064.0965141932	0	0	4785.87900100693	14471.8336820036	846.093576099924	0	0	3093.69184880709	1806.38383118266	52421.4664112462	14715.799314376	7573.31611981466	7511.02702218767	74051.3555622179	35899.2832656876	113044.330676713	467609.446643937	267246.182610458	386130.1161897	35899.2832656876	15380.2163557305	0	0	456.786715931247	0	0	0	269.919423050283	2226.83524016483	11367.7603169254	17622.6238703021	14326.4924542073	0	5849.98441880132	0	20856.4661887699	2803.00939321447	14051.3822730214	26898.5086585878	0	0	6514.40146015586	539.838846100565	0	1100.44072474346	1141.96678982812	0	6940.04362727361	2927.58758846845	42631.6965675379	0	14326.4924542073	51424.8408492144	420.451408982171	181956.835684704	32847.1174819652	101988.015847922
01-2020-16-SL	1278.52568936895	12627.1776589605	29910.5073226667	6331.79189287329	6062.57816584992	241446.390901233	82529.815256133	135697.131203327	51191.804541065	0	3539.05874599393	9119.73475991236	10933.8137354239	9226.07897236643	22067.3821401871	0	2556.09332276985	5112.66567352372	1108.94978302328	261.549279278924	0	64.6687778436899	35044.7292554716	14576.3425259677	0	0	22787.3612001802	1623.90486585266	3100.74814060893	1059.60990066846	278.794286703908	0	2823.3909378571	652.915142229255	10863.8756497559	7170.56989290515	0	4485.13901444792	0	87844.1517109323	6150.71931491095	0	1291.93847292172	867.998707057527	3768.51315034303	0	0	0	0	10994.1712614113	309.931105665684	0	3657.37865804869	0	0	78466.6998956132	180155.718400903	591641.235708366	31545.429832152	3248.28875968934	4205.38667177595	1761.3858972685	2701.71782991416	130467.103673716	0	4253.28947017869	14877.6511279209	0	0	1602.82763455546	0	14652.5079754281	1759.94881331642	1374.33128617442	0	0	13066.4463203136	3448.04342902874	1157.81063739406	0	34.490014849968	10447.1213036521	310.410133649712	920.691785300534	0	107.302268422123	1760.42784130045	0	0	130.774639639462	156427.06721211	348.732372371898	225326.141182745	32784.6752268307	5604.14838513577	4676.75020805885	7020.15510592056	6324.60647311288	3633.42725884732	1131.46409827256	5981.6224365493	8220.59923389306	0	830.634524303395	66287.4134017183	7695.5845633991	3322.05906922955	68932.6059295172	73354.5132500735	0	0	3951.50184024147	9697.44250864933	40683.3676554573	2378.85296867973	616.02998745915	29211.1264659868	2927.81903837506	1464.38854717156	87.6621210770019	1191.34259627598	11367.3340609686	7881.92644918573	6489.39209961828	12725.8574236701	0	18681.612349082	2572.38027422678	4702.1386912123	1585281.31852852	421891.921232473	5181.64570322366
01-2020-19-SL	0	5535.40848150122	26160.8280957892	1898.51382894334	4550.08557483837	314375.712812953	53961.9375164329	88345.8118318095	36226.1251965017	0	0	131133.062327729	13702.1917532704	7648.87562390395	0	60.5908668811705	0	0	3864.83172320609	0	0	0	35297.0652376571	2790.06515590914	0	2967.50983748971	0	0	0	0	0	0	16721.6366195154	14908.2385321432	6405.32021315231	0	1663.36355985689	10190.8067535378	0	21752.1212103402	0	0	0	1060.34017042048	0	0	3258.92305439438	0	0	18447.0336859411	0	2145.20521553096	264.003062839386	0	1028.60209729225	0	22495.0806494784	35976.5485305388	0	12986.6424681975	0	0	0	31530.333013211	665.056896005228	892.993966653441	35941.9251780353	0	0	1595.55949453749	13650.2567245151	38755.0725689468	56816.9214582861	0	4558.74141296425	74141.581467238	37667.322244461	26434.9296364421	0	2583.76768057563	11552.6586186765	55137.6888618651	478.956376298776	0	14875.0578193274	1888.41535112981	1794.64377143276	69.246705007052	16068.1208410113	210.62539439645	59012.6190628847	5506.55568774828	540170.46352501	8978.9894159144	18836.5464016058	0	108.197976573519	25114.9143222452	333.249767846438	0	0	543.875162242887	8325.47363741035	592.924911622882	14514.3978974156	20717.7485542974	679.483292881697	0	0	10296.119450736	11483.4119136695	25774.2006594998	6396.66437502643	22434.4897825972	0	2661.67022370856	0	67695.8673428315	1234.89957262576	4065.35863978901	10327.8575238643	16483.6010710537	600.138110061117	4162.01549886135	64755.7676594071	0	0	0	0	436148.928847229	178874.337511029	19403.503798851
01-2020-20-SL	0	4283.38494334186	52644.8217920814	1448.26752709662	96161.5296947285	2349015.9636233	128280.312722701	0	192.838175062569	0	0	558511.526953221	2366.8904774803	0	169368.052105211	690.783325737834	0	0	0	678.235636264584	0	0	317405.692510607	0	0	0	64974.5777113217	305.106975612695	0	904.754451492191	1188.06807170398	0	5540.13510479416	2512.17951348635	330.202354559194	4923.31710647758	0	13433.9525928862	0	117634.588811713	1608.74587141239	2341.13469382469	8838.8566268405	1306.94091934529	0	0	509582.802459349	0	0	8165.90422824887	77.2673509668514	0	73.9653274212595	20199.138433095	4956.99774664262	36204.0465585791	109971.252567103	3346.27066110287	10052.020077491	2802.75758549844	0	328.221140431839	0	4113.00052838932	12977.6129388854	1842.5291384403	75728.6079946055	804.372935706196	0	15110.7201493378	0	41386.2423110311	1484.58978609814	0	179694.800541695	13828.874608939	10007.1125572709	36255.5581258904	0	30758.3493271889	2098.76616557824	27.7369977829723	0	0	182166.695367925	0	5072.56857073834	0	0	8323.08054901904	47615.8399321449	4633.39943917461	844845.177899808	6277.8071648794	62784.015291176	0	0	6895.28556790509	0	0	0	66.0404709118388	14301.0639759587	0	993.248682514055	153807.596348963	0	0	0	0	172.365629079899	0	0	4981.43272088	0	0	0	15476.5843581894	0	73464.0802470386	21029.9275571659	0	0	38004.970200345	27913.3258403069	0	0	0	735.690845957884	327205.437989215	16311.9963152242	6794.90405211909
01-2020-21-SL	2249.7092882708	18136.2978183613	22231.536997901	1222.55916779082	18251.5390513908	87486.4676601346	13586.7743578938	1451.37147105221	17419.7979782216	0	2179.56245077461	116520.577732369	101435.667345092	0	71508.02017618	27844.9541603941	14552.1284548653	0	4198.78927298649	0	16056.9451354384	77761.1096901265	2109.41561327842	0	23983.5377725084	9304.47694503092	269976.805732079	26826.1548539018	0	0	2501.9038706976	24923.8394275169	35176.9688415439	28895.4865600395	1048.86223684786	2700.65324360348	4526.14118130206	34029.5669996419	27574.3877871945	72249.5724582827	0	3620.91294504165	161137.306705544	10104.484925047	0	4073.52706317186	166725.671426074	57964.6700510219	36481.3659864136	1282.68502850184	0	25254.5316614275	15425.6235979726	2318.18596296947	13169.2336585117	4242.21350572223	12451.0636555745	8552.90368614313	3676.02831736009	3913.19143460913	0	0	3874.77769026597	0	34368.6100475402	9214.28815396439	10508.6643220489	3026.33498912153	70905.0914062723	273.906698794664	16947.141906521	27597.7700663599	0	0	27791.5089508732	20978.9148997547	0	5423.01860357483	213.78083808364	11201.7818830232	2533.63696385064	8392.5680575804	0	1000.42751571953	10136.2180182001	0	3188.34078048179	1571.62319247426	15980.1176467521	973.704910959079	967.024259768965	469294.033989123	2792.51219746755	27006.5324360348	3794.60987598461	424.221350572223	559.504537172026	0	0	3370.38852541239	6141.18860651206	5930.74809402348	4776.66560093133	0	0	41.7540699382109	686.436909784188	9598.42559739593	7497.36079810515	0	5085.64571847409	3185.00045488673	4679.79615867468	9012.19845546345	2520.27566147041	0	11213.4730226059	8427.64147632849	26208.1946188162	0	0	0	0	2323.19645136206	1329.44958683264	7450.59623977436	0	0	0	188006.885792181	14079.4723831647	64947.6207074883
01-2020-22-SL	0	24167.7206920658	85074.3185200629	5713.27602703374	6137.76507225687	70088.339191382	590633.191219287	324977.76764461	0	56556.6679946774	0	160205.630883904	21124.8272811551	0	3466.29957591641	3842.05901135627	2189.58379959481	1775.92355654574	772.093595010435	800.24848066299	0	0	6201.65500508382	1217.15736436428	1230.15192697315	0	5171.83591833077	0	0	404.997201309821	191.669798480851	430.986326527564	19033.7855813442	2336.85550916202	4457.13497484285	10548.3361977513	3129.52382830317	9259.70873903819	0	99919.5234204809	0	11859.7041410299	16480.354028701	374.676555222455	22191.4642952999	7727.43323140879	5654.80049529382	0	1336.27418827893	17096.512872405	348.687430004713	0	2382.33647829307	0	0	139419.745110797	16450.0333826136	42856.0674840575	18257.3604654641	30614.1066262833	2253.47373242176	0	1185.7538380595	38990.1851079183	397.41703978798	11884.6103860302	10029.6365736138	0	1425.07036610622	406.080081527227	8302.44262685134	1064.47125371004	39050.826400093	0	0	0	895.541939794712	19172.3942491722	0	0	2569.6747559043	8394.48744533085	1086.12885805816	0	555.517551529247	0	624.821885443227	10.8288021740594	0	0	147844.553202216	59982.9010025498	420547.361231771	57402.3974444715	104409.144801846	717.949584140138	2298.95470155281	13023.8003747412	0	0	0	49.8124900006732	7433.97269249178	76.8844954358217	12135.8385964684	5708.94450616412	4789.57920158647	3687.20714026723	6205.98652595344	152.686110654238	8786.4900840318	31282.2437204228	7954.83807706404	42955.6924640588	0	833.817767402574	2575.08915699133	25294.9989983853	0	0	13841.3749388827	120538.645640107	3212.90560504342	0	3678.54409852798	2750.51575221109	404.997201309821	0	9163.33239968906	475801.324324909	243876.536642209	14209.5542128007
01-2020-24-SL	0	0	453.344951167092	2025.68111465296	3803.78624012388	84160.8119214907	305.060651577856	0	125.421081590896	0	0	0	1130.09620391797	0	15211.2255516958	7424.01350146109	3812.27829252327	0	567.007806358841	0	0	21664.5321404274	849.858474738309	0	0	9187.74746133306	15940.8888232428	17782.3577243092	0	2004.77760105447	1953.17205185822	0	32638.8767796307	10970.4252304037	2270.64416463517	983.118373928635	1657.2566874797	31535.5632025108	9834.44991328611	35029.7161474572	0	5876.50026037342	114257.952094506	6821.07778110486	86.2269935937408	17483.8294207308	194449.056136685	0	70303.7421100966	555.902814759647	0	0	0	0	0	0	2450.93696942209	1855.84006666528	0	6704.8019867133	0	0	0	0	0	211.648075184636	1056.28067152332	0	29710.4251714433	0	1113.1120991192	0	0	0	14744.8159045297	328.577104376149	0	0	0	0	0	1810.76686546856	0	0	1672.28108787861	0	0	0	770.817063944046	0	0	60269.402348025	0	35144.6854722488	28.089096397961	0	470.329055965859	0	0	0	1398.57570669848	0	77.7349411943572	0	5689.67510758699	0	0	1504.3997442908	2307.87854823247	401.086167170885	1013.16717472645	0	165.921639187956	361.89207917373	644.089512753245	0	966.787503929821	772.776768343904	0	0	0	0	0	0	0	1324.76017430384	0	0	0	19664.9804177725	37743.9067412602	12819.0797142695
01-2020-27-SL	0	407.171004507167	12517.994987333	0	58308.3958861837	209082.31081443	29132.8340323615	23162.2493335543	0	3943.52658068978	0	53923.7673839445	11737.5838953609	1324.56246527949	129095.829040133	1269.26763750691	698.725550944397	0	0	66186.6521431449	153235.791464757	158702.439210455	11041.3717456789	2548.58888006338	8558.13129843767	1810.90560955194	352060.911727374	16383.6061288887	0	0	235129.944797208	22604.2742533037	15965.1248187008	6351.36499005932	1815.93241207672	0	0	8117.02937688824	32596.3009719349	97604.1679230189	77249.3877995541	1141.08417312502	65024.2040592896	4225.02752207745	0	81470.645219738	348349.874763456	0	20777.0315355463	8687.57146345075	0	21536.078716788	6876.66585389882	6273.44955092524	4551.76968618814	20024.2678574605	19483.8865860467	42602.1513975091	15325.4641974225	21292.2787943362	2170.3219900737	0	0	495.140048690814	11086.6129684019	5579.75080250562	4914.95616860349	1891.33444994841	1465.31293597332	1921.49526509709	31279.2787104425	1224.02641478389	0	0	36634.0800999643	2572.46619205608	0	12523.0217898578	0	21381.504539151	552.948277725782	8908.75077454107	0	0	18995.0300405118	0	0	1348.43977727219	20983.1304390622	0	102094.359278278	246484.235000055	7018.67302522385	44292.4137464663	1480.39334354766	0	84.1989422900623	20745.6140197664	388.320495039242	261.393731288552	0	994.050199275213	14518.6623921954	0	0	4001.33480972475	0	10651.7945500085	0	0	674.848238951693	4091.81725517079	1935.31897204024	2626.50431919747	0	0	0	1192.60889900402	9598.6794210671	0	0	0	0	6792.46691160876	1413.78821009433	1089.55944724603	0	0	0	75613.1635777383	19672.3916807259	59475.8707725638
01-2020-28-SL	0	55803.105991665	0	0	3228.84286751436	0	0	0	16383.0719341118	0	0	0	36370.3343874438	17261.7266642413	0	0	0	206.867739860564	3606.32317633209	0	0	0	0	0	0	0	0	0	8545.55704764204	16534.4905890613	0	0	0	0	177.01054029306	0	0	12540.0238183517	0	0	0	0	0	0	0	0	0	0	0	0	0	0	4307.96736616844	0	0	23047.6254090011	0	0	50352.0344134836	23145.7276361515	1580.29891996575	1802.09525961006	0	63919.9989598022	0	2232.89199622691	2422.69847919175	0	725.103418067955	0	0	0	0	0	0	0	0	0	763.491246083317	0	0	0	516.103021095427	0	0	648.32776203723	0	656.858390485088	0	970.358985943881	0	0	0	85340.4069923744	0	3341.87369444849	0	0	0	0	0	0	0	486.245821527923	0	0	3966.74222825411	0	0	1260.40035317106	0	0	5011.74421311675	21407.6120899004	0	0	0	0	0	0	0	0	0	0	151.418654949485	0	7069.75832616256	0	2068.67739860564	295823.000657718	277224.097984275	67244.811397355
01-2020-29-SL	2385.39165343239	184943.181298487	51147.8189267555	107461.893987129	20978.8918572922	637477.087340437	1004651.63626825	407161.245855083	298600.816238084	11205.0634246758	4218.37681870149	102207.755003121	28103.6800853074	0	16735.4056527651	9164.92582634549	16848.3978889803	0	0	100726.301239411	8141.71835395213	0	6019.97525168858	0	0	0	0	7859.23776341408	0	0	1619.55538575146	54292.7695014124	121623.58759277	28794.1881955115	37551.0865021909	2322.61818886838	0	3678.525023451	22567.0605107617	34481.4640850108	4984.21308638241	0	193015.848841419	0	0	3609.47421243059	47607.3955253454	4318.8143620039	0	4431.80659821912	2322.61818886838	0	0	0	0	93275.0909956628	148151.653717521	37670.3560848625	489.63302359928	125.54692912802	0	14343.7366528763	29377.9814159568	163.211007866427	0	0	16842.1205425239	0	309912.594552519	0	2623.93081877563	0	82917.4693426011	19076.8558810027	8499.52710196699	1688.60619677188	12768.1226923197	10150.4692200005	3753.85318092781	0	0	0	364.086094471259	0	17978.3202511325	0	4186.99008641948	0	43225.8076987774	684.230763747712	101925.274412583	4802.17003914678	357413.275188105	220918.653840121	150336.170284348	5919.53770838616	6710.48336189269	0	9629.44946411917	0	125.54692912802	0	803.500346419331	1406.12560623383	29359.1493765876	86778.0374132877	13941.9864796667	2077.80167706874	0	10608.7155113177	0	6804.64355873871	4312.5370155475	26126.3159515411	0	12517.0288340636	9842.8792436368	66583.8138630457	0	29748.3448568844	0	2749.47774790365	590.070566901696	1343.35214166982	2058.96963769954	13207.5369442678	0	0	6842.30763747711	8920.10931454585	48034.2550843806	26804.2693688324
01-2020-41-SL	3410.24011996367	22938.5305581636	103064.327804648	68369.1640965976	26681.7356649645	209741.431756286	0	306257.801619151	195844.915347043	0	0	28036.9243693531	42914.3089723041	0	0	876.949185077724	0	23123.0398183855	1221.57855043475	0	0	0	0	0	0	0	0	0	0	0	0	0	671.23196391076	2380.59361608161	19234.560179111	4525.77886567318	0	4123.88800576453	0	168.603289513129	0	0	0	0	1021.16331950405	0	0	0	0	4271.28333433261	1977.6423581257	706.225099470089	4230.98820853702	0	0	54908.4712847758	0	0	0	2270.31221916736	92651.21898063	209.958813355972	0	41723.4819652396	0	0	5869.30319154196	0	0	0	118.764581292267	0	25417.7411926397	8626.33811439816	0	0	37605.9563477586	10177.7004575284	1661.64374004449	0	0	28633.9284699562	5759.02179462771	0	1941.58882451912	0	458.091956413031	20.1475628977953	0	0	70896.0926432	0	307598.144750878	315943.477382754	25038.1186917233	12090.6585347717	26859.8825369029	12966.5473218022	6377.23385617585	0	9.54358242527148	3732.6011263284	2321.21132543547	0	17850.7407274467	9231.82539937928	26037.0136522351	0	0	0	0	14250.6893570248	0	132825.459398834	0	44178.3034446289	13354.6530070966	153975.098451283	0	0	0	0	1491.98005248411	1452.74532473577	11845.7065858564	7752.5701234622	29419.6834229702	20834.7008324149	5605.26407777611	433371.957135483	11227.4945243083	0
01-2020-42-SL	598.223227404945	22808.805167363	10700.4181417111	17011.9275992531	11402.5853806821	362540.720956191	563577.161899442	619.302782198072	5787.42811251297	8580.1056820024	285.664311506857	80230.9661862402	31014.5670314875	0	0	3193.18911055884	409.96099666633	0	1776.49765222076	16495.8419474214	0	0	714.524219367025	1638.39022426579	0	1061.97343285374	3530.46198724887	12435.4835655453	170.090200744541	0	2283.86072965533	0	69623.5888380988	1016.17991726867	52899.5061939518	64424.2076161941	0	6847.94778296718	12068.408559665	106075.227243813	36086.7440434337	417.229808663959	5067.08884354784	6224.28371357053	288.571836305909	193776.351520018	209332.336076146	13749.6847747168	14257.0478521514	993.646600076015	1493.01398431319	0	229.694459125107	356.171787883868	0	153.371933149992	3197.55039775742	134793.57656525	0	0	0	258.769707115626	0	388.881441873203	0	26.8946043912308	12889.0574341974	4472.50002214171	3593.70065162825	0	407.053471867277	0	18825.4961926618	5133.23503272627	0	0	500.821146636704	9188.50524620403	0	0	760.317734952093	0	202.799854733876	234.782627523448	0	3070.34618779889	0	1253.87006959117	10392.2205130115	715.251100566788	9573.75228207841	0	18292.6922732355	72406.8169519913	1041.62075926037	0	6650.23609663165	0	1293.84853557813	9960.45308035233	2128.30815290605	161.367626347385	747.960754556122	14.5376239952599	9072.20425424195	0	143.19559635331	643.289861790251	9063.48167984479	0	351.81050068529	0	5498.1293950073	618.575900998309	0	6217.74178277266	7535.57739794298	1418.87210193737	0	771.947834148301	0	0	1315.65497157102	3199.00416015694	0	24833.169308703	0	0	607.672683001864	254528.355315009	16910.1642312863	4436.15596215356
01-2020-43-SL	0	0	3778.5433837524	0	164.956873506244	201782.759101899	0	8784.68992882136	0	0	0	0	5944.33876313572	0	57619.2886328083	30.9294137824208	0	0	0	0	0	1540.5793722101	0	0	0	0	120799.980429541	0	0	0	6043.75473600779	0	42334.2669073815	43217.9644440221	0	20413.4130963977	0	120071.666376427	58740.1116751141	17601.7821006529	0	58301.9449798631	14282.7614359536	4057.64452240806	3184.2567903616	312860.593799166	347605.371696033	0	120748.431406571	15860.161538857	0	2091.41750338274	3364.67837075906	0	6775.01444757788	24309.046403755	1489.76676385327	3335.22178620437	0	13304.0664141241	0	1621.58497973549	0	0	9812.72472977992	1025.82555711696	35989.318594302	23359.8079664802	0	0	804.901172956807	0	1259.26898971285	2447.84217649444	56856.3630928419	18379.4359328966	0	4004.62267020962	0	0	0	17747.5921941986	0	0	541.264741192363	0	0	0	0	0	14916.8144184932	92509.1402086066	48817.661167868	94084.3310676685	44543.510748983	145.810093545698	0	0	0	0	0	0	1132.60567612769	0	0	1016.98858175055	0	21576.9481863078	0	1382.98664484253	17201.908965323	2203.35252469055	31859.505439735	0	0	0	0	0	70.6958029312474	0	0	0	6116.65978278064	5252.84544071446	5550.35694471679	0	0	1528.79673838823	0	462005.909131068	143382.870978392	27061.0278157766
01-2020-44-SL	526.692696040096	34457.5075021404	1130.57311477572	136.213628286232	10606.5011892212	128295.076028525	58317.594723612	1784.39853054964	43679.1701371183	0	7573.47773271448	2079.52805850314	71852.6889209872	91281.2927688801	503.990424659057	10111.5916731146	20936.0346675938	2324.71258941835	56097.3125825464	0	11605.4011299869	948.954943727414	1303.11037727162	35311.1129060675	13616.822374347	0	11210.3816079569	19496.710662036	12917.592415811	25426.5439467633	1525.5926368058	65500.5933885726	785.498589783936	75625.8064245158	3146.53481341195	0	0	0	0	37086.4305280647	20155.0765320861	41676.8298013107	345841.861764466	0	172.537262495893	117125.558509054	0	0	295.129527953502	0	286.048619401087	0	23737.494956014	0	0	95281.4329862191	7219.32229917028	93774.0021665181	46317.174071595	102219.247120264	0	2760.5961999343	15482.9490818683	13680.3887342139	0	9162.63672938719	2361.03622362802	0	0	0	0	903.550400965337	0	0	0	0	0	0	0	0	0	0	263.346348020048	513.071333211473	0	6824.30277714021	0	36646.0064632725	0	0	45572.5395702969	0	125212.10757498	66131.7165329655	1162.35629470918	9126.31309517752	0	0	7509.91137284757	3064.80663644021	14352.3759670926	6311.23144392873	1053.38539208019	0	62590.1621975235	1003.44039504191	5493.94967421135	0	34103.3520685962	0	245.184530915217	6297.61008110011	2656.16575158152	111636.149289119	5103.47060645748	0	42416.9238483326	292677.68264435	9875.4880507518	0	0	0	75271.6509909716	0	0	0	0	0	0	121525.2587027	4340.67428805458	0
01-2020-49-SL	0	0	52804.9020121437	0	27592.8923153615	178140.254479946	0	488.163288628787	0	194349.837719044	0	50585.0629526996	0	0	3570.40890764672	0	0	0	355.027846275481	0	0	0	0	0	0	0	12320.7472940705	161.50106924645	0	0	438.752196621375	0	1799.38726726993	399.406327059917	0	12533.9470058803	0	13389.4909137864	0	51707.7927655347	0	357.31539683138	8185.3133991168	3138.97687280422	1697.36251247685	1388.08567731934	149868.874669705	9617.3200471094	0	9198.24078526876	0	0	0	0	7579.57001191482	0	166509.889943646	187.121635472515	6122.40030780734	4275.43198897471	0	642.80170620754	0	31518.7865793949	475859.011698719	5464.04325781968	40756.8307443363	0	15892.986242162	7849.95848762205	43199.477227925	50310.5568859917	2565.25919338483	0	2715.78001996296	0	41584.0090253493	42208.9678372208	0	8771.38385153805	0	14183.2709566832	0	888.942146022243	0	0	33462.7470417977	0	86054.9068522428	76938.5603768752	181076.554373497	555355.968617311	276912.569892652	4928.2989176282	181685.500331478	0	0	18482.4934714393	122.155199684992	0	0	0	0	0	0	17865.769841569	173.396332137123	0	0	0	0	339335.249462016	0	175.683882693022	0	0	0	1325.8643021989	153257.194553102	21850.2253998334	37463.2154539533	8791.97180654114	0	28994.7032960163	13076.5539977394	0	0	10006.2036416122	0	388757.321712097	18464.6505771033	151.893356911675
01-2020-50-SL	0	892.618578292567	129950.612073941	2843.20526067587	41368.300466562	270991.741122149	1998064.84947387	1195223.67001173	5121.80238447994	111633.783100258	522.934679150314	439563.566215753	19378.157840493	5317.39877475339	1696.51302079099	0	0	0	257.434424311787	0	0	0	61733.8503940368	9808.04992051592	0	341.453492298663	8143.80022183189	665.431018456055	6640.86713368265	1101.65801944391	0	0	16678.7932242107	5113.7365539532	1207.18596883543	0	75.2810849162406	18222.7276175375	0	8705.04759598422	0	0	0	239.286305626622	342.125644842558	14522.5278633955	0	7495.8451695171	0	17464.5395480239	0	0	730.629815213871	11628.9111619275	1422.27478288183	54063.245563107	1527.13057972945	1376.56840989697	0	0	0	0	0	1191.72646032584	1148.70869751656	0	4475.86378979684	0	0	8299.06745947163	30095.6301528989	0	130374.740329139	240.630610714412	0	195872.644968987	83065.2835270887	81689.3872697356	403.291526337003	0	5301.9392662438	293278.303020076	498.737187570094	410.685204319848	28555.7286748354	1037.80352777389	13326.7684878063	2110.55898783032	7784.19861084806	0	259849.468402002	4492.66760339422	456526.679966032	19608.0340105051	176240.413466902	166.693830885961	219.793881853667	27210.7514345015	180.136881763861	0	440.259916251229	1252.89234182029	36877.6493207995	1833.63213974557	2016.45763168502	35039.9842657905	1524.44196955387	0	0	0	0	150751.044697316	0	0	0	0	722.563984687131	18476.8012791298	24191.4422073251	1753.64598702207	213.744508958612	39191.1983768861	0	10563.5493798539	21543.8333369227	0	953.784459787013	0	0	377781.320838556	3452.17546544475	0
01-2020-52-SL	211.23104842378	14436.549585377	64711.9670533221	4627.65952064052	17452.0548973579	386657.220168188	262011.478053474	76217.9893347048	147652.930791308	5273.49238133852	0	94918.0069779227	13091.4691161037	11799.8033947077	3654.05434342287	0	0	21596.5537440176	25058.8005836993	0	0	524.435706431455	47262.3400990496	35581.505915523	0	0	4647.08306532317	0	1247.96274586004	0	745.378527196559	0	3996.39431845451	20839.0355013943	3617.63519714291	8519.65228642581	8201.59174224748	12076.5889064355	551.143080370094	60378.0886460066	0	23560.7597000502	145902.383826784	0	25959.567468357	0	25260.3198597817	0	0	8507.51257099916	648.260803783326	0	12008.6065000462	2318.68564649092	0	86463.9091548008	874.059510719092	978.461063388316	7412.51023951496	75331.7901085591	10755.7878680155	582.706340479394	16939.7589063531	12552.4657511603	2983.94205187157	3224.30841731932	1019.73609583894	0	0	97.1177234132324	0	218.514877679773	2156.01345977376	0	0	0	0	3202.45692955134	2806.70220664242	0	0	3224.30841731932	0	806.077104329829	480.7327308955	6523.88307028389	1111.99793308151	3399.12031946313	0	3945.40751366257	157845.435863527	11304.5030053003	20630.2323960559	119178.014286548	19219.5974634787	2323.54153266159	216.086934594442	8755.1627657029	6023.72679470574	0	3862.85744876132	752.662356452551	19.4235446826465	80.1221218159167	58401.7429745473	9393.7117971449	2976.65822261557	9187.33663489179	5822.20751862328	1153.27296553213	2614.89470290128	502.584218663478	23898.2437889112	22470.6132547367	7825.2605640212	4851.03028449096	8167.60053905285	8337.556555026	0	1740.83519218219	169.956015973157	0	0	0	0	12188.2742883607	2731.43597099716	0	29.1353170239697	78223.470323188	17439.9151819312	81263.2550660222
01-2020-56-SL	0	32451.6869780682	17565.9081844083	22440.3865661721	7768.03989321893	64176.3707949793	6546.36332729913	85825.2799135309	17661.5079884749	0	0	0	12409.0768929598	0	4360.90734131337	6053.91317379369	0	176.74847496019	3864.01068529322	0	0	0	10607.1317488688	0	0	0	0	1840.85204109481	0	0	1131.63488999669	0	225486.589024056	8039.27654661696	11743.2131413802	59675.3986244522	0	24362.3872781606	0	11468.6416110961	24424.6383133667	0	48729.2210588359	1817.50790289252	8745.15882082904	99472.7077568407	17075.6812821603	0	10202.5000200291	1686.33607870823	1297.26710867008	0	185.641479989634	0	0	53588.1366817981	20678.4599447136	618.063849546326	9870.12395705365	71327.4584642806	0	3733.95048673761	0	4442.05601220705	489.115276619395	19893.6522508652	8233.81103163604	0	0	0	3680.59245656094	0	1521.81548566353	0	701.435771697359	0	0	0	80.0370452649918	0	0	1392.86691273659	0	0	0	0	0	403.520103211001	0	0	9935.70986914579	8525.05694635031	146545.606628943	401998.287725337	3547.19738111929	48.9115276619395	8425.01063976907	0	0	274.571530284069	910.421389889282	1828.62415917933	575.822075656469	0	0	2436.68337806753	0	6447.42864634657	27.7906407170111	0	177.860100588871	0	10760.5360856267	199082.145466009	22293.6519831863	71314.1189567364	0	8063.73231044793	155.627588015262	0	0	0	714.775279241524	0	482.445522847312	8228.25290349263	2349.97657903046	0	9979.06326866433	12111.1612244734	247272.228094935	187.864731246995
01-2020-58-SL	0	4279.29052415562	35258.7964556297	0	10583.7352157539	470382.945065212	0	0	5208.6013572332	0	1281.70550098059	93281.9910783277	12784.3432684816	0	21748.8472886811	0	0	0	4417.57197611757	0	0	0	49927.0386449262	2576.7930779575	0	4019.0834908939	71445.4168470041	139.768349294868	0	0	0	0	5752.80578108343	0	0	0	0	10176.3253465327	0	15814.640032981	0	1428.90833694008	60815.5878139295	0	0	62961.180665339	178641.793166836	4511.24650809179	10235.8012398497	11058.0554649567	0	11802.9910287517	1814.01474616743	692.894157142641	1317.39103697077	218.573907939846	0	4966.23709196657	8362.31060036526	14556.7248893272	2935.13533519222	0	0	7650.08677789461	25210.3442797285	2334.42881269087	3440.68042838642	231.955983936163	788.055586449785	7171.30583669304	3265.22654310137	8847.03913089853	4774.42733601936	0	7000.31264340677	13938.1755988307	0	26135.1944208073	0	0	5824.17685306379	71308.6222923751	0	0	6433.80475956268	0	5453.93941716568	59.4758933169649	15474.1405437413	0	271824.162123858	187912.598037618	785.081791783937	10530.2069117686	30056.1426877282	0	0	9633.60782001539	0	0	29.7379466584824	95.1614293071438	1836.31820616129	1764.94713418093	3748.46817630171	34436.5422305227	1333.74690763294	1263.8627329855	1745.61746885292	0	0	36469.13088463	0	1611.79670888975	0	1439.31661827055	0	23195.5983936163	7886.50345382954	0	0	0	0	7550.46465658869	0	0	0	0	0	119225.375743188	27143.3108125299	46194.9263392866
02-2020-49-SL	3361.5083642837	24151.2748114662	44150.3468383707	16601.2001759128	20367.7808688737	53128.7454053141	146039.145269152	144479.743653117	2794.06883914298	2012.67670616232	705.282509638392	138084.843967403	15074.7793966594	0	27614.2626735396	9581.35591631053	144.608284350318	943.759329444179	12225.7424962137	2516.69154518448	0	0	21920.4171850561	956.444266667891	131.077684645025	0	21854.4555114928	18180.0520290242	236.785494842626	0	2079.4840422072	39778.2718085979	81.1835982317573	17943.2665341815	9766.55599977672	36452.2812685406	0	12091.2821616424	0	12513.2677399512	0	9577.9732663842	9854.50489786113	581.815787327594	4073.55617377474	57878.8315643535	31284.4378436003	30711.9243435701	6228.30417684263	12560.6248389197	3239.73296693607	33270.8990128336	18502.2494345064	8235.06124563388	16989.3592549584	4171.65302163811	7257.47541692647	35669.1978105968	19309.8571044161	1445.2371810216	14328.0594254236	5082.43151430064	0	16624.8787253971	4583.49065016797	1209.29734866055	13014.7455915286	4372.07502977276	0	2273.98641297079	30497.1260732486	9971.20632031928	37522.8899702219	8663.81212379535	0	10503.1280212336	8865.92545689316	4854.9483067554	0	8829.56197018519	2446.50155921327	16651.9399248076	586.044099735498	0	17746.2271759732	0	3543.32579782357	2204.64208948116	3744.59346843981	0	69277.5161535812	3335.2928273547	370959.149832718	85564.9755488275	49274.2158142688	4582.64498768638	7723.4354442775	9380.0882456943	6026.19084374482	14218.9689652997	10414.3334606676	5616.04454017813	15810.5057556347	0	70343.8965428545	10404.1855108886	885.408618215103	8916.66520578801	92046.9784701443	0	5776.72041167848	20076.8729752099	14937.7820746433	56077.5704785864	5464.67095597516	20908.1591946038	15269.281767423	112435.055238576	0	77311.3097285988	659.616735633028	0	28234.1332725384	7024.91823449175	3836.77067893211	27370.7118788443	3167.8516560017	2004.22008134651	0	300321.808408755	98378.4534697398	24772.8367354281
01.2020.030.SL	0	0	44214.6102479862	0	18119.4568862875	768362.081627789	0	31891.6409533816	384.50071507991	22257.5761764084	0	184510.933967723	0	0	8691.94515045861	0	730.36560951411	0	0	0	0	0	27447.0355860231	0	0	314.659039297279	0	462.515352922211	0	0	1253.43518133296	6.31547068247195	11547.6523937622	19430.1028020381	3592.01682522478	1392.74703462279	44.9512913281827	7052.52326094397	7284.70968309368	61402.7209577467	0	20977.0216209683	18661.8443684292	6605.98233386566	1724.86649286572	282051.14966885	37892.8240948317	120904.113741794	1153.87364351517	7717.13367570529	0	0	0	0	0	33415.1553809591	154746.492139509	2069.98839074904	1479.67763107563	100435.301761627	0	0	0	0	0	4349.50180884598	14466.885842166	0	0	3253.21039802394	21866.759990646	0	12189.6014137217	0	2755.77420721041	0	17435.9000594787	6277.94935665256	0	3264.72684456256	3739.50164057428	19931.9969721569	0	0	31256.37890238	0	3334.94001862063	0	13979.8516030648	0	102724.845633161	28194.4901162074	375997.119555099	33302.9629017764	62248.2510326471	0	12.6309413649439	12691.4955838406	225.499453191793	0	0	0	8241.31774235046	0	0	63979.8044944707	0	929.117186874256	648.264490641974	1689.57415669897	2314.80575426369	11059.5036598347	1280.18305716461	2156.91898720189	0	432.795490887049	0	128942.96492403	3917.07781623437	33662.2017341264	3046.28585860412	0	0	7504.63666215388	9949.4668128214	249.646841095362	0	10027.1099523883	0	407405.069753859	231518.096752189	24111.3525708516
01.2020.090.SL	0	5462.86379765048	10075.5407252801	4542.28708597918	2945.96789446406	254013.067178684	23284.9596179518	60346.1293752558	0	4560.03756778667	287.068136817711	86.9161522987527	4063.63616275647	2230.43985194827	0	0	828.151789156425	0	427.23573453894	0	501.910175246318	0	0	2873.74179607496	0	0	0	0	0	107.114976424519	0	0	1894.40486876507	3824.92278672469	4044.04942421028	3092.25634798098	47.1305896267884	1920.72454868652	0	9197.81000417857	0	174.444390177074	33605.9466606389	247.282574145747	3480.93069100709	40741.6403472506	8621.22538822487	27790.5215691568	0	3684.75518900346	115.684174538481	0	0	0	0	194181.089690266	7878.76558020806	1854.00722051354	73.4502695482417	5909.68627073562	363.578834263797	0	0	23403.0921348085	0	9277.99321510207	6841.89260841872	1861.96433304793	16902.7432797891	0	0	0	28781.4881224785	919.964626091728	0	0	2748.87633784295	2001.51984518959	0	0	0	2633.80424888404	0	0	0	0	0	0	0	275.438510805907	214016.334981769	2196.775145072	460184.913372701	111379.376657374	7180.3759339202	0	116.908345697618	0	0	355.621721729404	0	0	419.890707584115	177.504818074918	501.29808966675	45394.7149231317	127.313800550286	603.51638145472	163.426849744838	0	0	14593.9564736561	7831.02290500171	7993.22558358741	2051.09877713465	0	0	67544.8678765631	0	0	1428.6077427133	0	227.083750019981	153.633480471739	5243.73716016489	2008.25278656484	0	0	1792.79866255667	331397.210746814	15079.9524238336	45302.2900006168
01.2020.108.SL	0	0	0	0	906.335388344012	231234.387685211	0	33385.8297968688	0	0	0	22591.5239012634	0	0	527.457480101843	0	0	0	8298.16908836279	1196.06555347038	5163.14012212367	16447.7586048659	0	0	0	104.005700301772	7406.69165720475	20972.006567993	0	0	0	0	4851.12302121836	0	0	61422.7950067892	0	16670.6279626554	0	45658.5024324778	0	0	159931.051149753	0	0	14375.0735774235	116464.097402205	631.463180403615	0	4672.82753498675	0	0	0	0	0	183139.180274234	16098.5966109957	13780.7552899848	2406.98906412672	4405.38430563934	0	0	0	0	12086.9481707845	0	0	0	10274.2773940965	0	213538.560676724	0	0	0	14583.084978027	2102.40094181439	0	21588.6117912106	0	0	0	85878.9925348916	0	0	9605.66932072793	0	0	0	0	0	22279.5068003581	299707.283376741	0	5683.16862363253	0	0	0	9910.25744304026	0	0	0	0	11462.9139689739	0	10400.5700301772	0	0	0	0	0	0	113306.781500187	0	0	0	0	0	58406.6296980379	88263.6946632394	0	0	0	0	0	950.909259901914	0	0	0	0	356048.65702593	0	124933.132998207
01.2020.141.SL	0	0	0	10346.1053753471	1477.86027143925	138327.288016605	25882.0573050886	65143.9507480097	889.533198571575	0	0	0	0	0	8464.10882733391	10624.5585203324	191.775123199962	0	0	0	2379.31169800631	0	0	0	314.207828971689	6862.73237485062	110.514477776249	4536.5109651878	0	2444.32021434528	3326.26908601064	9108.77661436203	105347.384202573	84841.5311987176	14120.9332240966	5757.58759708812	0	13539.1070028628	9640.76297306927	76279.9095968752	0	3592.80400300042	9144.53129834847	1314.25550531951	2854.9573425531	283866.187445747	9966.88903003644	43586.0432547348	38387.5288981619	1451.85686490367	0	0	0	0	0	84869.7015557978	8640.71529672145	855678.930212784	5710.99816037853	61594.4857559019	22226.4117362939	0	0	2500.66092850572	0	30124.9464714788	33387.2905164227	125843.485928978	59653.9815431836	0	1900.41562764256	83.427595968345	0	3106.32360573046	4356.65406998332	2671.85002153167	0	101.84667559772	0	0	0	12201.0150415524	783.35262188459	0	0	0	0	0	0	0	17367.0251399559	19876.3538706401	161935.130725102	180537.317675499	144.10221121805	0	1773.64902078157	0	0	2511.49568122888	614.330479403268	0	0	74.7597937898157	5087.99987879673	136.517884311837	0	6764.13612506984	7633.08329346741	729.178858268782	0	152.77001339658	0	0	0	139.768310128786	719.427580817936	14307.290970935	0	598.078350318525	1271.99996969918	0	7576.74257930697	0	0	1654.46674082679	0	0	0	65476.5776566107	29438.0231488303	33644.0741559617
01.2020.64.SL	2342.91877696723	7043.56618410628	37166.8076022564	32261.7842208939	6470.42486508838	606438.311977795	0	92854.8176221816	30579.3848968517	1255.87555174982	0	214.742871466655	19448.2992282766	0	8414.95859085196	188353.194041384	0	0	2021.54496242748	8456.42617982483	40056.2099624732	0	1578.73035161003	0	0	0	0	0	0	0	3059.71567206972	0	93802.6482272758	201637.632365907	8814.82462737607	0	0	43791.2549406726	0	86131.1442672946	0	34530.6537318381	406177.995959915	27267.9017203038	0	262922.28591185	124890.011089045	0	0	5229.35916654316	593.875113504335	0	0	0	0	79201.6139528637	203884.287097045	475.39628786756	0	31028.123448951	0	0	3043.42483354466	78973.5422135129	0	9312.43569505053	8334.98538354713	0	209358.008841464	0	0	0	18784.8178047107	0	16028.7041233352	4638.44602367975	5024.98319231973	6796.24163558951	0	0	0	17368.9958383512	2359.20961549229	0	0	0	0	0	0	139.212620123211	72923.7171794351	32050.0033200681	535858.994560648	222793.507668674	20256.9172132476	0	0	1815.68800288358	739.011674909385	0	0	0	226.590754030332	0	0	3739.48793416072	0	1467.65645257555	0	7206.47456935685	7364.93999864603	4475.53763842918	5698.83151312888	37917.6671597294	1377.31634802751	0	473.915302547101	4083.07652850736	0	0	0	21041.8394330913	0	0	8828.15349526021	2255.54064306011	0	1440.99871680728	2810.91013823249	158659.438366167	23611.3489640888	34381.0742144717
GBM.BM.257.SL	713.902867992248	11802.121020588	5427.17670998882	6265.11310013887	29791.7158373688	109155.180423547	0	0	1893.64155966114	0	385.356057391041	0	11543.6389476943	0	83050.3847028383	0	0	0	416.60114312545	5277.57902677559	0	68935.1805171242	0	4062.80796625297	4063.7547870328	10868.5557316751	421446.025055843	65562.6048993677	0	0	2563.99067178118	366.41964179443	101400.718236734	8020.51882594474	39.7664727528838	57229.6352160788	0	75779.7479345193	5874.07611806884	51864.001856779	1459.05082171891	3687.86693744006	148567.542204774	23667.6790334247	0	7159.85873707876	296865.240487296	821.840436892933	30755.5793912363	667.50864978055	0	18730.9554873881	6740.41713161381	0	16345.9139429949	3474.83226197818	3281.68082289275	8912.42400054514	0	13705.2307880475	0	0	0	0	19250.7600955151	1345.43232813924	576.613854916816	242.386119636625	16445.3301248771	821.840436892933	181867.229031415	4310.87501056858	0	0	24997.9622290867	137812.604966679	0	3416.12937362869	0	6497.08419119736	0	82.3734078452594	0	0	30113.6349025112	0	1259.27163717466	44.5005766520367	39203.1143888847	426.069350923756	0	458041.595017074	0	77529.4727356462	3633.89815298972	0	0	2658.67274976423	0	0	0	0	38333.9329130002	134.448550735941	0	2026.19646883742	0	245.226581976117	1236.54793845872	0	5350.48422682254	4521.06922369096	0	0	0	0	0	3411.39526972954	43199.6449005495	0	0	0	0	231.024270278659	0	0	0	0	0	4957.55360319285	17929.9451076515	6086.16397275089
GBM.BM.259.SL	255.096044599374	23792.5192918086	81009.8401255107	471.687025862994	29079.7458010994	1214079.08637509	60172.5844447212	0	3115.3002805084	13056.8263205085	0	319936.164690326	12861.8944373713	1163.57488267733	27337.3916851565	1920.44003387076	2370.46796160739	0	0	0	11853.5430912662	0	27332.5785522395	1689.40965385623	0	3848.09976711697	42670.8298753915	26407.2537489522	3115.3002805084	2056.41103877514	0	0	20933.5183391288	12148.3474824306	6223.38086164134	2466.73061994678	1208.0963621593	24265.4096009008	0	15095.188110845	0	1918.03346741228	1844.63319042849	888.02302318084	0	940.967485267503	117209.412794037	0	17143.1761670155	38095.9470378122	204.558148971196	13859.4162344132	2164.70652940695	16026.5293302786	8765.91832503038	95348.1630851623	14547.6942415398	17233.4224092087	415.132714088604	0	0	0	0	56668.6236811676	379.034217211334	0	8733.42967784084	0	4813.13291696932	5626.55237993714	15361.1137045076	2964.8898768531	97422.6233723761	688.278007126613	28952.1977787997	4234.35368370376	8865.79083305749	34445.185720291	0	15803.9219328688	15364.7235541953	48134.939019381	448.824644507389	0	11937.7729173132	3300.60589781171	21545.9895028132	879.600040576144	44031.7432076646	4061.08089869287	248147.0839505	65310.603833586	684315.595452718	8771.93474117659	11295.2196728978	493.346123989356	1353.69363289762	11371.02651634	265.925593662555	0	903.66570516099	5478.54854274033	11880.0153223095	689.481290355856	2079.27342013075	180047.26959153	0	2601.49834162192	4158.5468402615	0	2659.25593662555	50139.6088792987	11090.6615239266	613.674446913589	10069.0740622998	2428.22555661102	2287.44141878967	28562.3340125252	127641.878391568	0	190.118750220288	0	0	42029.4799142054	2377.68766098285	0	0	3771.08964044547	0	100638.999444141	4165.76653963695	1538.99925020094
GBM.BM.260.SL	0	13599.7240389064	4029.38074543577	18707.5168763457	3555.60137447188	166440.949111858	180144.453393928	3510.47952961818	0	0	0	15950.5721557844	3821.82025910874	0	21193.7305277848	0	0	0	0	0	0	0	0	0	0	0	9629.00169178045	0	0	0	2932.91991549077	0	101894.150048635	131904.689060833	77677.2559156516	0	0	42364.9001331428	0	17475.6905118396	0	5202.54871163208	392172.002361484	0	0	15481.3049693059	14208.8689444314	71942.2694347458	4665.598757873	2395.96996173169	0	0	0	0	0	24898.2339902739	911.461266044822	1024.26587817908	0	15318.8663278325	0	0	0	9953.87897472712	0	0	4701.69623375597	1213.77762656464	68788.2524794719	0	0	139.877719046483	2914.87117754928	8045.22493741544	0	0	0	1651.45952164557	0	0	0	586.583983098153	0	0	0	0	0	0	0	0	4931.81764250986	7007.42250578024	148044.772965003	80556.0296173179	0	0	1795.84942517742	0	0	0	0	0	0	0	0	5008.52477876115	0	5089.74409949782	26373.71831699	3785.72278322577	0	7571.44556645154	5847.79109304005	9349.24625368748	0	0	1457.43558877464	3776.69841425503	0	0	0	0	0	0	324.877282946669	0	0	0	2829.13967232725	65183.0170756609	57232.5480124383	49931.8335151089
GBM.BM.265.SL	0	20542.6704677009	321446.900057404	0	5527.71116772637	1174089.14477931	0	0	46950.5594119543	0	0	24074.1493820041	7659.7695332381	0	0	0	0	7276.98685371572	0	0	0	0	0	9688.92932898575	0	0	0	0	0	0	0	0	5346.60968494159	0	950.782784620097	18394.1483310269	0	1473.50751902162	0	0	0	0	0	0	8598.20448948651	0	0	3305.10206082224	0	3901.91376545391	0	0	0	0	0	3099.30492129408	0	3111.65274966577	0	498.029077658146	62772.2434988792	0	4231.18918869896	155726.695480958	0	1329.44952135191	3885.44999429165	0	0	3687.88474034462	3984.23262126517	0	0	0	0	72296.5351162425	0	7474.55210766276	2683.5946994472	28173.628401405	0	0	0	0	0	0	13183.3647581739	0	0	0	0	131224.488048736	0	74482.1007380315	78248.1883913968	8717.56683041284	0	5169.62414494737	0	0	1119.53643903319	0	4449.33415659881	1477.62346181219	6153.33447189197	31474.6145194367	7482.78399324388	1168.92775251995	0	185.217425575344	0	95469.2930271132	12792.3501930704	10088.1757796704	0	0	0	84549.6968037491	59594.7356645645	0	0	0	9396.69739085577	0	613.275475793916	0	0	0	0	446913.184142142	539262.592534008	18937.4527793812
GBM.BM.270.SL	0	0	16164.2128432736	0	0	16987.8194959564	0	282831.638776977	0	0	0	0	0	0	31593.2528659119	0	0	0	0	0	0	0	0	0	0	0	0	0	0	0	0	0	0	0	0	0	0	2626.37826502337	0	7803.48657729458	0	0	0	0	0	0	0	0	0	2889.5488254537	0	0	0	0	0	144611.69022254	0	0	0	11783.0090194294	45223.7831476336	0	0	42100.8968617174	0	0	11597.6176124865	0	0	0	0	0	0	8062.39526630094	0	0	0	0	0	0	0	782.053406299047	0	0	0	0	0	0	0	0	54638.25712319	0	169807.874081069	49836.1934962284	0	0	0	0	0	0	0	1007.93259176962	0	0	0	1613.11833397378	0	0	0	0	0	0	0	4353.50165958843	0	2529.42069012798	0	0	0	0	0	0	4331.12683461257	0	0	0	5897.36458292265	5401.92202988579	0	555295.209847283	7515.8102561764	0
GBM.BM.279.SL	0	60929.335965726	85923.9787517679	11501.49534598	25465.9610486621	410957.020297121	340.560688194281	729511.282589842	8479.29626701509	188374.385172938	3528.97702278542	47215.3042615208	15844.567549655	3014.81164538148	6653.86142855941	0	0	0	2997.82054813968	34582.0540905655	3801.57332201251	0	15260.2215532088	2881.09909752212	388.579006486316	2050.75156274908	0	2293.79812764261	0	0	270.380069152075	0	4222.65703626575	15793.5942579296	528.201501212388	0	0	4567.65018461006	0	90483.5027594362	0	7013.6294440705	12932.4412310826	2260.55467651735	3630.9236062362	6569.64468570876	15631.8094624533	0	0	5943.19031783729	0	434.381094703334	2339.60021585963	2591.51170105323	814.095180889582	70795.2535163434	24437.6302938543	282.1999628855	1176.81816983403	3927.89843628848	133.71254785936	1410.26107106916	0	50586.1902056216	0	27.3335042585432	10250.0640969537	0	0	304.36226363567	3904.25864882164	0	29653.1584037276	0	2589.29547097821	857.681039031584	33794.5536705761	32240.2376446308	0	0	2693.45828450401	32215.1203704473	155.87484860953	492.003076653777	0	1046.79933876637	9881.43116114252	0	866.545959331652	9252.02181983769	215590.429237505	36459.2009641049	234472.70947665	33805.6348209512	68743.0244668777	332.434511252552	0	6933.10641801155	2061.83271312416	0	0	0	246.740281685227	0	33.2434511252552	75672.4371680975	658.959075638392	474.273236053641	467.62454582859	0	0	41190.1134309078	323.569590952484	17548.848477343	3088.68598121538	0	0	0	0	10876.5184648252	12481.0690391375	149872.558823025	2620.32269202845	4077.12459467296	9297.08516469637	0	0	23166.9917175112	0	136633.539098232	12770.6564356064	5087.72550888072
GBM.BM.281.SL	0	426.78273485454	182944.541309986	574.277950710971	4159.58941447585	241989.175572392	1086008.95680584	596694.980247904	0	0	0	158153.007043259	0	0	21.8719141384061	0	0	0	0	0	0	0	23626.7146342798	228.813870986403	0	0	163.198128571184	0	0	619.143415610266	0	0	0	0	0	0	226.570597741438	514.270391408165	0	6378.74747205722	0	0	17181.7906014961	0	0	7523.93846361171	10511.4176075935	0	0	15033.8564694424	0	0	0	10775.5630321881	2251.12470132211	207038.978415841	14526.3158977691	0	2677.90743617665	1159.21144933553	0	0	0	31465.2721704978	0	0	8329.27355855405	1357.7411315149	0	12501.2009758772	25072.5042406596	0	66645.4048346572	0	0	0	47259.037451672	22023.8959007525	0	155.907490525049	800.848548452409	11915.7066589414	0	0	3664.94766396113	0	4091.73039881567	0	1556.27081369428	0	277243.897071946	0	868208.996633899	3405.28878585646	201260.867355123	0	0	20714.9459623156	0	0	0	130.670666519196	28314.0340796336	0	0	394555.871417377	126.744938340507	0	0	0	0	193029.176182725	168.245493372355	5259.91494113105	0	0	0	257093.69514905	0	0	1082.94015900672	109041.025891246	0	7901.36918707703	11633.6150483871	0	0	73920.9007863891	0	270561.746893508	17773.4539198556	335.930168433469
GBM.BM.282.SL	0	2811.70903873829	5125.79747670096	0	0	160340.684498994	51370.9315904985	61002.7904582719	0	0	0	24105.5967099647	1163.14999322398	0	0	0	0	0	0	0	0	0	1566.13109323859	0	0	305.288712132279	0	0	0	0	631.947634113817	0	95222.6022011791	35205.8942830944	13243.4243322982	34857.8651512636	0	3721.46940089248	41125.4424113393	19043.9098628115	23018.7688947738	17822.7550142824	128813.519197094	1245.5779454997	0	224829.872049817	241748.972476188	0	0	0	0	0	0	0	0	13197.6310254784	3107.8390895066	0	1373.79920459525	0	0	0	0	0	0	0	7058.27502449828	0	208448.079756799	8645.77632758613	0	3828.32045013878	97.6923878823292	0	860.914168213026	0	0	0	0	0	0	2637.69447282289	0	0	6368.32253507933	0	0	0	1688.2465780915	0	2955.19473344046	0	134693.379792761	260350.213706407	2048.48725840759	0	0	0	0	0	0	0	2781.18016752506	0	0	0	0	0	0	2518.6318750913	0	0	2155.33830765389	25915.9587729091	0	17407.5623657825	0	5183.80233200609	0	0	4609.85955319741	0	0	0	4817.45587744736	0	0	638.053408356463	0	115600.623736009	46028.3791281837	7638.32357754961
GBM.BM.284.SL	766.05255037377	2417.46091716313	142986.708550913	23638.7909943207	27859.0568205601	1368197.76216429	0	0	1853.03786319921	250.467090695978	0	332690.762116014	0	283.258046859518	6826.79800128173	4064.68320444225	0	111.628786939712	9339.14338734361	20372.2536164974	0	8360.29846186602	100507.071360924	2794.20807308465	0	0	3584.67942060149	12505.9125368396	0	0	1431.6391925018	0	46893.1603536177	15577.0995375184	1417.68559413434	4907.48054583707	0	16882.4586647946	0	9233.09603975089	0	14372.9039984062	0	0	653.028403597312	133513.610619242	104958.966920064	0	4370.96468860808	35370.9765016843	96.9775086538744	14416.8578332637	11472.6485777289	831.634462700851	2663.74192834887	191596.859183647	26737.8851917344	30527.6825083376	6872.84487589436	8287.04207043684	4160.96303317775	2471.87995079624	1464.43014866534	52238.0862082748	8679.83586448095	3067.69860108695	11232.6466858085	3831.6581117056	0	8348.43790325368	24187.8650900804	12656.6113992082	8637.27738946018	241.397251757126	3035.60532484178	9459.84201322218	0	5720.97533066022	0	4629.10625840616	2651.88136973652	5500.50847645429	0	0	170716.694586574	0	37107.5018185152	0	10334.7326308622	0	137216.895625967	29478.3719111043	248607.773713513	32903.9803103167	20862.0249191953	230.234373063155	1433.73223225692	14806.163227716	0	127.675425062295	33.4886360819135	2361.64652369327	48993.8745878394	0	1010.93820172276	30029.5390466191	0	8778.90641288994	9923.10147902198	0	797.448146700564	58833.952156575	3023.04708631106	28403.9448368096	0	413.026511676933	2042.10912107835	28119.2914301133	145062.306308074	76459.439934437	2245.13397732495	13371.7333155407	1005.35676237578	22879.0175632122	6803.77456397542	934.891090620084	0	0	0	55323.226807321	16957.8080959789	0
GBM.BM.288.SL	0	16618.750755073	45204.6146215151	6540.20252704777	10469.2857900964	867547.993404109	1118803.61648564	78.5609913158891	12918.114585193	0	1085.38211686426	156208.194259104	2614.22035576163	0	2571.83876834121	0	0	1530.90563340568	12508.770472547	0	0	0	2511.88432760014	1159.80831916352	0	138.515432056962	28604.4704170169	6744.87458337074	3146.57444165219	5273.92339070613	0	2294.80790422729	7617.31506587877	31679.7197481323	6485.41657257748	0	5693.60447589365	4400.44921094395	1944.38453506825	28737.8173628031	0	0	23936.2936172464	8443.23917194976	0	0	36468.839126639	6258.00317666306	0	8554.87847539866	505.477957282497	0	53.7522572161346	0	0	1476.11967893539	7242.08296261999	65509.5297849099	0	0	0	2228.65127996127	0	35739.0488652046	0	574.735673310978	63294.3165692527	37714.4443178975	12847.8231719103	0	1783.12776341985	0	308677.505549924	5278.05817972276	0	6347.93483777467	56700.3617849888	7872.63828765541	1588.79267963844	0	0	20190.1747681835	544.758452940442	845.564353899964	5352.48438202202	0	271.862377843143	0	12077.7187175638	0	65547.7765833137	187720.455052063	723818.592397182	61437.7963007877	100485.710076547	3823.64614312465	0	6828.60406095741	152.987193615152	0	1133.96588780961	2257.59480307765	975.810207923675	7689.67387366972	7382.66578918526	147820.774738879	2235.88716074037	0	0	0	0	18907.3564757754	910.68728091182	0	0	548.893241957067	2289.6394179565	50656.3339399361	0	70117.7521439393	15262.5399576198	0	0	2918.12734848362	24285.6832891513	0	194.33508378141	17401.2595764694	7728.95436932767	1186676.17819355	30221.1729225175	10466.1846983339
GBM.BM.291.SL	195.231130897743	22816.3915095165	42296.7532567584	2485.27804588075	5776.41889849635	342236.609851865	484334.234683274	553989.709593611	1130.06048760518	5288.34107125199	0	172556.531340959	18933.8570852033	12814.7149240726	7105.27312887697	13346.2566162249	0	0	5846.24609129919	86.2152074402441	177968.851305554	0	19496.0372395038	0	4104.84140548137	5234.18937071101	737.460658683079	17973.3769229765	641.270137985286	1214.13812791881	3207.06321230197	0	0	104789.2407258	1228.38857542959	38581.661590697	0	53931.5311269381	0	0	0	2083.41542607664	72442.1499210712	0	0	1021.04456414768	0	4532.3548308049	0	9904.77354237052	45.6014320345093	0	0	0	0	0	4344.24892366255	0	0	9351.14365657655	0	169.580325378331	513.728632763768	0	2155.3801860061	1585.36228557474	6902.2042518483	4645.64588851563	6067.84055009189	0	158.179967369704	0	7959.58745714848	0	0	509.453498510533	17325.6940836114	0	0	0	0	5140.84893951538	241.545085307791	1625.97606098047	9.26279088200969	0	467.41467835372	1059.5207724268	23689.9439419276	0	38717.0408420494	86477.4156744425	328585.39365891	48777.1442622875	33408.0366219068	1167.11165113322	0	872.12738765999	0	321.347591368182	6.41270137985286	0	163.167623998478	446.039007087544	2914.9290383309	4726.16091695156	0	79.8025060603912	3215.61348080844	3137.94854187467	4220.98255269426	8954.26869340121	193.093563771125	0	0	0	0	6877.26596870443	0	3529.83584842123	7885.4851300924	11126.7494164203	0	4865.81530255725	20854.817409657	316.359934739408	0	0	783.062090717588	378131.349564404	18415.8533181863	92191.1326038914
GBM.BM.295.SL	0	13860.3800266302	46868.306321052	4248.74789036151	9947.52403702086	240674.517205204	1457703.10157587	44441.9143193475	2464.5356582306	0	0	39849.8735202512	9012.71979797844	5649.81563231243	16798.0108874456	1389.11226751736	1725.57347657587	483.912060405639	1822.355888657	0	0	0	1652.70201336185	0	0	0	0	0	765.719672053629	3025.87364830114	132.079527075421	0	9008.16533152756	4179.29227698564	34978.3023427323	11233.0221927808	211.213381659402	4236.2231076216	0	64384.7842911235	146.312234734411	0	110307.469515312	5781.32585108149	14310.7028969606	639790.951920116	29424.6998141947	0	0	10795.2241051903	1154.55724529722	0	392.822731388107	0	0	290239.636973482	4611.39728151256	68.316996763149	0	32431.2169800796	0	487.327910243797	5665.18695658413	0	0	3695.94952488636	18256.5787683389	0	0	0	2510.64963104573	0	16669.3472102084	4300.55494624023	666.660026747063	0	1878.14810268024	2009.6583214493	0	0	0	0	287.500694711586	0	8970.02167500147	0	0	649.011469249916	2530.57542176831	0	173243.933475057	18170.0439057722	557265.158446845	48562.5678407781	35702.4625084217	0	585.248938937644	8289.69824890178	0	0	43.8367395896873	0	620.546053931937	64.9011469249916	12918.7440879115	17095.7591316717	0	0	0	0	0	91699.0582136432	10298.7872620447	2192.97559609708	0	8765.07068471202	1737.52895100942	39706.9771353549	0	10714.3823256872	280.668995035271	7041.77444136159	18.2178658035064	2362.62947139224	2054.06436934535	1457.99857258687	0	0	305.149252208732	892607.676683357	25679.220466655	6151.37625021521
GBM.BM.305.SL	0	29948.1931238394	15248.1819655004	2252.22237998573	16989.1888736389	167469.261199121	10146.2926179485	0	9848.59686125025	0	0	149607.515797229	15328.2518586813	305.908053434707	67209.4364915339	72028.0016016766	3516.91607740706	0	64700.5798385325	0	0	5171.69386981225	0	39872.7537299023	8686.55687303519	6994.82374531574	210006.905220018	55494.5951969135	529.693139504391	0	796.592783440712	0	24560.9264646939	6867.53314589996	3531.28759669594	0	0	17003.5603929278	0	46450.8034158405	695.992148418561	0	46487.7587511548	0	0	140592.467054733	71210.8780763946	0	13519.4935024667	1162.03998821506	0	98190.3259299884	9249.09919948559	0	5262.02913391378	8275.94203621008	10111.3903568183	9881.44604819626	19569.9031230847	10084.7003924247	0	0	3911.10632075917	0	53182.8336655882	3001.59445719155	9306.58527664111	5038.24404784409	54597.4017784507	10287.9547366531	69196.8123017675	37355.6847801643	0	0	0	5060.82786386947	0	12115.1907605249	236.103531174438	10595.915864272	0	8407.33878399412	295.642682514079	1903.19976868438	19978.4648857257	3557.97756108957	9082.80019057142	2098.24181617631	50836.1698731327	20001.0487017511	3311.60865899451	157466.683774061	0	65394.5189127669	114.972154311031	1673.25546006232	1196.94224934519	172.458231466546	0	7087.21208360139	406.508688456858	0	2859.93233848689	0	1034.74938879928	8883.65199471124	854.078860596228	16445.1242148456	9633.02407191707	0	1525.43411880528	15954.4394848396	0	7723.66508068031	0	0	0	289.483459961702	26726.9197289464	0	6319.36233873844	0	0	1291.38366181497	0	256.634273015693	0	0	0	29574.5336223285	17683.1279478733	62160.9270727692
GBM.BM.308.SL.ab	0	5236.32410026982	0	0	0	111708.247472423	0	0	0	0	0	36072.4549129699	0	0	131697.706934564	0	0	0	0	0	0	3594.77805296301	0	0	0	0	104144.668216478	0	0	0	0	0	0	0	0	0	0	0	0	26181.6205013491	0	0	0	0	0	0	0	0	0	0	0	0	0	0	0	3657.11524463289	29028.3522542736	398916.468559444	0	0	0	0	0	0	0	0	0	3054.52239182406	0	0	0	0	0	0	0	0	0	0	0	0	0	0	0	0	0	0	0	0	0	0	0	143063.854882372	0	0	0	0	0	0	0	0	0	0	9454.47406993162	0	0	0	0	0	0	88165.5680850986	0	0	0	0	0	0	0	0	0	0	0	0	0	0	0	0	0	0	0	70628.0381619727	68196.8876868474	0
