feature	X1877	X1867	X1871	X1861	X1857	X1855	X1844	X1836	X1830	X1815	X1814	X1812	X1949	X1941	X1934	X1790	X2295	X2301	X2303	X2318	X2325	X2328	X9226	X10068	X10115	X9712	X9262	X15452	X7144	X7038	X7967	X7985	X8007	X8002	X8130	X8047	X8053	X8028	X8071	X8059	X4046	X4037	X4041	X6744	X6747	X6768	X6846	X4303	X4348	X4285	X14853	X4121	X14844	X14851	X14861	X14890	X14894	X14941	X15332	X15346	X15300	X15286	X15271	X7263	X25416	X14963	X63327	X14837	X15350	X4198	X4262	X29305	X7253	X29347	X15091	X15249	X15254	X15078	X15124	X15132	X79840	X15131	X15127	X15126	X15149	X15158	X15154	X15156	X15120	X15234	X15265	X14974	X14987	X14995	X14993	X14027	X66170	X14127	X5090	X4791	X4862	X4815	X4811	X4837	X4826	X4828	X4816	X4820	X4805	X4677	X48013	X4868	X25431	X4874	X4774	X4775	X4871	X4630	X4626	X4552	X4628	X4581	X4575	X4577	X4571	X4617	X4613	X4584	X4557	X4608	X29302	X4606	X25493	X4724	X4725	X4763	X4762	X4761	X4758	X4760	X4753	X4749	X4742	X29433	X4705	X4699	X29435	X4716	X4721	X59817	X29380	X4652	X4644	X4670	X4532	X4540	X4529	X5075	X5082	X5087	X4936	X4940	X4951	X4925	X4933	X4964	X4959	X4910	X4914	X4993	X4988	X4987	X4498	X3922	X3958	X6140	X6148	X6179	X5792	X6952	X6939	X49188	X714	X14546	X14809	X14808	X14807	X63101	X14797	X15878	X17153	X17154	X17248	X17234	X17300	X16971	X16988
BM-02-2020-43	328866	0	95385	0	0	18587	0	6140777	0	2239593	0	0	0	116433	0	0	0	2158651	0	0	0	0	49851	168004	135009	0	0	0	1323	2570	2107	0	26950	0	0	0	0	408	3889	0	40673	3614	17448	0	762	0	0	3519	48722	0	25121	0	92411	0	759729	0	43452	0	7585783	0	0	0	144143	7580	0	100054	2495	1030	0	0	37049	0	2092	790	1553583	787473	0	823223	0	889840	0	0	355821	77291	0	102577	127440	0	200854	0	0	0	43592	4769	0	0	0	5791	0	27981	10124	0	0	66348	17239	0	0	63826	0	51116	469	0	0	493392	4272	0	0	95364	181927	0	0	0	0	0	0	99797	9616	13316	0	54418	837	0	0	0	19953	0	11694	6566	20850	24647	62	0	29252	0	45863	23544	0	39922	0	0	204	0	2352	0	0	37311	578	0	0	0	171177	0	0	22007	83187	18246	0	0	17750	0	76051	122298	41117	0	0	2857	0	1764	0	0	673	17	0	0	128953	25020	0	0	0	2826	1630	0	0	0	0	0	0
BM-02-2020-52	233986	0	54744	143877	229973	0	112466	645770	0	0	101460	199994	0	0	358985	71629	1808423	818960	2829828	2787089	116323	397586	5825756	327860	0	0	0	0	647	0	0	361	6997	9412	0	0	0	0	3001	0	109407	2099	2276	0	0	0	0	37592	7429	112748	23803	427	0	21419	1610092	0	443	10045	2017402	0	0	0	114162	3038	11962	124148	0	18243	5894	0	195460	0	35	261	1150888	907975	875386	689575	105824	209074	15357	129737	46552	699416	0	141608	225598	0	128362	0	126502	0	37777	15895	0	0	1068	6144	498	3612	0	0	11675	44213	26403	0	1682	98709	285	5330	0	0	9662	106178	381	0	0	38214	0	0	0	32909	4848	9643	0	0	11013	0	22927	44918	0	6735	0	50762	9338	0	38112	26325	8068	41131	959	0	40327	0	226610	52141	0	0	75626	0	0	15258	21902	0	141970	0	0	37613	0	57929	111049	7118	0	187964	327834	45216	0	102575	379134	194368	0	14908	11003	0	0	0	0	0	112112	0	0	3392	0	0	88570	0	0	82193	140636	0	666	0	0	0	0	0	0
02-2020-13	299419	710956	1905856	628721	0	0	0	3957620	16746855	7227893	0	0	354731	71352	2331387	173649	0	950576	3379977	699034	0	0	0	76338	7267	0	327344	0	0	0	0	5250	9192	30304	0	0	0	0	12894	10637	0	80786	41171	215	0	4227	0	30354	62661	846047	31028	12323	142215	11195	756373	16289	0	8607	1035710	0	199517	804965	92877	697	7318	68127	3930	4672	25122	298614	0	627	1626	2330	848114	687767	0	996974	83664	120635	0	18380	3933	115752	153507	176752	261596	0	0	0	18595	0	0	9562	28295	0	3885	10068	55	17609	1041492	44205	121922	583091	206956	0	0	393208	0	134449	0	0	7156	0	7248	8335	0	1662	0	62080	0	88873	497	17366	0	17814	3390	0	0	502236	1777	13805	0	75525	130424	36307	786	4680	809705	77545	19266	3192	61046	6788	26710	0	3388	8199	159364	0	0	0	0	18787	67289	19000	0	0	8388	0	116859	0	0	0	19076	157381	5330	146844	29041	6718	18935	171794	129110	1043	0	0	0	0	179915	0	0	0	0	30751	61471	0	0	31606	86161	0	6810	0	0	0	0	110	0
02-2020-41	0	0	6360455	0	0	2572400	0	0	5018978	0	9150431	0	0	0	0	0	0	0	0	0	0	0	0	476684	107461	0	0	0	0	0	0	76073	0	245072	0	0	0	0	0	3155	0	334489	0	0	891	0	0	151	0	0	0	9756	0	0	0	0	0	0	0	0	0	0	0	0	0	62082	0	0	0	0	0	0	0	0	0	0	0	0	0	11037	0	0	0	0	0	0	0	0	0	0	0	0	59850	0	0	0	0	0	0	1688295	0	0	0	2951	0	0	0	0	0	0	0	0	0	0	0	0	0	305913	0	0	0	0	0	0	0	0	0	598998	0	0	0	0	0	0	806138	0	451562	0	0	2533330	0	0	0	0	0	0	0	0	0	0	0	0	0	0	0	0	19723	0	0	0	0	0	0	0	0	20630	0	0	0	0	0	0	0	0	0	4033	4516	0	0	0	153184	0	0	0	0	0	0	0	0	0	0	0	0	0	0	0	0
GBM-BM-298	0	2319031	77102	1433851	0	604126	0	2880008	681515	0	8384443	3813249	0	0	0	0	0	0	0	2527247	0	0	0	78005	0	0	200464	0	22760	0	0	0	296520	5330089	539	2187	1291	0	80333	341	1286	84622	3808	6005	64189	0	0	228909	357724	690485	247432	16404	75322	0	1143830	11716	6298	8743	2885683	24668	211141	538313	69024	23	0	35856	0	1657	0	0	40664	11190	0	0	817032	19376	215048	190497	26635	308530	2213	0	1197	7624	21194	90272	88344	0	0	0	23939	0	0	1109	12650	0	0	2134	23981	1463	5912	25892	780643	1164238	183509	17089	13865	793091	2356	134626	0	564550	10571	79166	0	0	0	15848	0	6269	13978	551134	2319	125651	0	34513	7086	18389	0	545394	0	6489	1427	242955	0	95343	4836	28544	71615	0	30877	0	226296	75315	0	7943	0	4594	60817	1259	0	1747	543	2716	323421	109090	0	0	13768	1459	0	27542	194609	119628	1564907	397621	16351	188	20328	0	0	202540	175956	0	39188	18272	0	0	0	0	0	0	0	114605	14264	26249	0	1631	37455	1781	6602	5025	50955	0	2949	3115	821
02-2020-40	0	0	0	0	0	0	0	14934	0	0	7856	0	0	0	13277	0	14733	11376	277	31265	0	0	0	0	0	0	0	0	0	0	257372	0	16174	0	663	0	0	0	2489	30498	0	71161	0	0	0	624810	0	0	1250098	2006	0	0	0	0	138182	0	0	0	0	0	0	0	0	0	0	0	0	0	0	0	0	0	0	0	6521	0	0	0	0	0	0	0	0	0	0	0	1165	0	0	0	0	0	0	0	0	1286702	0	238	0	0	0	0	0	0	0	0	0	0	0	0	0	0	0	0	0	0	0	0	0	0	0	0	0	0	0	0	0	0	406	0	0	0	0	0	6416435	8217173	1926422	4690619	4479208	0	0	0	233781	332702	341	0	392	0	1990	6071	0	0	0	0	0	0	0	0	781	0	0	0	0	0	1622	0	0	0	0	0	0	0	0	0	0	0	0	0	0	832	0	0	0	714	0	0	0	0	0	0	568	0	0	0	1131	66714	0
GBM-BM-277	1028892	0	0	842741	0	0	852030	0	0	2460617	0	841324	131102	15550	285648	0	298273	2354767	4709526	321023	6572	0	0	0	0	0	0	0	0	0	0	0	18719	31891	0	0	0	0	5077	0	1954	0	0	0	1273	0	0	32017	3241	0	3019	0	0	0	3824483	0	0	591	56955	0	230136	93473	33074	0	255	988	678	1503	0	1106853	0	0	0	1581	625706	93550	69730	30849	0	776	119	1710	0	0	0	3597	3769	0	0	540	0	0	0	0	24801	0	0	5888	86092	0	0	25507	430043	2521018	0	137117	0	1547801	119454	0	0	32234	7971	34307	0	0	6506	0	0	31974	0	334061	45316	130650	36664	0	2533	21996	0	0	0	0	13039	9134	0	1225	368	0	15485	0	0	18702	0	0	2151	0	0	0	0	0	0	0	0	81258	422690	0	1290	0	0	0	0	0	0	632734	0	322161	0	41026	67274	41295	916	0	1123	0	3239	0	0	0	0	0	0	0	4131	0	28809	0	0	20894	24462	274	0	5269	0	0	0	0	0
02-2020-110	0	0	0	942	0	0	0	0	0	0	2095089	0	0	0	0	0	16051	0	85682	0	0	0	0	549110	0	19933	0	0	0	0	398787	128660	22602	652245	67	0	0	0	0	4763	0	1942379	565750	119492	36500	75889	0	644964	21304	1620	104094	14828	8991	0	147727	3523	0	0	369606	0	0	44069	69278	0	0	1105	0	0	0	0	0	0	5995	0	8146	14970	0	297748	7482	571253	0	0	3036	296813	6571	8789	79569	0	84953	0	0	1642	2678	444	3969	0	0	0	12700	26466	16132	930	5145	257072	0	215801	0	31522	0	0	31934	0	28856	0	0	0	0	86531	154448	0	0	1166	0	0	0	915959	22	6413709	0	594163	0	0	0	1669767	5475	0	293283	198615	351077	1800	25358	786074	1671600	0	312131	68621	140471	167010	57258	921	2007	0	0	0	183	0	3490	0	199903	0	0	0	459244	0	0	263292	0	0	0	0	0	3149639	256329	0	0	46640	0	0	80710	0	0	0	0	0	40627	0	0	0	2742	0	0	0	0	0	0	8106	0
02-2020-34	944645	1105238	2586793	703619	0	339113	675358	6099362	0	0	1180767	0	0	145018	5888511	0	0	0	2287199	1190619	0	0	34111	0	0	46471	0	144208	0	21412	0	0	66276	15763	0	0	0	12349	13007	9664	0	19808	309048	3839	0	0	0	27217	7624	1492763	50110	3918	0	0	371512	17940	0	1061	0	0	0	0	314788	0	3194	56887	0	4181	0	564224	0	0	0	0	252461	0	0	749165	14942	278258	0	0	13599	25997	0	44825	54959	0	44692	0	0	0	25835	11573	1874	0	0	2930	0	58869	177850	0	0	2006391	0	0	0	331483	0	25211	0	0	18670	29432	0	0	0	25669	0	0	0	0	4553	0	0	96725	1112	11965	0	225041	0	1546	0	26178	3629	7383	137986	8916	722610	300296	14274	2036884	28720	1160	15472	25739	0	0	265806	0	5292	0	0	0	132620	2837	0	128991	372530	0	0	0	0	157510	0	55113	0	0	0	0	84241	0	30026	0	0	2721	4324	0	130198	154	1337	0	0	51878	62313	3275	1367	1159	30108	0	0	0	482854	71876	7271	3763	0
02-2020-20	326205	569972	0	0	0	0	0	1587893	1850038	0	4319602	0	0	0	0	0	0	0	0	0	0	0	0	0	25387	0	0	0	0	0	0	0	41786	18518	0	0	0	0	0	0	0	369327	931676	536	14270	14897	0	9390	7785	0	107	0	4163	0	190345	0	0	0	350209	0	0	607816	111481	0	0	1109	0	0	12348	0	0	0	0	0	37722	41472	0	272633	14589	261890	0	0	2332	14527	0	0	16644	0	43242	0	0	8655	3993	460	0	0	0	0	0	52784	16100	0	0	610838	0	0	0	94227	0	253029	3799	0	0	18655	0	0	0	171240	29354	0	0	90338	5052	0	0	378263	3425	452802	35574	278100	0	0	0	0	1849017	0	494730	0	6065522	1154483	0	0	742904	0	20189	15417	3856	0	640	0	0	0	0	0	0	36448	0	0	0	0	611	1438	95822	1222	44335	31986	0	0	0	0	0	770847	229797	882	0	0	0	0	0	0	0	0	0	0	102879	0	0	0	0	0	953	0	0	0	0	976	0
02-2020-29	522646	65094	3171771	560604	0	342401	0	0	0	0	1962176	0	1201739	0	2384104	236223	0	0	5657367	0	0	0	2079069	161185	86876	5133	0	119825	0	2665	0	0	469186	13671	156	459	9757	9781	59500	282	2302	46526	435394	3404	0	15601	7086	7200	10156	660472	76936	12151	0	0	221720	3590	2278	0	0	0	156911	252571	168288	0	0	34420	3372	2424	0	0	310133	328	0	0	94626	56054	0	69104	19416	63531	0	0	0	12436	0	8967	0	0	0	0	0	0	0	825	0	0	0	6426	2813	2155	6042	0	176052	883682	108168	0	8982	70348	0	94541	2295	0	13922	128610	0	0	0	73626	0	0	0	4019	0	205218	105913	0	3228	0	0	159228	438	7241	0	0	0	42399	6386	16441	227072	0	2422	0	147890	0	88045	57277	0	11968	70224	0	0	0	352	0	168009	0	31284	0	39379	0	5118	9747	12423	45262	194501	31662	0	1850	8152	14839	0	130710	35699	1955	47473	12868	2835	4523	0	0	0	0	0	0	104215	7524	0	8177	0	599	0	700	0	46929	0	0	0
02-2020-44	0	28683	63721	15866	0	0	0	134290	34835	140857	318349	292559	132490	0	165793	12097	26684	54516	239673	133986	0	0	60563	112607	0	0	8485	2756	20	0	317565	0	9033	422	0	4067	0	0	0	0	0	38667	65118	68248	0	19996	0	21211	21885	0	10741	0	23368	0	728841	4097	0	0	8468	0	4849	0	0	0	0	236	0	0	0	2075	22737	0	105385	84	227583	342319	0	198473	2164	0	0	0	0	0	0	6556	38878	505	17672	1065	0	21405	0	2518	0	1200007	337	459	0	379448	0	0	223	3187	0	0	0	0	0	321597	0	0	65193	0	1822	84693	0	455	0	1210	2111	0	0	12076	0	10203	1769	0	0	177565	0	0	0	19480	158561	1220908	0	5701	4039133	0	182332	0	48118	806	0	7521	0	0	1434	0	1040	0	0	0	5977	1249	0	2874	0	2729	0	0	0	0	0	17578	0	0	0	0	205247	645544	275923	0	0	0	6850	0	69133	0	0	0	0	3786	2826	0	0	0	0	0	207	0	338918	0	9265	178	0
02-2020-08	420479	26133	745338	162679	0	0	0	1112625	471712	0	343033	16463	385255	467161	313626	260863	2155897	1894387	725920	2856046	0	493343	1857774	981203	78467	20710	4924	28660	0	0	0	153225	1394908	6911	3406	3529	68479	16725	231090	13986	13259	33252	334	0	0	0	0	81487	2007408	1505269	19113	0	0	29568	1134602	0	2817	14218	2744351	0	7462	342234	30040	23	10556	48264	6527	0	3991	3995	370014	0	0	878	5166593	225725	0	0	8275	0	0	2062	0	2178	76648	9820	18614	0	0	1481285	0	529	107	0	0	31059	131	8066	0	0	0	75309	187331	408913	411254	0	0	477677	16676	0	0	258811	15522	1332089	0	0	0	0	0	54126	0	0	90139	509055	99956	17334	8800	0	0	1122774	0	0	14880	4408	32798	534	11406	3001	47978	0	0	0	388524	0	10172	8592	518	0	28175	0	0	10530	11639	0	399761	5821	0	69085	377966	25140	16886	458	25097	0	2343753	1105229	0	0	4651	36558	51708	153475	48432	3765	0	0	17079	19487	470105	3526	20154	37684	76440	344152	689	0	24421	1219	41945	5818	0	839	449102	113087	0	42675	503
02-2020-53	27791	19288	0	76901	26268	0	1358	211662	2605	138212	151901	143539	7498	0	95747	157	0	38595	206834	69513	3018	0	0	2717932	315373	0	0	10789	0	9098	0	2071	4388634	0	47735	9077	80341	83285	298501	0	0	13093	0	1039	0	0	29117	54664	305566	0	11898	0	0	20213	369416	0	0	0	331887	26351	434448	114664	8968	663	0	0	0	0	0	27122	60428	0	502	173	188698	130873	0	0	0	0	0	0	0	0	0	0	0	0	184962	294	0	2116	0	0	915	0	0	0	0	0	0	196485	3284479	2222092	584058	38089	9906	1089925	17324	0	0	111708	6903	388162	0	0	118750	259	0	39951	730	437727	130393	822385	47875	0	294	583620	253086	602824	1671	0	20159	0	0	0	0	3507	0	0	0	0	0	0	0	0	0	0	0	0	0	0	2400	327978	829155	712324	0	17065	61302	2168	5846	4034	0	0	1525848	441816	17731	0	0	24229	43906	0	2787	5156	89793	211544	0	0	328567	19514	174422	835	2486	167737	2136	12638	0	3047	23996	3678	6784	29241	0	534707	14061	47346	10631
02-2020-28	1213780	11899	553844	125547	0	0	0	330985	1167915	0	1450218	0	1481764	0	3999788	0	0	0	1732461	0	18060	0	18534	0	0	0	3084	0	0	0	6418	0	130	0	0	0	0	0	0	0	0	122036	28082	0	64	175445	0	24736	82562	0	20233	0	84226	0	425767	2343	0	247	0	0	149	0	1132178	0	0	0	0	0	0	0	0	0	6140	0	625771	7241	0	100179	0	241383	0	0	0	61180	0	19263	13799	11175	0	0	0	0	6516	403	0	297875	0	0	0	157026	20570	0	0	0	0	0	0	0	0	0	2306	0	8456	0	7081	60864	0	1678	2100	0	5987	0	0	0	0	209423	32349	0	0	1230534	0	2496	0	105815	0	36378	84549	60647	4304790	0	213448	0	2536508	0	0	56579	0	0	30349	2179	31196	0	0	0	0	8004	3928	0	0	0	0	0	0	0	0	9579	0	0	0	0	3420	955865	1164859	0	0	3138	0	0	41141	0	0	0	0	285	50472	0	38197	0	0	0	0	0	3612418	0	0	0	0
02-2020-37	566717	137266	0	0	0	0	0	1161420	526808	0	1748034	160284	612766	0	2513782	0	104028	265603	3507436	0	0	0	88308	120764	0	0	462567	169222	0	0	0	1392	29041	54534	0	0	0	0	1762	0	16531	4513	28214	942	0	0	7266	42854	936898	210224	34897	1544	0	0	88590	3399	0	0	0	0	0	0	184411	0	0	53132	105	7747	0	0	0	487	0	0	76100	4090	0	492065	22349	417096	0	0	0	0	20106	47411	32340	1353	0	0	32974	0	50480	0	6081	0	0	0	45176	39402	3294	86593	133517	655764	121284	0	7436	259416	0	4596	0	90735	14129	306594	0	0	2250	11382	0	0	0	307897	19481	20046	0	0	0	0	3516	45588	0	0	0	0	112947	10741	20499	30862	168894	0	202168	1621606	50941	0	155997	8696	0	0	17813	0	0	81901	2967	0	174038	5928	2824	23398	0	0	35536	20850	103148	151691	0	150467	0	234369	163361	0	0	10669	131868	0	0	3106	55098	4775	266031	0	322	0	0	80630	19051	1868	0	0	14177	0	0	0	115708	0	0	0	0
02-2020-22	63996	5003	62182	0	33597	192413	376499	1090281	67690	514579	509725	0	0	571113	2579793	460481	648086	83625	439705	2420548	69934	39140	23371	18911	0	0	41689	154674	46901	2086	0	21658	54355	327314	135	2182	5482	61049	596	0	13914	605623	202572	5999	0	6542	41141	862194	77968	1474975	34811	28796	109160	8932	3642685	13578	0	0	291655	42660	33228	26667	147851	1438	9531	51707	17164	0	2262	3599	462991	0	1767	0	1273416	168897	4871	83117	3384	130025	0	23289	158003	126177	0	13119	7119	7242	251982	538506	197972	688	0	0	0	0	66481	15290	112334	0	0	22009	241591	727481	163206	48719	0	296822	67269	221239	0	33803	7319	221635	33383	2223	12388	2214	211	0	0	45164	13105	0	36885	65793	32657	8003	0	222669	9648	0	0	0	38829	32492	59738	9791	29593	0	0	0	2256613	0	0	131914	428	0	2017	1957	1210	4047	1189	0	540021	62170	0	170239	193075	11456	5551	16961	11914	2530	321577	271027	0	928	1952	0	662634	0	13598	0	0	0	68160	0	21582	0	206	7472	179556	470131	96676	2629	26632	30298	9440	14888	0	0	436598	39325	782	0	2907
02-2020-18	5651	34981	0	19347	0	20609	543994	247171	95133	0	193864	0	189496	28077	0	7278	86963	30146	0	158195	0	0	18436	1670	0	0	0	0	470	0	0	0	0	6509	0	0	0	0	0	0	0	11513	0	0	0	28702	0	100055	38861	0	0	0	849	0	2973267	0	0	0	3328077	14618	114182	0	20155	0	0	0	0	0	0	283373	10860	235	34763	0	88416	171632	0	118097	2484	39523	210	2581	679	295398	191	21070	50387	235	0	0	0	0	0	0	0	6044	0	1575	0	3035	9296	0	224	3104	200	0	0	1310	0	7172	0	8079	19738	0	1917	142819	0	0	39993	0	1180	0	0	0	0	0	0	0	0	1448	0	0	0	0	381815	0	343044	0	881887	0	3906	2716947	10789	0	0	0	0	0	29259	9839	0	0	0	0	0	2794	0	4271	597	0	0	0	0	0	0	22883	0	117	0	0	0	0	365043	0	0	0	1019	2545	0	0	0	2741	0	2497	0	0	0	0	9978	0	0	0	0	0	0	0	0
02-2020-56	289494	63555	500765	130230	0	0	12698	1366525	778682	0	2101455	0	1344559	0	333576	636826	0	864285	344985	1206611	107353	201319	0	48988	0	17528	37403	63296	40	0	740	0	13548	86999	0	0	52	0	8599	79	6888	26707	0	0	0	4914	108599	58874	201406	248449	24658	16541	40949	0	563834	1321	17100	3041	1645457	59735	40964	130529	97863	2639	7354	0	40	2192	16978	457646	8296	507	982	0	556099	116960	345133	101687	21194	31358	576	92	39560	903	0	35440	43403	0	0	0	21646	0	16744	0	8623	13799	733	5205	166970	0	0	45954	462176	216029	310635	0	0	354933	18974	5490	0	98202	1198	207212	3132	1696	0	0	30008	41582	80165	213810	56885	259252	0	134	5610	0	0	291478	6118	0	0	0	0	0	0	5667	858	0	0	7599	0	0	3883	0	0	7073	23938	0	57	0	0	0	205695	84743	0	226964	495743	0	66375	32384	70617	106435	2656506	132825	13151	3092	148587	0	0	0	9782	304	0	0	75151	7011	38963	22329	33524	241	53567	123778	3789	0	0	539	9258	551	0	2757	106956	1692	0	0	0
02-2020-26	345246	0	89177	177890	444429	0	402342	1683375	252798	42579	2246355	0	345677	0	710287	78561	419637	0	113180	261933	0	59782	1757	191857	1758860	0	0	30524	2925	977798	0	0	524482	0	5496	0	15319	22621	54256	0	0	62692	0	0	0	0	0	520195	275888	202845	107337	2119	0	65367	327945	0	0	0	644550	0	270435	0	11566	1652	1016	10907	342	1167	3569	98929	0	315	0	540	360922	159064	0	200175	7585	49563	0	0	0	16395	0	158506	17872	0	60751	0	0	0	33420	1051	0	2739	0	0	63321	5798	12152	0	29762	2263614	0	43871	0	162263	0	59984	0	0	5453	44598	0	0	0	11188	0	0	0	0	0	0	0	266402	7190	62875	1783	137593	0	295	0	0	7781	13474	0	1369	66152	1534	6313	0	44172	617	9740	742	3041	33169	30948	0	603	0	26171	49251	87748	2943	345	0	15554	0	21794	0	98526	23173	71748	46419	0	0	31672	24541	26177	1047	146892	4867	0	0	0	0	48737	0	11442	0	6054	0	8255	0	0	13514	11393	2422	992	0	429238	5663	22424	4662	101
02-2020-16	0	0	729916	204018	162840	0	0	1328359	68247	0	600899	0	38164	0	88995	12088	0	0	0	131962	0	0	0	0	1333	0	0	0	0	0	0	0	11793	2522	0	0	0	0	901	0	0	5673	2631	0	0	0	0	11347	22031	236954	4910	0	0	8040	106818	2169	0	0	293805	0	112678	239707	17749	0	0	1459	0	0	0	0	0	0	47	0	76406	7747	19649	13228	2248	1334	0	0	0	0	0	2222	5441	0	24869	10998	10577	0	2008	132	0	0	0	1555	0	0	8919	7598	70266	68993	193379	0	0	73700	1224	31891	4599	83765	2454	202798	0	0	83766	2573	0	15136	0	0	13173	83852	62533	15069	955	1025	0	193503	0	0	926	10859	0	1332	469	4538	20338	17458	24472	0	25224	0	98566	12427	0	0	54574	0	0	17813	0	18800	180640	0	0	0	0	0	9302	0	0	407468	0	109812	62669	0	5147	7170	4922	15726	586	0	13264	0	0	0	25307	0	0	0	0	29181	4007	0	2986	0	8704	0	0	0	17075	0	0	0	0
02-2020-55	152559	30020	10576	71540	43317	0	0	1154640	176265	809599	5703	56633	278132	0	445655	170176	0	0	440970	205299	0	100294	173603	60815	0	18801	2427	10238	0	29514	0	0	489670	6430	0	0	0	590	44303	0	0	448	0	0	0	0	2391	164082	202114	267253	32247	5844	0	0	188706	0	0	38830	474715	176932	447331	149281	37887	0	14134	16620	0	0	0	52155	0	14	0	997	1251508	148712	63930	127772	9823	21927	15995	0	0	60266	0	0	42534	3024	84854	65300	3056	35086	2123	2190	19596	0	0	7988	470558	0	0	41155	104153	628850	367604	0	14000	141963	0	0	0	312619	5161	154744	0	0	129284	0	0	36856	0	350304	155847	85051	0	0	4391	0	83672	188504	0	0	1321	0	0	0	14222	27396	5409	0	0	63224	58296	0	70494	3793	0	1405	244744	0	0	47884	0	0	190338	351787	0	98430	854	0	9397	39053	934	158064	456014	421131	79997	165665	192155	55963	0	0	6234	58	24411	0	281	0	601467	5902	1430	0	0	0	50162	0	6435	0	33882	73	0	0	109891	75	0	2781	121
