Species,Abundance
Streptococcus.thermophilus,110
Streptococcus.thermophilus,66
Streptococcus.thermophilus,58
Streptococcus.thermophilus,55
Streptococcus.thermophilus,54
Streptococcus.thermophilus,52
Streptococcus.thermophilus,49
Streptococcus.thermophilus,48
Streptococcus.thermophilus,45
Streptococcus.thermophilus,39
Streptococcus.thermophilus,37
Staphylococcus.saprophyticus,26
Veillonella.rogosae,26
Prevotella.intermedia,26
Veillonella.rogosae,24
Veillonella.rogosae,23
Staphylococcus.saprophyticus,22
Sphingomonas.sp..AAP5,21
Staphylococcus.epidermidis,19
Veillonella.rogosae,18
Klebsiella.aerogenes,16
Veillonella.rogosae,14
Acinetobacter.baumannii,14
Staphylococcus.epidermidis,12
Ligilactobacillus.murinus,12
Janibacter.sp..CX7,12
Klebsiella.aerogenes,12
Leclercia.adecarboxylata,12
Veillonella.rogosae,11
Klebsiella.aerogenes,11
Serratia.liquefaciens,11
Corynebacterium.tuberculostearicum,10
Jeotgalibaca.porci,10
Ligilactobacillus.murinus,10
Streptococcus.mitis,10
Veillonella.rogosae,10
Prevotella.corporis,10
Klebsiella.aerogenes,10
Leclercia.adecarboxylata,10
Serratia.liquefaciens,10
Bifidobacterium.catenulatum,9
Prevotella.corporis,9
Prevotella.melaninogenica,9
Klebsiella.aerogenes,9
Staphylococcus.arlettae,8
Staphylococcus.epidermidis,8
Ligilactobacillus.murinus,8
Streptococcus.mitis,8
Veillonella.rogosae,8
Bacteroides.eggerthii,8
Meiothermus.ruber,8
Fusobacterium.nucleatum,8
Klebsiella.aerogenes,8
Leclercia.adecarboxylata,8
Veillonella.rogosae,7
Fusobacterium.nucleatum,7
Klebsiella.aerogenes,7
Acinetobacter.indicus,7
Heyndrickxia.coagulans,6
Peribacillus.psychrosaccharolyticus,6
Jeotgalicoccus.sp..ATCC.8456,6
Staphylococcus.epidermidis,6
Staphylococcus.equorum,6
Staphylococcus.nepalensis,6
Dolosigranulum.pigrum,6
Gardnerella.vaginalis,6
Lactobacillus.johnsonii,6
Ligilactobacillus.murinus,6
Veillonella.rogosae,6
Bacteroides.eggerthii,6
Prevotella.corporis,6
Prevotella.melaninogenica,6
Fusobacterium.nucleatum,6
Kocuria.rosea,6
Cupriavidus.gilardii,6
Limnohabitans.sp..103DPR2,6
Neisseria.sicca,6
Micrococcus.sp..KBS0714,6
Klebsiella.aerogenes,6
Leclercia.adecarboxylata,6
Proteus.mirabilis,6
Acinetobacter.baumannii,6
Acinetobacter.indicus,6
Pseudomonas.fluorescens,6
Pseudomonas.sp..DY-1,6
Staphylococcus.epidermidis,5
Veillonella.nakazawae,5
Veillonella.sp..S12025-13,5
Prevotella.corporis,5
Prevotella.melaninogenica,5
Neisseria.subflava,5
Aeromonas.hydrophila,5
Micrococcus.sp..KBS0714,5
Klebsiella.aerogenes,5
Leclercia.adecarboxylata,5
Proteus.mirabilis,5
Pseudomonas.fluorescens,5
Bifidobacterium.catenulatum,4
Corynebacterium.aquatimens,4
Corynebacterium.tuberculostearicum,4
Dietzia.kunjamensis,4
Mycolicibacterium.fortuitum,4
Mycolicibacterium.litorale,4
Heyndrickxia.coagulans,4
Staphylococcus.epidermidis,4
Staphylococcus.saprophyticus,4
Dolosigranulum.pigrum,4
Lactobacillus.johnsonii,4
Ligilactobacillus.murinus,4
Streptococcus.gordonii,4
Streptococcus.mitis,4
Enterocloster.bolteae,4
Veillonella.rogosae,4
Bacteroides.eggerthii,4
Phocaeicola.coprophilus,4
Prevotella.corporis,4
Janibacter.sp..CX7,4
Prevotella.melaninogenica,4
Capnocytophaga.sp..FDAARGOS 737,4
Thermus.sp..NEB1569,4
Fusobacterium.nucleatum,4
Pseudochrobactrum.algeriensis,4
Sphingomonas.sp..AAP5,4
Ralstonia.pickettii,4
Limnohabitans.sp..103DPR2,4
Neisseria.subflava,4
Aeromonas.hydrophila,4
Micrococcus.sp..KBS0714,4
Klebsiella.aerogenes,4
Leclercia.adecarboxylata,4
Proteus.mirabilis,4
Serratia.liquefaciens,4
Pseudoxanthomonas.mexicana,4
Stenotrophomonas.acidaminiphila,4
Acinetobacter.baumannii,4
Acinetobacter.indicus,4
Acinetobacter.radioresistens,4
Rothia.mucilaginosa,4
Pseudomonas.fluorescens,4
Pseudomonas.fragi,4
Corynebacterium.tuberculostearicum,3
Ligilactobacillus.murinus,3
Streptococcus.koreensis,3
Streptococcus.sanguinis,3
Veillonella.rogosae,3
Janibacter.sp..CX7,3
Prevotella.melaninogenica,3
Ralstonia.pickettii,3
Neisseria.subflava,3
Aeromonas.hydrophila,3
Micrococcus.sp..KBS0714,3
Klebsiella.aerogenes,3
Leclercia.adecarboxylata,3
Proteus.mirabilis,3
Serratia.liquefaciens,3
Acinetobacter.baumannii,3
Acinetobacter.radioresistens,3
Moraxella.osloensis,3
Pseudomonas.fluorescens,3
Actinomyces.pacaensis,2
Bifidobacterium.catenulatum,2
Corynebacterium.aquatimens,2
Corynebacterium.glaucum,2
Corynebacterium.tuberculostearicum,2
Dietzia.kunjamensis,2
Mycolicibacterium.litorale,2
Mycolicibacterium.thermoresistibile,2
Heyndrickxia.coagulans,2
Peribacillus.psychrosaccharolyticus,2
Bifidobacterium.pseudolongum,2
Staphylococcus.epidermidis,2
Staphylococcus.nepalensis,2
Dolosigranulum.pigrum,2
Enterococcus.cecorum,2
Lactobacillus.gasseri,2
Gardnerella.vaginalis,2
Lactobacillus.johnsonii,2
Ligilactobacillus.murinus,2
Lactococcus.raffinolactis,2
Streptococcus.gordonii,2
Streptococcus.koreensis,2
Streptococcus.mitis,2
Streptococcus.sanguinis,2
Streptococcus.sp..oral.taxon.064,2
Streptococcus.thermophilus,2
Streptomyces.albus,2
Clostridium.perfringens,2
Enterocloster.bolteae,2
Lachnoanaerobaculum.umeaense,2
Lachnospira.eligens,2
Faecalibaculum.rodentium,2
Phascolarctobacterium.faecium,2
Megasphaera.stantonii,2
Veillonella.nakazawae,2
Veillonella.rogosae,2
Dermacoccus.nishinomiyaensis,2
Veillonella.sp..S12025-13,2
Peptoniphilus.harei,2
Bacteroides.caccae,2
Bacteroides.eggerthii,2
Phocaeicola.coprophilus,2
Prevotella.corporis,2
Prevotella.denticola,2
Prevotella.histicola,2
Prevotella.jejuni,2
Janibacter.sp..CX7,2
Prevotella.melaninogenica,2
Capnocytophaga.sp..FDAARGOS 737,2
Sphingobacterium.sp..UDSM-2020,2
Campylobacter.concisus,2
Meiothermus.ruber,2
Thermus.sp..NEB1569,2
Fusobacterium.nucleatum,2
Paracoccus.yeei,2
Sphingomonas.koreensis,2
Kocuria.rosea,2
Sphingomonas.sp..AAP5,2
Cupriavidus.gilardii,2
Ralstonia.pickettii,2
Limnohabitans.sp..103DPR2,2
Neisseria.sicca,2
Neisseria.sp..Marseille-Q5346,2
Neisseria.subflava,2
Candidatus.Methylopumilus.rimovensis,2
Aeromonas.hydrophila,2
Micrococcus.sp..KBS0714,2
Klebsiella.aerogenes,2
Leclercia.adecarboxylata,2
Proteus.mirabilis,2
Serratia.liquefaciens,2
Pseudoxanthomonas.mexicana,2
Stenotrophomonas.acidaminiphila,2
Acinetobacter.baumannii,2
Acinetobacter.indicus,2
Acinetobacter.nosocomialis,2
Acinetobacter.radioresistens,2
Rothia.mucilaginosa,2
Moraxella.osloensis,2
Pseudomonas.fluorescens,2
Pseudomonas.fragi,2
Bifidobacterium.catenulatum,1
Corynebacterium.tuberculostearicum,1
Staphylococcus.epidermidis,1
Granulicatella.adiacens,1
Lactobacillus.johnsonii,1
Lactococcus.raffinolactis,1
Streptococcus.koreensis,1
Streptococcus.mitis,1
Streptococcus.sp..oral.taxon.064,1
Megasphaera.stantonii,1
Veillonella.nakazawae,1
Veillonella.rogosae,1
Veillonella.sp..S12025-13,1
Peptoniphilus.harei,1
Bacteroides.eggerthii,1
Prevotella.histicola,1
Prevotella.jejuni,1
Prevotella.melaninogenica,1
Campylobacter.concisus,1
Fusobacterium.nucleatum,1
Sphingomonas.sp..AAP5,1
Neisseria.sicca,1
Neisseria.sp..Marseille-Q5346,1
Neisseria.sp..RH3002v2g,1
Neisseria.subflava,1
Aeromonas.hydrophila,1
Klebsiella.aerogenes,1
Leclercia.adecarboxylata,1
Proteus.mirabilis,1
Acinetobacter.baumannii,1
Acinetobacter.indicus,1
Rothia.mucilaginosa,1
Pseudomonas.fluorescens,1
