feature	X1524	X1525	X1522	X1520	X1568	X1552	X1545	X1543	X1540	X1542	X1541	X1564	X1561	X1560	X1526	X1536	X1457	X1458	X1456	X1528	X1411	X1485	X1464	X1466	X1469	X1468	X2016	X2037	X2036	X2043	X2048	X2053	X1341	X2532	X2489	X2492	X2502	X2497	X2483	X2480	X2479	X2476	X9712	X9649	X9738	X9418	X13165	X9247	X9434	X9422	X9467	X9450	X9463	X9447	X19351	X19300	X3607	X5989	X6001	X6055	X6067	X8007	X8095	X8163	X8130	X8047	X8053	X8028	X8026	X8071	X8059	X8249	X8255	X8235	X8236	X6833	X6602	X7285	X7298	X4482	X4481	X4494	X4479	X5266	X5265	X4799	X7281	X5286	X5285	X5273	X7282	X3936	X3934	X3920	X3922	X3931	X6653	X6649	X749	X748	X6936	X6956	X6952	X6939	X5868	X5825	X5884	X5880	X5898	X19880	X19882	X19831	X19850	X19800	X14348	X969	X985	X17008	X17007	X16955	X15897	X17130	X15888	X15878	X15873	X15872	X15877	X17167	X17168	X17169	X17153	X17154	X17151	X17132	X17137	X15892	X17300	X15494	X16971	X16988	X16987
01-2020-08-SL	0	2984.59982224774	99019.4815143466	0	4622.54145029884	63295.7494599367	224928.504755865	695024.787838265	11956.6924515036	187848.264342829	0	0	375.713414681823	0	0	0	0	0	0	0	0	0	0	0	0	42542.8601725676	0	0	0	0	0	0	0	0	0	1394.50184999883	10140.0406973679	0	0	0	5787.67518571662	0	10272.3143339974	0	0	4978.55453612094	11997.5002755701	0	0	81.6156481331301	28296.7080742951	727.505001462556	0	0	6643.23232476737	0	0	0	0	0	0	240282.096769324	0	0	0	110138.909989312	0	1287.55720761748	0	80306.9834303058	0	726.097835115434	17232.1590868674	26786.8185838322	0	0	0	0	0	6823.3496171991	0	381.342080070315	0	0	0	0	0	0	0	0	0	0	0	0	0	0	0	0	0	0	6513.77302083206	0	213123.786269851	468261.338165751	35635.0805745412	0	0	0	0	0	0	0	0	0	0	12699.6762827845	0	0	0	0	796.45615247158	28841.2814506316	817.563647678424	1792.72992623462	0	0	0	45986.1962239775	0	21342.4919868135	0	33155.6534709105	5873.51233289112	1926.4107292113	13577.7480833892	50.6579884964256	183778.739266949	1000.49527280441	227281.286888255	42559.7461687331	28087.0402885737
01-2020-09-SL	0	7472.02837522235	8984.9312200854	11482.0491455938	557.675866172147	112864.484766914	0	97985.306149415	18839.5054988056	0	4067.99697428049	4061.0950452437	1021.48549744403	0	0	4356.49760801806	183.591312378454	0	0	0	0	0	0	0	0	7902.70874711767	334.053365380345	0	0	22659.0330277618	6098.54449690234	0	0	95.2466207076191	0	27872.7502221485	4926.59694645641	2978.87257227597	4807.88376702373	0	40856.6591261465	0	72605.5326953529	0	0	8692.28942892576	127497.954710703	0	3326.72979572988	13496.0320385274	0	23541.0995586628	0	3442.68220354786	1584.6829068456	506.601591299945	0	710.898690788751	4995.61623682425	0	0	24982.2223415433	1441.1227828805	37436.0630955164	59497.3890686927	89832.7475711657	0	36386.9698819252	0	111354.342693666	2030.54752262185	2715.21888307082	10437.0970894248	4965.2477490624	0	923.478105121698	256.751760168365	1031.14819809553	11689.1070166974	2214.1388350003	0	198.775556259379	0	0	5917.7139561386	4069.37736008784	2062.29639619106	0	0	8327.86757578356	0	0	2911.23366771549	0	2992.67643034954	0	0	0	0	0	70671.612179246	0	440043.528826622	261278.045230687	22998.6079363716	5800.38116251327	4305.42333314585	752.310265009455	5979.83131746965	0	209.818642718233	5815.56540639419	0	0	0	3333.63172476667	14663.8384315513	426.539214473251	8693.66981473312	0	0	8140.13510598304	846.176499909718	26863.6881969707	0	38258.773036701	29041.9370009797	0	0	0	1639.89833913988	0	0	4288.85870345757	10020.220575603	0	0	8497.65503008845	803165.058538287	130788.794475442	38518.2855684841
01-2020-10-SL	0	15706.3398783922	3318.84720376483	735.961698973607	154062.459579841	146051.427572107	3740.33268715327	7643.2071484334	1918.36731114401	0	0	509546.623261606	19848.8152658325	11212.8865717721	2500.52268642368	405460.923529997	1873.13015711638	1718.07591193203	180289.089602824	210.274771135316	7580.49909353993	661.398389921173	37042.9895411747	171235.731170219	340390.86523554	0	1668.47103268794	7711.84283040636	34563.9935004608	287544.821900466	60968.1403554554	0	1961.73258293601	5793.78749963495	16482.2350650592	82684.4701316974	15641.7599412631	4902.771555477	23006.3686169609	13776.4292934619	51184.1238902111	17891.7623884855	82973.0519763563	19622.6294956943	12764.9889254786	13205.1932312233	4815.10507077518	352.537821042889	7314.69181608105	2411.29629985884	54940.6795567398	162674.053804839	0	7855.04182143174	2071.23769372013	112.624914510162	41.1814091837711	2340.16477490506	0	0	10257.2906904851	47.1090362632534	20031.323783806	61130.3701492096	39493.9073483543	3901.31455941711	322.587705272874	0	0	226.185770138137	82927.1908615835	3358.78069145818	21029.0370153947	36919.1333332508	7413.27761382402	3391.85061095424	53482.1713148145	284.83808018775	3020.9059479277	0	0	39652.7053580099	0	10840.3820068825	0	10125.3229928734	0	9528.50454008135	955.907861659657	7856.91370366737	0	0	9914.1122806203	2353.57993092704	872.297121801698	363.457134084041	0	5118.66197331919	109171.915746177	2626.56275695583	3858.26126799771	490341.111524084	71703.6969571429	10828.8387330962	0	1092.86724523296	0	104.513424822449	0	0	30.2620961426197	250.20825882867	12236.1821939143	243.032710258771	496.672753186088	7674.40518569384	125.728090159544	114.184816373184	0	7621.3685223511	14715.8021953735	18483.9011356886	0	3248.65161992886	1532.75957060506	0	1226.082864335	5437.50591412081	55097.2937037871	7662.86191190748	2101.49978986275	267.367179321908	0	16007.0889575828	31685.9745631858	4133.73993700733	0	0	100464.231566418	14276.221850374	10383.6427413898
01-2020-12-SL	9466.07653324796	135810.926098527	0	12567.1843194653	0	219474.855309669	389384.770853242	24650.5078495918	699.398777317112	0	0	0	0	0	0	0	0	7706.58275383384	0	0	0	0	0	0	0	0	0	0	0	0	0	0	263.924066912118	1178.86083220746	121752.570801009	0	0	0	0	0	0	0	0	0	0	0	0	0	0	0	0	159748.838967456	0	0	835.759545221707	0	0	0	0	0	0	0	0	1790038.59142475	0	0	0	11828.1969321114	0	0	6822.43712967825	0	0	56233.4211900753	0	0	0	0	0	0	20854.4000205059	60984.0543944934	0	0	4416.32938632944	21980.4760393309	0	9426.48792321114	0	0	0	0	0	0	0	0	0	0	0	0	0	0	0	0	0	0	0	0	0	0	0	0	0	0	9945.53858813831	0	0	0	0	0	0	0	0	0	0	0	0	0	8819.46256931327	0	0	0	0	0	0	0	0	3677.34199897551	4843.00662783736	7244.71563673764	0
01-2020-14-SL	0	80756.2204748853	147148.491886623	2087.91040415609	47677.5980509255	3410514.19344429	383180.750769023	0	243050.261392704	3465.27538281403	122618.277504811	108587.738218243	132095.860334147	119289.645473054	219946.60359593	39151.0529449478	38413.1788492382	0	0	60691.5108056262	80778.0834110545	2574.3607339202	0	2973.35931900762	0	66397.7371457805	43933.5702319545	3115.46840410725	7657.49339325308	8488.28496768168	0	8515.61363789315	5334.55642527838	0	9756.33526549376	1442.95378716546	9084.04997829167	19212.0551586614	8149.40945705949	0	29673.470115611	0	70016.0530817787	579.367808483103	45453.0442957121	63659.4043905915	133593.471461736	0	15145.5490311951	541.107670187049	4214.08094660823	76498.4136559387	0	22994.3431159284	1667.04888289949	0	0	0	0	0	0	799817.259610923	26432.289828531	48716.0875189613	0	12041.0120951724	48470.1294870581	15391.5070630983	58122.6158057482	6154.41653162239	58428.6969121167	12855.4064674741	20556.6257330656	8422.69615917416	74170.0109539217	142.109085099629	2262.81389350948	0	3399.68657430651	15243.9322439564	0	22179.9487436267	14861.3308609958	0	0	5039.40678699453	15238.4665099141	890.914648893828	0	0	3257.57748920688	1902.07544671811	55198.4480931213	15495.3560099019	7974.5059677061	7908.91715919858	4432.71030829996	0	77974.161847358	37801.0166365013	119032.755973066	492380.651200003	281403.317167477	406585.023938123	37801.0166365013	16194.9699673154	0	0	480.984595721821	0	0	0	284.218170199258	2344.79990414388	11969.9575526226	18556.1670735862	15085.4259567298	0	6159.88226566469	0	21961.319381935	2951.49638283845	14795.7420524883	28323.4338071645	0	0	6859.49622307824	568.436340398516	0	1158.73561696621	1202.46148930455	0	7307.6864145463	3082.67399985349	44890.0736893559	0	54149.0271570009	442.724457425767	191595.841118554	34587.1650196328	107390.742462981
01-2020-16-SL	1359.55515491469	13427.4536843579	31806.1535679554	6733.08356600312	6446.80780839276	256748.603578969	87760.3294940545	144297.244684756	54436.2012683075	0	3763.35462139741	9697.71863591824	11626.7689812393	1850.09528761714	9810.80265404903	23465.9525370756	0	2718.09153489126	0	5436.69245725157	1179.2319908683	0	278.12555810544	0	68.7673083227735	37265.7684613146	15500.1512959532	0	0	24231.5619030692	1726.8235201052	3297.26508720973	1126.76508155537	296.463506991513	0	3002.32974262539	694.295120325484	11552.3984107569	7625.02102432294	0	4769.39487278614	0	93411.4740757793	6540.53510269935	182.360713922614	0	1373.8180040483	0	923.010093932338	4007.351219076	0	0	0	0	11690.9518023406	329.573692480255	0	0	3889.17332625464	0	0	83439.7049815081	191573.49568799	629137.840995922	33544.6929998489	3454.15642767946	4471.91259085651	1873.01772372473	2872.94532548476	138735.752297585	0	4522.85133776227	15820.5560139904	0	0	1704.41047146667	0	30666.1444122045	15581.1439035333	1871.48956131756	1461.4326487262	0	0	0	13894.5619934837	3666.57100227647	1231.18951271218	0	36.6758977721459	11109.2313126768	330.083079949313	979.042715528672	0	114.102793068898	1871.99894878661	0	494.615232454912	0	0	139.06277905272	166340.987408222	370.83407747392	239606.696470243	34862.4783823009	5959.32400050465	4973.14986040917	7465.07335903886	6725.44275396725	3863.70395280176	1203.17320191401	6360.72132612202	8741.59835649716	0	883.277871345847	70488.5285807191	8183.30969041005	3532.60209791433	73301.3661848551	78003.5219117256	0	0	4201.93723225599	10312.0399236017	43261.7683595914	2529.61817133995	655.07228520805	31062.4478631313	3113.37621087994	1557.19749290903	93.2179068375375	1266.84663554621	12087.7646407364	8381.46141587345	6900.67204332306	13532.3875029837	0	2735.41070883921	5000.14739626922	1685752.11786256	448630.278685739	5510.04425279586
01-2020-19-SL	0	5788.47663552743	27356.850484403	1985.31020389734	4758.10667408223	328748.361476214	56428.9727787083	92384.8112283202	37882.3134726947	0	0	137128.211940624	14328.6294199217	0	7998.5674020241	0	63.3609639541705	0	61914.2219438836	0	4041.52434364816	912.699599816028	0	0	0	36910.778692064	2917.62153065157	0	3103.17863937449	0	0	0	0	0	0	17486.1174569712	15589.8143214857	6698.15904658374	0	1739.40931997997	10656.7106993395	0	22746.5860595472	0	0	0	0	0	1108.81686919798	0	0	3407.91470410646	0	0	19290.3963352852	0	1181.22939943132	2243.27984285361	276.0727715146	0	1075.62779284104	0	23523.5121651757	37621.3266449787	0	13580.3666075105	0	0	0	32971.8387662464	695.462009116014	933.819921134084	37585.120379862	0	0	1668.50538412649	14274.3200222467	0	40526.8794205913	59414.4810564536	0	4767.1582403614	0	77531.1909642068	39389.399258176	27643.4834165767	0	2701.89253433141	12080.8237939285	57658.4771982952	500.853334113919	0	15555.1166507489	1974.75004323831	1876.69140854734	72.4125302333377	381.674378104884	0	16802.7242028941	220.254779459736	61710.5617026024	5758.30474793021	564866.01084019	9389.49142025612	19697.7168178477	0	113.14457848959	26263.1195590037	348.485301747938	0	0	568.740081207673	8706.098166179	620.032290122954	15177.9680557836	21664.9238891867	710.547952914626	0	0	10766.8380890694	12008.4112636952	26952.5471906002	6689.10748030457	23460.1512012216	0	2783.35663084392	0	70790.7912749869	1291.35678916119	4251.21896244887	10800.0271654263	17237.1993842941	627.57526202226	4352.29478589957	67716.2759288298	0	0	0	456088.813080298	187052.12575337	20290.5944091332
01-2020-20-SL	0	4631.87072715896	56927.8764856928	1566.09505159722	103984.997931177	2540126.19072408	138716.887048565	0	208.527020094113	0	0	603950.666749357	2559.4549315661	0	0	183147.42500122	746.983777460417	0	0	0	0	0	733.415238481691	0	0	343229.047872235	0	0	0	70260.7513663677	329.929737272192	0	978.363073729227	1284.72640119626	0	5990.86702592298	2716.56433026714	357.066815229645	5323.86621507401	0	14526.9063108029	0	127205.052925561	1739.62952379883	0	2531.60371997818	9557.96451006714	0	1413.27045467894	0	0	551041.220202258	0	0	8830.26234062912	83.553634763737	0	0	79.9829666114405	21842.4912212278	5360.28703022743	39149.5197554087	118918.246277711	3618.51510553722	10869.8279892209	3030.78312766923	0	354.924414338267	0	4447.62425050046	14033.4399721555	1992.43282898142	81889.7034047668	869.814761899415	0	16340.091598539	0	0	44753.3263536228	1605.37240127248	0	194314.332580712	67.1285612631733	14953.9582218175	10821.2669023496	39205.2221785846	0	33260.7738386414	2269.51667759962	29.9936124792902	0	0	196987.334759521	0	5485.26041555781	0	0	834.82221400691	0	9000.22614467843	51489.7488897453	5010.36155130238	913579.727308483	6788.55429114601	67891.9701141343	0	0	7456.26923562545	0	0	0	71.413363045929	15464.5637675959	0	1074.05698021077	166321.008400338	0	0	0	0	186.388877549875	0	0	5386.70997455443	0	0	0	16735.7216298135	0	79440.9391859219	22740.8713283456	0	0	41096.9621656712	30184.2861586228	0	0	795.544864331649	353826.076814621	17639.1006723445	7347.72092379564
01-2020-21-SL	1932.59929439137	15579.8780533005	19097.8687510345	1050.232133255	15678.87534455	75154.7262351956	11671.6371639746	1246.79197240245	14964.3731555323	0	1872.34007363083	100096.30465665	87137.702706433	0	0	61428.5365919572	23920.0411552285	12500.9188211076	102004.513314067	0	3606.9447855233	0	0	13793.6225807562	66800.2156997532	1812.0808528703	0	20602.9145266964	7992.95521087921	231921.958530424	23044.8477108494	0	0	2149.24554045899	21410.6750335578	30218.5644680556	24822.4947232851	901.018824705106	2319.9799992805	3888.15448240579	29232.8957856155	23687.6127322951	62065.5626399971	0	3038.78641835257	3110.52358592463	138424.038547052	17344.6123755733	8680.19727621957	0	3499.33903416521	143224.689800974	49794.2027551201	31339.0990255312	1101.88289390688	0	11081.9576465322	21694.7542171432	13251.2895939114	1991.42377180046	11312.9513261143	3644.24811266078	10696.0116849945	7347.32070273065	3157.87011652219	3361.60367242685	0	0	3328.6045753437	0	29524.1486859581	7915.47906990138	9027.40516726835	2599.75495281155	60910.5942420869	235.297909636365	14558.3407870744	12490.8756176475	23707.6991392152	0	0	23874.1293679824	127.692158278271	18021.8112374536	0	4658.61166212974	183.64714898448	9622.82365811647	2176.50566413638	7209.58534099229	0	859.41126751331	8707.45739989695	0	2738.92505790135	1350.09349370622	502.160173004438	13588.4542815001	13727.6243865899	836.45537389025	830.716400484484	403144.230091423	2398.89088360977	23199.799992805	3259.73689447452	364.424811266078	480.639022732819	0	0	2895.31208320845	5275.55130324948	5094.77364096788	4103.36598512198	0	0	35.8685837860313	589.679517442354	8245.47004073287	6440.56290461978	0	4368.79350513861	2736.05557119847	4020.15087073839	7741.87512437699	2165.02771732485	0	9632.86686157656	7239.71495137255	22513.9926708161	0	0	0	0	1995.72800185478	1142.05570774724	6400.39009077942	0	0	161506.189585039	12094.8864526497	55792.8647074959
01-2020-22-SL	0	25698.642237546	90463.4120489436	6075.18758156163	6526.5661888346	74528.1351457534	628047.272978772	345563.716672584	0	60139.2905628887	0	170353.971108141	22462.9945680638	0	0	3685.87480071622	4085.43698623591	2328.28455078044	0	1888.4207038971	821.002415779652	0	850.940792792655	0	0	6594.50327513334	1294.25906779289	1308.07678026043	0	5499.44956208081	0	0	430.652038571655	203.811258896211	458.287463506734	20239.4943368288	2484.88529207923	4739.47537636613	11216.5280955254	3327.76575259915	9846.27160916102	0	106248.997067069	0	0	12610.9655787079	17524.3138369573	0	398.410709480729	23597.198466441	8216.93301403029	6013.0078754577	0	1420.92143207867	18179.5037031264	370.775284545649	0	0	2533.24728571562	0	0	148251.388540273	17492.0725078663	45570.815717946	19413.8860168933	32553.3790974846	2396.22163707918	0	1260.866262663	41460.046258853	422.591706298923	12637.449527604	10664.9710728627	0	1515.34246727352	431.803514610617	8828.36679071892	0	1131.9009462993	41524.5289170348	0	0	0	0	952.27068422128	20386.8832698159	0	0	2732.45264045598	8926.24225403067	1154.93046707853	0	590.707207987323	0	664.401674480869	11.5147603896164	0	0	0	0	157209.872123394	63782.5607501634	447187.234491144	61038.5933493178	111023.016724604	763.42861383157	2444.58363071557	13848.8023205917	0	0	0	52.9678977922356	7904.88300747169	81.7547987662767	12904.5919686431	6070.58167740579	5092.97852032735	3920.7759126644	6599.10917928918	162.358121493592	9343.07658013478	33263.839813524	8458.74298221224	45676.7515135305	0	886.636550000466	2738.21002065079	26897.328794105	0	0	14718.1667300077	128174.252324937	3416.4294075992	0	3911.5641043527	2924.74913896258	0	9743.79024169343	505941.299379162	259325.070210591	15109.6685832547
01-2020-24-SL	0	0	482.064603693821	2154.00912976158	4044.75819496991	89492.445743661	324.386411995698	0	133.36657623806	0	0	0	1201.68842131169	0	0	16174.8650743722	7894.32884867474	4053.78822356936	0	0	602.928063409562	0	0	0	23036.9921923711	903.69747752977	0	0	9769.79632702246	16950.7529163405	18908.8798872524	0	2131.78136705524	2076.90657787395	0	34706.5676132014	11665.4077153228	2414.49072397654	1045.39946478271	1762.24481206228	33533.3585128572	10457.46773575	37248.8679727394	0	0	6248.77979082076	121496.256335288	0	7253.19681811365	91.6895211636662	18591.4396511025	206767.511017498	0	74757.5229221091	591.119564471818	0	0	0	0	0	0	0	2606.20517731875	1973.40855777254	0	7129.55488805962	0	0	0	0	0	225.056097401726	1123.19663425491	0	31592.5969815596	0	1183.62836411278	0	0	0	0	15678.9081189869	0	349.392645040334	0	0	0	0	0	1925.47994443699	0	0	1778.22101650747	0	0	0	0	0	819.64874979641	0	0	64087.5022054798	0	37371.1206676243	29.8685561366488	0	500.124660892725	0	0	0	1487.17624857128	0	82.6594925642142	0	6050.11916163282	0	0	1599.70429727215	2454.08392629722	426.495196927962	1077.35187367308	0	176.4328664816	384.818141853569	684.892938389203	0	1028.03402516838	821.732602550129	0	0	0	0	0	0	0	1408.68446151451	0	0	20910.7677659925	40135.0040366411	13631.175479665
01-2020-27-SL	0	405.70194837714	12472.8305795824	0	58098.0216074152	208327.950491661	29027.7239730829	23078.6808967255	0	3929.29850002304	0	53729.2126633169	11695.2351785262	0	1319.78349873304	128630.056632685	1264.68817241022	696.204578079289	92707.9038702058	0	0	0	65947.85344191	152682.923072119	158129.847379034	11001.5349334616	2539.39367687913	8527.25391496396	1804.3719370724	350790.690530897	16324.4947561505	0	0	234281.605689232	22522.7189674679	15907.5233092074	6328.44952808045	1809.38060310175	0	0	8087.74347088872	32478.6948673032	97252.0161253312	76970.6752059962	2874.97430084541	1136.96718866186	64789.5994226234	0	4209.78379766649	0	81176.7025041407	347093.042834731	0	20702.0688658002	8656.22706521965	0	0	21458.3774362316	6851.85512814725	6250.81520462556	4535.34708957408	19952.0211279054	19413.5895297505	42448.4445987193	15270.1705569729	21215.4571338083	2162.49155817074	0	0	493.353603890719	11046.6129277257	5559.61929257562	4897.22321019442	1884.51059354196	1460.02614755477	1914.56258971805	31166.4243676142	3208.05059179701	1219.61017814609	0	0	36501.9058553765	582.257425911636	2563.18484051853	0	12477.8392456117	0	21304.3609558292	550.953263228214	8876.60837051094	0	0	18926.4967583965	0	0	1343.57466237244	0	965.420377156712	20907.4241730034	0	101726.007056046	245594.930083021	6993.34994347631	44132.6085510873	1475.05214564281	0	83.895155991569	20670.7647031167	386.919450767087	260.450633526065	0	990.463707303449	14466.2796592626	0	0	3986.89815936053	0	10613.3633161872	0	0	672.413414439889	4077.05414788879	1928.33642129875	2617.02800033402	0	0	0	1188.30601546267	9564.04778303887	0	0	0	0	6767.95997215568	1408.68732075396	1085.62836186105	0	0	75340.3544134437	19601.4145058511	59261.2842927312
01-2020-28-SL	0	59349.259701188	0	0	3434.0280970572	0	0	0	17424.1769099032	0	0	0	38681.5820126905	0	18358.6680433164	0	0	0	0	220.013689177377	3835.49637524684	0	0	0	0	0	0	0	0	0	0	9088.60672715204	17585.2178576516	0	0	0	0	188.259136100229	0	0	13336.9122924018	0	0	0	0	0	0	0	0	0	0	0	0	0	0	0	2939.56434199876	0	4581.7283725598	0	0	24512.2467931949	0	0	53551.785582246	24616.583181877	1680.72313072614	1916.6140964421	0	67981.9617734467	0	2374.78693369808	2576.65516397423	0	771.182003302145	0	0	0	0	0	0	0	0	0	0	0	812.009285829905	0	0	0	548.900131762115	0	0	689.527438246624	0	698.600167697237	0	0	0	1032.02297500728	0	0	0	90763.5854239371	0	3554.24176227783	0	0	0	0	0	0	0	517.145578684968	0	0	4218.81919453526	0	0	1340.49577632814	0	0	5330.22855223541	22768.0145563145	0	0	0	0	0	0	0	0	0	0	161.040947748389	0	0	2200.13689177377	314621.843706011	294841.025321311	71518.0580768233
01-2020-29-SL	2491.54036587409	193173.058577322	53423.8707924792	112243.893482628	21912.4418493453	665844.492724331	1049358.12188409	425279.713714014	311888.40032605	11703.6830344349	4406.09243649313	106755.947992532	29354.2795211008	9159.68918717397	0	17480.1226721588	9572.7603530952	17598.1430052791	0	0	0	0	105208.57029162	8504.02066983868	0	6287.86108124541	0	0	0	0	8208.9698370378	0	0	1691.62477472504	56708.770064329	127035.775233712	30075.5148901696	39222.0907069969	2425.97351414056	0	3842.21751158478	23571.2831982036	36015.8716572273	5206.00802764218	2989.84843904891	0	201604.955710254	25525.1753798627	0	0	3770.0939746779	49725.9003547082	4510.99939926678	0	4629.01973238713	2425.97351414056	0	0	0	0	0	97425.7849908504	154744.326776301	39346.6677252906	511.421443521524	131.133703467058	0	14982.0256211113	30685.2866112915	170.473814507175	0	0	17591.5863201058	0	323703.547008431	0	2740.6944024615	54518.8372164292	0	86607.2544548181	19925.7662418194	8877.75172471979	4379.86569579972	1763.74831163192	13336.2976425997	10602.1599253116	3920.89773366502	0	0	0	380.287740054467	0	18778.3463364826	0	4373.30901062637	0	0	0	45149.3341037079	714.678683895463	106460.897159731	5015.86415761495	373317.983715193	230749.421305808	157026.053216628	6182.95411847176	7009.09645031422	0	10057.9550559233	0	131.133703467058	0	839.255702189168	1468.69747883104	30665.6165557714	90639.6158364302	14562.3977700167	2170.2627923798	0	11080.7979429664	0	7107.44672791452	4504.44271409342	27288.9236914947	0	13074.0302356656	10280.8823518173	69546.759633754	0	31072.1310365193	0	2871.82810592856	616.32840629517	1403.13062709752	2150.59273685974	13795.2656047345	0	7146.78683895463	9317.04963133444	50171.7549464962	27997.0456902168
01-2020-41-SL	3626.20124724013	24391.1646083018	109591.108216498	72698.7952163581	28371.416599209	223023.779756798	0	325652.265864556	208247.235184322	0	0	29812.4256769369	45631.9541280498	0	0	0	932.483965008579	0	0	24587.3583324995	1298.93776020542	0	0	0	0	0	0	0	0	0	0	0	0	0	0	713.739238029541	2531.35006220588	20452.63197254	4812.38399353884	0	4385.04249083236	0	179.280472111686	0	0	0	0	0	0	1085.83078392172	0	0	0	0	4541.77196016271	2102.88100936034	0	750.948392618759	4498.92505487815	0	0	58385.673751039	0	0	0	2414.08484774289	98518.565850858	223.254927535307	0	44365.7153218774	0	0	6240.99001973699	0	0	0	126.285615575527	0	0	27027.3768334409	9172.62038131172	0	0	0	39987.4381318794	10822.226234767	1766.87106791831	0	0	30447.2364052318	6123.724805274	0	2064.54430463205	0	487.101660077033	21.4234526422769	31.5714038938818	0	0	0	75385.7471977553	0	327077.489240337	335951.308834796	26623.7138836549	12856.3266856443	28560.8450225723	13787.6831005138	6781.08653635018	0	10.1479512516049	3968.97648951657	2468.20725441811	0	18981.1790410573	9816.4515107191	27685.8661146562	0	0	0	0	15153.1463189242	0	141236.930419558	0	46975.9938938179	14200.3664514124	163725.917943254	0	0	0	0	1586.46304566756	1544.74369052207	12595.8626035198	8243.51906672034	22154.1051323925	5960.23003510925	460816.211235098	11938.5008724436	0
01-2020-42-SL	636.243541195814	24258.4277997369	11380.4874482911	18093.1273853546	12127.2812038138	385582.139846788	599395.531295987	658.662815429931	6155.25039489802	9125.41769170764	303.819819793384	85330.0769703163	32985.7101041835	0	0	0	3396.13350725785	436.01622993249	0	0	1889.40366304079	81.9463127178084	17544.2417058296	0	0	759.936088694392	1742.51876288623	0	1129.4675743464	3754.84189500373	13225.8256412855	180.900350716671	0	2429.01240150334	0	74048.5435600241	1080.76363376883	56261.5552297285	68518.7136084158	0	7283.17181240068	12835.4210382431	112816.880259766	38380.2513319652	54068.3317468943	443.747014151151	5389.1296788287	0	6619.87052643956	306.912133480848	206091.8841716	222636.535477957	14623.5514280195	15163.160166482	1056.79820269098	1587.903078513	0	0	244.292781309693	378.808426714397	0	163.119547013751	3400.77197778905	143360.435629274	0	0	0	275.215918184337	0	413.596955698372	0	28.6039016090463	13708.22657653	4756.75152974221	3822.09971770608	0	432.923916245025	0	0	20021.9580479105	5459.47981521851	0	0	0	532.651032665754	9772.48433080958	0	0	808.640029271958	0	215.688879700646	249.704330262756	0	3265.48325396248	0	1333.56027771905	753.751461319464	0	11052.7021974199	760.709167116259	10182.2158943986	0	19455.2915646827	77008.6608373495	1107.82137853414	0	7072.8944816531	0	1376.07959092169	10593.4936148314	2263.57361922399	171.623409654278	795.497696100234	15.4615684373223	9648.791783311	0	152.296449107625	684.174403351513	9639.5148422486	0	374.1699561832	0	5847.5651829953	657.889737008065	0	6612.91282064276	8014.50399948603	1509.04907948266	0	821.009284021816	0	0	1399.27194357767	3402.31813463278	0	26411.451204634	0	646.293560680073	270705.005592749	17984.8964062933	4718.09760864891
01-2020-44-SL	571.122548495591	37364.2156942503	1225.94409116726	147.704107369549	11501.2264938422	139117.575261133	63237.0518351497	1934.9238065411	47363.7837631688	0	8212.34836974694	2254.94937250845	77913.9166374373	56994.0915636634	98981.4458185807	546.505197267333	10964.5682370662	22702.1213026997	9295.5118237903	2520.81676577364	60829.4748850261	8488.06270350343	0	12584.3899478856	1029.00528134119	1413.03596050202	38289.8281004328	14765.4872667093	0	12156.0480365139	21141.3812348282	14007.2728488789	27571.4333756492	1654.28600253895	71025.9817637706	851.760352497734	82005.3204115738	3411.96488023659	0	0	0	0	40214.9049664826	21855.2844204476	16523.1661444069	45192.5333848364	375015.80514104	0	0	187.091869334762	127005.83845683	0	0	320.025565967357	0	310.178625476054	4967.78147786251	0	25739.9024442668	0	0	103319.023105	7828.31769058611	101684.430983443	50224.3199758924	110842.085640355	0	2993.4699093562	16789.0335376721	14834.4158501484	0	9935.56295572502	2560.20452773886	0	0	0	0	1024.08181109554	979.770578884677	0	0	0	0	0	0	0	0	0	0	0	285.561274247795	556.352137758636	0	7399.97577921442	0	39737.3283526544	19688.9575123609	0	0	0	49416.8708556055	0	135774.538964335	71710.3441279162	1260.40838288682	9896.1751937598	0	0	8143.41978630782	3323.34241581486	15563.0894465048	6843.62364145579	1142.24509699118	0	67870.0373363079	1088.08692428901	5957.39899723849	0	36980.1850150895	0	265.867393265189	6828.85323071883	2880.23009370621	121053.362929837	5533.98055611245	0	45995.0590348777	317366.892034705	10708.5477842923	0	0	0	81621.289732413	0	0	0	0	0	131776.681124866	4706.83755484297	0
01-2020-46-SL	1561.9662938835	1941.59269786122	41784.5619462317	2519.6720771597	33177.2532171479	409293.291108982	349652.673987517	146141.504097889	28251.5351727088	57890.1466821582	469.689495680019	134044.774187967	12500.4429547036	0	0	181174.999524831	0	0	154922.131916237	0	25186.7719416997	0	1420.58818481593	11983.1038000415	108190.907020519	0	0	0	0	137043.560968078	10348.3539611195	0	678.614923524309	157.086787852849	128.28754341316	21854.9611713407	14294.8976946093	3207.18858532901	0	0	63995.0628807461	5075.99773815174	48116.2067419539	711.603148973407	0	0	66295.8607001642	11793.0287867396	3927.16969632123	0	26.1811313088082	203051.952846472	2034.79752532057	23156.1633973885	15847.4387812216	491.681645979418	352.398027416559	1536.30878520087	0	2107.58107035906	11878.9028974325	2913.43629204418	33707.6829374644	10899.2049638569	0	782.815826133365	0	0	0	0	7740.18966013606	1253.55256706574	17981.7246055157	2379.86483597067	18729.9813383214	2405.5223446533	17970.728530366	5844.67575337835	0	15377.7492855416	0	47332.3436705682	0	59933.3221694976	45116.3727165907	33736.4821819041	0	47659.6078119283	0	52022.9551558543	0	0	37421.7382249319	0	1791.31300414866	0	0	62.3110925149635	18768.7294126584	0	164290.787943781	198519.475394291	216616.396977565	14102.2045681765	173421.719299041	806.902466937469	0	8412.52111214625	0	0	0	0	7824.49290295042	0	12970.6560730098	10857.8387763889	0	0	0	0	0	8941.90358721036	0	0	0	0	0	11306.0597443957	0	7014.97232288207	0	4367.01270230921	0	6757.87361342958	2187.69533216401	1932.69111321622	0	0	59562.0737275387	122.004071899046	4187.93376415696
01-2020-49-SL	0	0	56150.0389318369	0	29340.874023272	189425.258701852	0	519.087937239165	0	206661.7025785	0	53789.5753221982	0	0	0	3796.59068623659	0	0	49792.5495561654	0	377.518499810302	0	0	0	0	0	0	0	0	13101.2541235714	171.731997980717	0	0	466.546702729484	0	1913.37662339422	424.708312286589	0	13327.9598206225	0	14237.7015662993	0	54983.4289285571	0	0	379.950964370935	8703.84469085839	187.299771168771	3337.82787010113	1804.88870398997	1476.01949539234	159362.915689896	10226.5675058149	0	9780.93999830685	0	0	0	0	0	8059.72807520267	0	177058.12238268	198.975601059811	6510.2481500792	4546.2762638238	0	683.522541537982	0	33515.4697022311	506004.19686043	5810.18484952891	43338.7345838929	0	16899.7907814565	8347.24538626953	45936.1202417373	0	53497.6795749222	2727.76575829428	0	2887.82192638396	3899.72718360745	0	44218.313769018	44882.863086983	0	9327.04211129266	0	15081.7667688391	0	945.255728262134	0	0	35582.5780858573	0	0	2792.46931560713	91506.3978135553	81812.5400465191	192547.570211881	590537.205271562	294454.699993793	5240.50164942857	193195.092277922	0	0	19653.3406640935	129.893607537823	0	0	0	0	0	0	18997.5482185468	184.380813696011	0	0	0	0	360831.792924357	0	186.813278256644	0	0	0	1409.85645934311	162965.882197107	23234.414990258	39836.472109493	9348.93429233836	0	30831.4883060282	13904.9404144047	0	10640.0864811226	0	413384.703263929	19634.3674405206	161.515646826057
01-2020-50-SL	0	949.165389968338	138182.899600549	3023.32048160096	43988.9556408067	288158.893278264	2124640.97001048	1270940.31923032	5446.26526472796	118705.71131589	556.062254062776	467409.634853354	20605.7516511952	0	5654.25256027072	1803.98602731934	0	0	0	0	273.742729185146	62.8965017448898	0	0	0	65644.6500313569	10429.3835620617	0	363.084350981864	8659.70471751233	707.585644630011	7061.56178681263	1171.44734499857	0	0	17735.3840261102	5437.68846903548	1283.66042197525	0	80.0500931298598	19377.1256682467	0	9256.50675111441	0	0	0	0	0	254.444938877054	363.799083956238	15442.5206443192	0	7970.70213021604	0	18570.9068731531	0	0	0	776.914743144264	12365.5951896402	1512.37497377485	57488.1173278037	1623.87331777716	1463.77313151744	0	0	0	0	0	1267.22156356466	1221.47865320474	0	4759.40687635479	0	0	8824.80803459267	32002.1689275846	0	0	138633.896107378	255.874404825802	0	0	208281.050795228	88327.4157060822	86864.3573075391	428.839784624249	0	5637.81370186013	311857.294509574	530.331866985321	436.70184734236	30364.7156832943	1103.54771243307	14171.0106829083	2244.26153953357	0	0	8277.32257622238	0	276310.76476207	4777.27520071413	485447.350927624	20850.190328431	187405.13007972	177.25377764469	233.717682620216	28934.5350015725	191.548437132165	0	468.150098214805	1332.26226423267	39213.8246390157	1949.79155409159	2144.19892312124	37259.7446870779	1621.01438587966	0	0	0	0	160301.026225519	0	0	0	0	768.337947451779	19647.29473256	25723.9544806856	1864.73833014111	227.285085850852	41673.9355368101	0	11232.7434252578	22908.6212946274	0	0	0	401713.524047842	3670.86855638357	0
01-2020-52-SL	224.614543113223	15351.2422224278	68812.0852597325	4920.86573762991	18557.8084585959	411155.630280575	278612.395632913	81047.1234185091	157008.1474125	5607.6182487577	0	100931.964924923	13920.9381203046	23669.72564669	12547.433098049	3885.57341822299	0	0	0	22964.9007010588	26646.5137870296	511.191718809404	0	0	557.663693246622	50256.8585774942	37835.9325209687	0	0	4941.5199484909	0	1327.03304781835	0	792.605341790338	0	4249.60388464787	22159.3864774804	3846.84677285864	9059.45323889999	8721.24053605134	12841.755602818	586.063233180478	64203.614461375	0	0	25053.557774376	155146.686658654	2302.94451099994	0	27604.3528157078	0	26860.8012247123	0	0	9046.54435711187	689.334287485408	0	0	12769.4658648046	2465.5964215302	0	91942.2196476792	929.43948874437	1040.45587212217	7882.16321982378	80104.7750479766	11437.269264271	619.62632582958	18013.0536471374	13347.7837689122	3173.00314351897	3428.59900292368	1084.34607020177	0	0	103.27105430493	0	0	232.359872186093	2292.61740556945	0	0	0	0	0	3405.36301570507	2984.53346941248	0	0	3428.59900292368	0	857.149750730919	511.191718809404	6937.23307293367	1182.45357179145	3614.48690067255	1843.388319343	0	0	4195.38658113778	167846.444561803	12020.7507210939	21937.3537107248	126729.074290295	20437.3416469456	2470.75997424545	229.778095828469	9309.88554558944	6405.38714326328	0	4107.60618497859	800.350670863208	20.654210860986	85.1986198015673	62102.0485062697	9988.89272764436	3165.2578144461	9769.44173724638	6191.09970558055	1226.34376987104	2780.57313716024	534.427706028013	25412.4246880857	23894.3401898032	8321.06520061973	5158.38916253125	8685.09566704461	8865.82001207824	0	1851.13364841587	180.724345033628	0	0	0	0	12960.5173152687	0	30.981316291479	83179.6706899059	18544.8995768078	86412.0546896502
01-2020-58-SL	0	4664.78533048669	38435.0432737425	0	11537.1584372496	512756.834214776	0	0	5677.81202664868	0	1397.16641934661	101685.188496669	13936.0056537612	0	0	23708.0663756181	0	0	0	0	4815.5237028756	0	0	0	0	54424.6566459632	2808.92042311794	0	4381.13785556134	77881.4924009332	152.359215102762	0	0	0	0	6271.04045992113	0	0	0	0	11093.0475336522	0	17239.2831046061	0	695.341524245584	1557.62984801866	66294.087839554	0	0	0	68632.9638756527	194734.527013896	4917.63679384872	11157.8812422065	12054.2072629707	0	1248.04888967156	12866.2494626141	1977.42811090819	755.312704658374	1436.06664447923	238.263878937298	0	5413.61466428963	9115.61942274398	15868.0501686813	3199.543517158	0	0	8339.23576280543	27481.3882134822	2544.7230607589	3750.63003987012	252.851463362031	859.04663834536	7817.32440894278	3559.37059963474	0	9644.01414746207	5204.5259542018	0	7630.92749684898	0	15193.7795997159	0	28489.5523815026	0	0	6348.84091018637	77732.3748712581	0	0	7013.38642286863	0	5945.25107443544	64.8337085543668	0	69.6962366959444	16868.1101231324	0	296311.119048737	204840.481334808	855.804952917642	11478.8080995506	32763.7146179493	0	0	10501.4399430936	0	0	32.4168542771834	103.733933686987	2001.74075161608	1923.94030135084	4086.14448163897	37538.7172529784	1453.89591433168	1377.7163067803	1902.86934607067	0	0	39754.4092428239	0	1756.99350182334	0	1568.97574701568	0	25285.1463362031	8596.94975430904	0	0	0	0	8230.63930097687	0	0	0	0	129965.652168084	29588.4837414992	50356.3414341767
02-2020-49-SL	3583.90371520658	25749.1084786377	47071.3069593724	17699.5254926341	21715.3008756605	56643.7109202147	155701.00638653	154038.435707073	2978.92273585976	2145.83417413627	751.94357194523	147220.453343704	16072.1176420811	0	0	29441.2055135486	10215.2526020857	154.175480578698	0	1006.19787325045	13034.5901913815	0	2683.19432866787	0	0	23370.6586671371	1019.7220382135	139.749704618118	0	23300.3330093292	19382.8332250342	252.451079310149	0	2217.06144294163	42409.97810211	86.5546557634797	19130.3821457241	10412.7054105461	38863.9420487999	0	12891.2340427733	0	13341.1379305438	0	0	10211.6461580955	10506.4729542899	0	620.308366304938	4343.0601751321	61708.0598933758	33354.1972428559	32743.8065975239	6640.36499685446	13391.6281464059	3454.07173156136	0	35472.0814760686	19726.3470150956	8779.88789400798	18113.3649405032	4447.64705084631	7737.62558085607	38029.0502650814	20587.3855177427	1540.85319478945	15275.9951312566	5418.68209519285	0	17724.7706005651	4886.73160664646	1289.30372647683	13875.7932520828	4661.3288572624	0	2424.43197237497	32514.7974041497	0	10630.8952719499	40005.3815716808	9237.00466975885	0	0	11198.0085894002	9452.48969817001	5176.1487368556	0	9413.72042527596	2608.36061587236	17753.6221524862	624.816421292619	0	18920.3067832981	0	3777.75007967688	2350.499870577	1043.16392414944	813.253119777695	3992.3334970905	0	73860.8745291669	3555.95377428296	395501.581790248	91225.902341715	52534.1679934445	4885.82999564892	8234.41324049854	10000.6691846721	6424.8799684433	15159.6873125745	11103.3394346589	5987.59863463822	16856.5192099377	0	74997.8059970601	11092.5201026884	943.986714420451	9506.58635802219	98136.7506378304	0	6158.9047241701	21405.146692508	15926.0566604803	59787.6284686236	5826.21026607923	22291.4303030862	16279.4881715145	119873.690177432	0	82426.1790057613	703.256578078273	0	30102.0863747427	7489.68255653361	4090.60909582195	29181.5415462582	2136.81806416091	0	320190.916777043	104887.112176384	26411.7925618268
01.2020.030.SL	0	0	53837.4795694234	0	22062.9761170174	935588.431958186	0	38832.5388063614	468.18346416355	27101.7158342326	0	224667.900092481	0	0	0	10583.6603971349	0	889.322406324192	0	0	0	1059.40644741163	0	0	0	33420.6093713347	0	0	383.141443619833	0	563.177210515574	0	0	1526.23285805586	7.68996994278294	14060.8838647921	23658.8710557314	4373.78349275107	1695.86454797019	54.7344919456904	8587.43467022302	8870.15415341357	74766.4112954668	0	0	25542.4613405401	22723.4088297505	4020.49722655616	8043.70856015096	2100.26649672595	343436.771751725	46139.8196566977	147217.689286983	1405.00274366375	9396.69091890765	0	0	0	0	0	0	40687.6309672646	188425.524103318	2520.50073654039	1801.71472247673	122294.04435125	0	0	0	0	0	5296.12753471192	17615.4593830502	0	0	3961.23922287943	26625.8424001263	0	0	14842.5466919173	0	3355.54100209199	15309.8254537346	0	21230.6499585044	7644.28247429935	0	3975.26210924568	4553.36690847371	24269.9974905961	0	0	38059.0183003521	0	4060.7564809625	0	0	0	17022.4269951097	0	125081.884631096	34330.7399316217	457829.145811179	40551.0209129869	75795.9625654535	0	15.3799398855659	15453.673126782	274.577162074662	0	0	0	10034.9584241586	0	0	77904.3713832954	0	1131.3302839353	789.352797068014	2057.29313528099	2818.6001596165	13466.4944233322	1558.80214251941	2626.35091104693	0	526.989116667184	0	157006.116321799	4769.59076921784	40988.4444973793	3709.27961946001	0	0	9137.94604789166	12114.8691180949	303.979988326479	12209.4105132738	0	496072.723390158	281905.703430134	29358.948188026
01.2020.090.SL	0	5809.25910051823	10714.4217427037	4830.30944369141	3132.76908132149	270119.808367357	24761.4380618392	64172.6234150357	0	4849.18546765948	305.270870380174	92.4274277057243	4321.30769393172	0	2371.87004619478	0	0	880.664152717218	0	0	454.32636999011	0	0	533.735850131647	0	0	3055.96319069279	0	0	0	0	0	113.907041186632	0	0	2014.52738555786	4067.45771643008	4300.47897782902	3288.33355471352	50.1190981221181	2042.51597282087	0	9781.03490235154	0	0	185.505752789658	35736.8696532048	0	262.962540796568	3701.65338987644	43325.0312883692	9167.88957207836	29552.693662838	0	3918.40221682014	123.019604481563	0	0	0	0	0	206493.938750018	8378.35105231045	1971.56815859605	78.1076853851191	6284.41418661104	386.63304265634	0	0	24887.0612558336	0	9866.30245889696	7275.73089362385	1980.02982451277	17974.5310992505	0	0	0	0	30606.4965181589	978.298759448617	0	158.168062904866	0	2923.18012553808	2128.4344267445	0	0	0	2800.81141843473	0	0	0	0	0	0	0	0	0	292.903820194197	227586.919188269	2336.07069039327	489364.826756496	118441.843220616	7635.6771437736	0	124.321399237981	0	0	378.171376739618	0	0	446.515601451598	188.760239680705	533.084952753438	48273.1531575165	135.38665466754	641.784814914395	173.78959998189	0	0	15519.346188645	8327.58105681012	8500.06886203559	2181.15711437945	0	0	71827.8274801556	0	0	1519.19448074057	0	241.48292731566	163.375241930541	5576.2378391193	2135.5942979048	0	1906.47842077512	352410.811202228	16036.1587069432	48174.8676534069
01.2020.108.SL	0	0	0	0	645.511881453763	164690.187066638	0	23778.1179938788	0	0	0	16090.1773073844	0	0	0	375.666750682108	0	0	147764.018961961	0	5910.1374719988	0	851.864040279147	3677.30129188824	11714.4533240871	0	0	0	74.0751339373171	5275.20775253608	14936.7216503604	0	0	0	0	3455.07589007629	0	0	43746.6576709813	0	11873.1857539528	0	32518.9837984822	0	0	0	113906.391671612	3920.69101768228	0	0	10238.2417263363	82948.2767668086	449.741884619425	0	3328.08994618375	0	0	0	0	0	0	130435.728701624	11465.7725172976	9814.95524669452	1714.31024254934	3137.61103034493	0	0	0	0	8608.58877971535	0	0	0	7317.56501680783	0	152086.832135303	0	0	0	0	10386.391994211	0	1497.37592173291	0	15375.8813729888	0	0	0	61164.8963082419	0	0	6841.36772721079	0	0	0	0	0	0	0	15867.9519055724	213458.08060237	0	4047.67696157483	0	0	0	7058.30204802722	0	0	0	0	8164.13797609145	0	7407.51339373171	0	0	0	0	0	0	80699.5673437115	0	0	0	0	0	41598.4787867991	62863.3333078046	0	0	0	0	0	677.2583674269	0	0	0	253585.638872414	0	88980.1091017044
01.2020.64.SL	2491.2866913887	7489.6077776515	39520.4366669349	34304.7972725737	6880.17165276691	644841.686630797	0	98734.9513126985	32515.8581566334	1335.40525556108	0	228.341700538156	20679.8842170142	2891.27835991761	0	8947.84512039862	200280.867697539	0	0	0	2149.56152575574	0	8991.93869015771	42592.8136169345	0	1678.70519154258	0	0	0	0	0	0	0	3253.47554008158	0	99742.8043357635	214406.557723934	9373.03311450415	0	0	46564.3844359498	0	91585.4939303314	0	724.394360327942	36717.3454465354	431899.665331004	0	28994.6716573001	0	279572.129516827	132798.808721946	0	0	5560.51410069122	631.482909764141	0	0	0	0	0	84217.1434695174	216795.484342668	505.50128188102	0	32993.0135722407	0	0	3236.15306624765	83974.6288358424	0	9902.15595161326	8862.80752157752	0	222615.835550868	0	0	0	0	19974.3871008687	0	17043.7394822376	0	4932.18073162416	5343.19579259284	7226.62112944549	0	0	0	18468.9066476654	2508.60916522263	0	0	0	0	0	0	0	0	148.028412762666	77541.6919620606	34079.6051127326	569792.856130474	236902.152152814	21539.7088273165	0	0	1930.66844730882	785.810403920963	0	0	0	240.939863326468	0	0	3976.29513006099	0	1560.59741540215	0	7662.8325159908	7831.33294328447	4758.95599328487	6059.71630117809	40318.8452336441	1464.53642414127	0	503.926511532481	4341.64185092203	0	0	0	22374.3371120422	0	0	9387.206047641	2398.3752408249	1532.25154912845	2988.91412152703	168706.722209332	25106.5636667573	36558.293641333
GBM.BM.259.SL	289.147339221237	26968.4449925543	91823.3748383516	534.649797050589	32961.4327686775	1376139.47711665	68204.6744926245	0	3531.14368511218	14799.7064994794	0	362642.591680084	14578.754287433	11264.4711067368	1318.89375956102	30986.5018856947	2176.78845942025	2686.88801068791	42587.8569206751	0	0	353.250758765567	0	13435.803955983	0	30981.0462755207	1914.91917106894	0	4361.76033410149	48366.7119974693	29932.205219572	3531.14368511218	2330.90944683535	0	0	23727.8125492069	13769.9600791396	7054.10395496338	2796.00021416762	1369.35815367039	27504.4586921484	0	17110.1574081623	0	0	2174.06065433326	2090.86259917998	3415.21196891498	1006.56007710034	0	1066.57178901418	132855.018956897	0	19431.5195371932	43181.154527096	231.863432394388	1685.78354376155	15709.4294959915	2453.66067575002	18165.8179768285	9936.03002937127	108075.637546655	16489.5817508715	19533.8122279554	470.546377506258	0	0	0	0	64232.9902859629	429.629301201366	0	9899.20466069687	0	5455.6101739856	6377.60829338916	17411.579870275	0	3360.65586717513	110427.005531642	780.15225487994	32816.8590990669	167779.107485666	4799.57305056383	10049.2339404815	39043.0742101279	0	17913.4960062817	17415.6715779055	54560.1934474865	508.735648724157	0	13531.2771340278	3741.18467681062	24422.0389438465	997.012759295868	0	283.691729047251	49909.2857741637	4603.17108430035	281270.802032545	74028.5383533541	775660.923804207	9942.84954208875	12802.9531758007	559.200042833524	1534.39036143345	12888.879036041	301.422462112704	0	1024.2908101658	6209.84828053911	13465.80981194	781.516157423437	2356.82359516178	204080.737583366	0	2948.75729903922	4713.64719032356	0	3014.22462112704	56832.4550849515	12571.0897434063	695.590297183164	11413.1364839779	2752.35533277573	2592.77873518666	32374.954674974	144680.054009011	0	215.496601872431	0	0	47639.7519417857	2695.07142594889	0	4274.47057131772	0	114072.717030408	4721.83060558454	1744.4313531319
GBM.BM.265.SL	0	21629.7931508396	338457.941393362	0	5820.23887028201	1236222.20305542	0	0	49435.1934425219	0	0	25348.1587135365	8065.12623797083	0	0	0	0	0	0	7662.08661404214	0	650.063909562399	0	0	0	0	10201.6696207326	0	0	0	0	0	0	0	0	5629.55345681038	0	1001.09842072609	19367.5707455624	0	1551.48586415559	0	0	0	0	0	0	0	0	9053.22338050568	0	0	3480.00879585738	0	4108.40390843436	0	0	0	0	0	0	3263.32082600324	0	3276.32210419449	0	524.384887047002	66094.1645649077	0	4455.10466020098	163967.786788622	0	1399.8042852577	4091.06887084603	0	0	3883.04841978606	4195.07909637602	533.052405841167	0	0	0	0	22968.9248045381	76122.483809757	0	7870.10706510211	2825.6111268979	29664.5830730308	0	0	0	0	0	0	13881.0313488558	0	0	0	0	0	0	138168.917097789	0	78423.7100496078	82389.0998979385	9178.90240302108	0	5443.20180273582	0	0	1178.78255600648	0	4684.79390824636	1555.81962355268	6478.97029863858	33140.2581094911	7878.77458389628	1230.78766877148	0	195.01917286872	0	100521.549215332	13469.3242061329	10622.0442822496	0	0	0	89024.085534872	62748.5023103599	0	0	0	9893.97270353972	0	645.730150165316	0	0	0	470563.929094632	567800.488686976	19939.6269859773
GBM.BM.279.SL	0	64789.4772083425	91367.6404764907	12230.165629893	27079.3416143408	436992.953856024	362.136704693986	775729.028840402	9016.49695548281	200308.730455604	3752.55322846675	50206.6013169344	16848.3905472378	3557.73782116934	3205.81321443852	7075.41279648316	0	0	0	0	3187.74565650368	0	36772.9792193815	4042.41970142137	0	16227.0236634787	3063.62938895129	413.197194509841	2180.67568813559	0	2439.12032120353	0	0	287.509834963121	0	4490.18091980656	16794.1878734333	561.665387974404	0	0	4857.03090048355	0	96216.0303710055	0	0	7457.97369710348	13751.7682264055	0	2403.77075133101	3860.9585760758	6985.86055280612	16622.1533000537	0	0	6319.7175472085	0	481.53969626337	461.901046334195	2487.82417302788	2755.69535806183	865.671688878032	75280.4440005078	25985.8615862843	300.078570917793	1251.37477348703	4176.74806693693	142.183825487227	1499.6073085918	0	53791.0477020074	0	29.0652018951789	10899.4507106921	0	0	323.644950832803	4151.61059502759	0	0	31531.8163262833	0	2753.33872007033	0	912.018902710885	35935.5871864015	34282.7984083621	0	0	2864.10070567088	34256.0898444585	165.750205402237	523.173634113221	0	1113.11867798564	10507.4632581058	0	135.113911512724	0	921.445454676889	9838.17806851949	229249.030537234	38769.0515981829	249327.586224822	35947.370376359	73098.1972203779	353.495698725149	0	7372.34918341228	2192.45887809309	0	0	0	262.372363053777	0	35.3495698725149	80466.6186738043	700.707029472963	504.320530181213	497.25061620671	0	0	43799.6881640403	344.069146759145	18660.645162702	3284.36781415522	0	0	0	0	11565.5937162897	13271.7996221364	159367.644175255	2786.33165195134	4335.42835836466	9886.09637434667	0	24634.7224711571	0	145289.874360025	13579.7336530259	5410.05528248912
GBM.BM.281.SL	0	456.130980631663	195524.950317812	613.768888524078	4445.62875603817	258629.862320234	1160689.71396289	637727.452989004	0	0	0	169028.595350922	0	0	0	23.3759635277725	0	0	0	0	0	0	0	0	0	25251.4350631161	244.548541521312	0	0	174.420650937995	0	0	661.719582940021	0	0	0	0	0	0	242.151006800515	549.634834742753	0	6817.38997858678	0	0	0	18363.3178102658	0	0	0	8041.33145355374	11234.2483179754	0	0	16067.6783151025	0	0	0	0	11516.5580313493	2405.92609231997	221276.271370214	15525.2360845221	0	2862.05707295163	1238.92606697194	0	0	0	33629.0207612616	0	0	8902.04641831993	1451.10788976249	0	13360.8616153225	26796.6461906699	0	0	71228.3590201634	0	0	482.503862560432	0	50508.8639630342	23538.3965051065	0	166.628663095404	855.919895324593	12735.1050531944	0	0	3916.97235010239	0	4373.10333073405	0	0	0	1663.28971255304	0	296308.918608603	0	927912.468537011	3639.45770617012	215100.821313121	0	0	22139.4349955214	0	0	0	139.656397486436	30261.0838622218	0	0	421687.996832691	135.460711725041	0	0	0	0	206303.067655156	179.815104059788	5621.61953658919	0	0	0	274773.062979042	0	0	1157.40988646484	116539.367708509	0	8444.71667032786	12433.6150620542	0	79004.1635033888	0	289167.262059028	18995.6675928761	359.030824439378
GBM.BM.282.SL	0	2989.8448736405	5450.54239179414	0	0	170499.069064574	54625.5371213341	64867.6224376596	0	0	0	25632.8068645661	1236.84136466561	0	0	0	0	0	0	0	0	0	0	0	0	1665.35333352614	0	0	324.630279439794	0	0	0	0	671.984678440374	0	101255.430460066	37436.363824997	14082.4615220983	37066.2853064357	0	3957.24310637109	43730.9449433346	20250.4368314543	24477.1230697605	0	18951.9157136952	136974.500106827	0	1324.49154011436	0	239073.969293436	257064.97937999	0	0	0	0	0	0	0	0	0	14033.7669801823	3304.7362446971	0	1460.83625747907	0	0	0	0	0	0	0	7505.45206064804	0	221654.308498697	9193.52951373497	0	0	4070.86370417502	103.881689420734	0	915.457388020219	0	0	0	0	0	0	0	2804.80561435982	0	0	6771.7876291141	0	0	0	0	0	1795.20544530206	0	3142.42110497721	0	143226.879288837	276844.702306256	2178.26917504102	0	0	0	0	0	0	0	2957.38184569652	0	0	0	0	0	0	2678.1998053783	0	0	2291.88977284495	27557.8644216441	0	18510.4185336571	0	5512.2221448877	0	0	4901.91721954089	0	0	0	5122.66580955995	0	678.477284029169	0	122924.501612672	48944.5072311377	8122.24959158365
GBM.BM.284.SL	788.833192111462	2489.35064723699	147238.80454506	24341.754294281	28687.5211240463	1408884.81820368	0	0	1908.14294922408	257.915406163948	0	342584.22054456	0	0	291.681489979284	7029.81127942683	4185.5575384712	0	21834.4429641635	114.948370435186	9616.86804153373	50.2899120653938	20978.0776044214	0	8608.91451828019	103495.920603265	2877.30139745574	0	0	3691.2795455999	12877.8096253169	0	0	1474.21285083126	0	48287.6551378759	16040.326666915	1459.84430452686	5053.41773525685	0	17384.5041736914	0	9507.6670896203	0	0	14800.3211208454	0	10725.401388918	0	672.447967045837	137483.998459004	108080.205301683	0	4500.94712985274	36422.828027019	99.8613968155676	48.8530574349539	14845.5820417042	11813.8187714762	856.365359742134	2742.95548950962	197294.509305692	27533.0084284879	31435.5056047624	7077.22748223134	8533.4796501821	4284.70050797155	2545.38797782414	1507.97893464659	53791.5267997756	8937.95422865091	3158.92490502195	11566.6797750406	3945.60281518775	0	8596.70125392145	24907.1565913591	373.582203914354	13032.9899254044	8894.1301624225	248.575851066089	3125.87724852183	0	9741.15596706677	0	5891.10398480327	0	4766.76523648411	2730.74222515088	5664.08095319378	0	0	175793.41661579	0	38210.9936146014	0	0	162.3645732397	10642.0638203525	0	141297.410648191	30354.9909226717	256000.797368887	33882.4690404014	21482.4135797058	237.081014022571	1476.36813277692	15246.464483597	0	131.472198685244	34.4845111305557	2431.8764620194	50450.839784003	0	1041.00117975365	30922.5485016954	0	9039.97090741214	10218.1917043728	0	821.162421296358	60583.5386378646	3112.94555684787	29248.612857233	0	425.308970610187	2102.83675164868	28955.4945126233	149376.125807839	78733.1679022653	2311.89910037767	13769.3779235048	1035.25376123189	23559.3869480065	7006.10317802457	962.69260239468	0	0	56968.412387678	17462.0943237352	0
GBM.BM.291.SL	207.61794281446	24264.021039433	44980.351537781	2642.96125743372	6142.91482626581	363950.465105158	515063.745096198	589138.644627581	1201.75933322531	5623.86996922965	0	183504.709988969	20135.1518044112	0	13627.7689836426	7556.08075089708	14193.0353534951	0	0	0	6217.1723386593	0	91.685295914415	189260.424929183	0	20733.0005521506	0	4365.28090713178	5566.28251063878	784.250258441484	19113.7321441415	681.956746470855	1291.17143998482	3410.54146207258	0	0	111437.794211084	1306.32603435084	41029.5487865599	0	57353.3201079173	0	0	0	0	2215.60169631198	77038.3804596576	0	0	0	1085.82668632526	0	4819.91873811235	0	10533.2008141015	48.4947019712608	103.051241688929	0	0	0	0	0	4619.8780924809	0	0	9944.44482298168	0	180.339672955626	546.323126894985	0	2292.13239786038	1685.94862321962	7340.12778118131	4940.3977633222	6452.8262810509	0	168.215997462811	0	0	8464.59868313992	0	0	0	541.77674858518	18424.9558302059	0	0	0	0	5467.01991754136	256.870374504022	1729.13921716277	9.85048633791236	0	497.070695205424	1126.74409111351	516.771667881248	0	25192.99767407	0	41173.5174330371	91964.1404507498	349433.12143223	51871.9033257282	35527.6733019767	1241.16127857696	0	927.461175200364	0	341.736102953729	6.81956746470855	0	173.520105490918	474.338803656395	3099.87227756919	5026.0212214902	0	84.8657284497065	3419.63421869219	3337.04167939739	4488.79085121483	9522.38936988805	205.344753659558	0	0	0	0	7313.60724104078	0	3753.79302446291	8385.79479243662	11832.7072809876	0	5174.53624627719	22177.9911249505	336.431994925622	0	832.744960412745	402122.615124005	19584.2822992064	98040.3750618051
GBM.BM.295.SL	0	14738.7539790694	49838.4917985251	4518.00381770292	10577.9285417021	255926.784929665	1550082.12959343	47258.3320409142	2620.72069232694	0	0	42375.2798107666	9583.88294761555	0	6007.86143466217	17862.5513392928	1477.14448816764	1834.92825558858	0	514.579022517416	1937.84406009206	0	0	0	0	1757.43870866831	0	0	0	0	0	814.245629748147	3217.63235844714	140.449803792989	0	9579.03985093304	4444.14659329453	37194.9825217295	11944.8925803425	224.598608651719	4504.68530182599	0	68465.0416394849	155.584480925854	0	0	117297.985489302	0	6147.70585136984	15217.6151635533	680336.428024897	31289.4315044855	0	0	11479.3499117356	1227.72500901802	130.158223342641	0	417.717088867079	0	0	308632.995351325	4903.63539104832	72.6464502377529	0	34486.4807020319	0	518.211345029304	6024.20688596566	0	0	3930.17295786243	19413.5530518688	0	0	0	2669.75704623742	0	0	17725.7338580117	4573.09404246655	708.908276903405	0	0	1997.17199445289	2137.01641116056	0	0	0	0	305.720478083877	0	9538.47891621696	0	0	690.141277258653	0	0	2690.94559422343	0	184222.922383747	19321.534214901	592580.726911862	51640.1237644213	37965.0348942497	0	622.337923703417	8815.041349266	0	0	46.6148055692248	0	659.871922992922	69.0141277258653	13737.4437399591	18179.1687849123	0	0	0	0	0	97510.3032187091	10951.4523733413	2331.95105263187	0	9320.5395655037	1847.64138438018	42223.3276523526	0	11393.3849456209	298.455833060101	7488.03285825638	19.3723867300674	2512.35640405562	2184.2366038151	1550.39632549071	0	324.48747772863	949174.908710152	27306.5898702007	6541.20745682433
GBM.BM.305.SL	0	30944.6990560934	15755.5549386169	2327.16356101559	17554.49267767	173041.687941697	10483.9036632079	0	10176.3022809406	0	0	154585.605005657	15838.2891035026	25539.4002835612	316.086937640221	69445.7851717469	74424.6847867912	3633.93908844093	179119.466977531	0	66853.4480053284	3680.60964299184	0	0	5343.77849607864	0	41199.4927242332	8975.59619567635	7227.57178886063	216994.743384434	57341.1404323167	547.318321551524	0	823.098871170509	0	25378.1747314763	7096.04568058081	3648.7888103435	0	0	17569.3423995726	0	47996.4225779195	719.150817852584	6862.69290782628	0	48034.6075770975	0	0	0	145270.586595065	73580.3720271885	0	13969.3455326232	1200.7060852642	0	0	101457.542815981	9556.85673871945	0	5437.11960518045	8551.31842703176	10447.8400528731	10210.2445024321	20221.0784536013	10420.2619979112	0	0	4041.24574633974	0	54952.4565948476	3101.47048879197	9616.25562632969	5205.88822126915	56414.0935078282	10630.2794933903	71499.2895719867	11903.112799324	38598.6700024418	0	0	0	449.734434763268	5229.2234985446	0	12518.3155638587	243.959716970641	10948.4878198737	0	8687.08731299803	305.479993424107	1966.52745766769	20643.2348334026	3676.36686530539	9385.02424241839	2168.05939777387	3309.36659542782	15901.9307687993	52527.7091470438	20666.5701106781	3421.80020411864	162706.281497515	0	67570.4774343378	118.797775220486	1728.93190722671	1236.76969559899	178.196662830729	0	7323.03428680567	420.034990958147	0	2955.09465860959	0	1069.17997698437	9179.24952462576	882.497758780752	16992.3246342159	9953.55645240214	0	1576.19191051466	16485.3127006856	0	7980.66482820478	0	0	0	299.115826894438	27616.2399610765	0	6529.63485944028	0	0	1334.35358238724	0	265.17360540287	0	0	30558.6062866268	18271.5221066794	64229.2900062616
GBM.BM.308.SL.ab	0	5568.0370156066	0	0	0	118784.789666274	0	0	0	0	0	38357.5883297343	0	0	0	140040.550019502	0	0	0	0	0	0	0	0	3822.50160198389	0	0	0	0	110742.06953262	0	0	0	0	0	0	0	0	0	0	0	0	27840.185078033	0	0	0	0	0	0	0	0	0	0	0	0	0	0	0	0	0	0	3888.78775693159	30867.2528206445	424187.2008953	0	0	0	0	0	0	0	0	0	3248.02159243718	0	0	0	0	0	0	0	0	0	0	0	0	0	0	0	0	0	0	0	0	0	0	0	0	0	0	0	152126.725604966	0	0	0	0	0	0	0	0	0	0	10053.4001670675	0	0	0	0	0	0	93750.718481027	0	0	0	0	0	0	0	0	0	0	0	0	0	0	0	0	0	0	75102.2135557414	72517.0535127812	0
