feature	X1525	X1522	X1520	X1568	X1552	X1545	X1543	X1540	X1564	X1561	X1536	X1411	X1468	X2016	X2043	X2048	X2524	X2492	X2502	X2497	X2483	X2479	X9712	X9649	X9418	X13165	X9422	X9467	X9450	X9447	X19351	X19300	X5989	X6001	X6067	X8007	X8095	X8163	X8130	X8047	X8053	X8031	X8028	X8071	X8059	X8249	X8255	X8235	X8236	X7285	X7298	X4303	X4482	X4494	X5266	X5265	X5273	X4498	X3934	X3922	X6936	X6956	X6952	X6939	X5868	X19882	X19831	X19850	X14348	X969	X17008	X17007	X16955	X17130	X15888	X15878	X15873	X15877	X17167	X17153	X17151	X17137	X15892	X15494	X16971	X16988	X16987
01-2020-120-Or	382.776227845332	142153.320939488	0	11643.5987486397	1370956.97952933	131884.643392725	0	125.68087049685	86968.1809033154	120.864632758832	6214.5520946225	0	106398.260006405	0	1692.56354793202	72.702255378652	612.120882036663	30.5028390074471	535.061078228376	0	0	155.266330887531	5776.96249442544	181.411621465343	0	270.856036599962	259.388803890396	0	1607.70602588123	39.447280520909	13595.0924111537	0	3015.42351330762	1167.13494517969	68.5740516032081	161301.994151885	17846.6836105526	16095.4078311476	10073.7345907	2764.29111696812	482.541152418561	38.759246558335	470.615230400612	63229.4037819333	3288.80234110369	399.289042947108	14262.2560101963	0	0	1007.9697551709	1294.87991756426	1168.74035775902	73512.9887312184	2140.93234687608	32656.843999612	8477.03710821999	2863.59735223296	20326.3580116693	21677.8860588188	29408.1769729918	171404.396824358	3778.45317780218	503479.860656921	2004.47227763224	101219.199025456	0	82.7934201630706	226677.146518432	0	227315.183346392	1475.83284972122	90.3617937513845	102.746405077716	150631.275426324	0	5757.0095095108	0	0	133633.855070242	5855.85705546726	0	3666.762331211	0	0	121881.088266208	7505.53315306551	1583.62483719114
GBM-BM-323-Or	5383.22247978888	0	12750.8485403627	5084.65719939723	114407.802797351	0	0	0	0	1770.28100595858	0	20463.7849504804	3110.80895680797	1740.12289682811	122461.525840643	9445.51977966318	8640.29826587963	7334.45214053028	7768.72891200905	9373.14031775005	199.043520261101	3047.47692763399	218453.279297472	0	1441.55761643646	51728.6966860385	604.670088065922	3646873.87031844	0	0	0	784.110837392218	0	731.334146413895	0	0	0	983.154357653319	903.235368457574	0	153.806356565397	0	0	0	15757.6120206705	7363.10234420423	8445.7784619881	238.249062130712	0	4835.85279907085	0	0	0	0	0	0	0	0	0	0	0	12600.0579947103	0	46015.242911271	0	481.021840630995	94.9980437609802	0	0	0	0	0	3481.75369911275	0	2172.89176285036	22805.5621244614	0	2509.1546796551	0	1744.64661319768	2135.19412643727	452.371636957049	2779.0697563728	0	16329.1081886929	16306.4896068451	0
GBM-BM-418-Pre-Op	106.765922740253	4513.13267063919	0	2266.73451843772	178543.89768796	0	194.27392290831	0	39632.0343366757	220.002507464763	66162.9809791771	55.9250071496561	70410.5083817006	71.3313452074127	90793.4017588736	0	5400.38367938539	0	0	0	0	206.136803212782	88490.7704727613	0	0	0	660.161585774867	0	34790.5926020258	0	7417.99771142918	0	27096.2051858404	806.367733942976	264.834951212834	29461.3862044672	61377.1561249156	5107.50919290744	5794.63187028338	6891.8712667568	1699.31908777054	0	0	148538.359623292	4987.33975605694	159.609662278357	35107.3469124932	0	0	4895.98017137444	43104.1607447523	655.693747738117	932.391579255424	5090.25409428275	1866.94004583893	0	7837.66636012247	2667.9155614617	19373.6241710094	2655.74455439607	7473.15240167595	81676.5471498156	23747.3294822259	4628.06395255006	1215.09788261526	0	0	17317.9564839629	0	2808.72949130959	43.9080634646061	0	0	4235.04826869669	0	5576.47812338555	123.250704462052	0	53470.0071801526	19421.537882369	0	3976.22178932638	0	0	89867.0186514607	6362.97168123402	0
GBM-BM-385-Or-PreOp	993.832895399828	16840.5354286736	2231.97220619792	4236.64540511294	218677.651978501	28922.9983281329	78878.5580546438	14319.6373716689	3023.31690144784	3448.3020171775	217.294649567991	2140.93255099218	24364.2126045996	7940.25863117511	2029.48400604801	1429.4226303073	596.059632654739	649.883077160991	104.045320235134	403.375703065443	274.519575697315	543.436711074277	6811.36690662391	0	70.0305040044171	0	285.124194875127	13290.7892242669	251.10937864441	85.0370405767922	4883.32708780515	688.299810786271	7668.94044994657	12179.5051692939	4402.51765602626	22821.5406449594	32844.3063780716	3329.05007321569	11978.6176663784	4021.15153993363	7358.00501216696	6778.35252616468	3884.89218785646	176077.296043997	0	1761.76739359684	25931.4952842185	0	0	1519.66193689585	47191.9559513423	10018.3638157176	7578.10088189512	235.702667763438	0	32974.1629412112	12145.6904402175	3714.41793239428	1140.49677950051	9674.01382317018	54279.2430437436	0	145863.73557064	9293.04788138615	15960.3520369153	6665.70345829472	3502.12546168375	17192.0885587758	4791.68717113652	35448.0405169559	2721.38538561165	17448.6002905863	0	191696.899657143	0	25041.5076218995	58.625536209412	38633.6281005396	103074.897536787	7298.97930164895	3392.87787543686	45334.7469851452	173.275475622358	803.75009881641	295624.768732703	24078.2880611073	0
GBM-BM-434-Or-PreOp	8835.83912826393	43542.7556934294	1479.91457762445	17940.6463902053	183902.242662776	341807.771457788	95971.487118988	22757.8892580646	89549.8729274386	6811.500016902	3311.96506710294	28236.935296946	12292.9054253771	0	19098.5070182949	4640.87999073302	1554.82456222321	5141.06634458935	951.415788644174	1828.511435088	0	3513.69116736103	42739.9801891859	2981.65332399027	874.736276850161	44496.5308516672	179.901931516722	52195.7436781845	22457.6594772711	6786.13679377013	23359.5285044484	193.468306680278	64181.9310563855	20324.1995222023	9296.50604142643	109441.717971602	22522.5421410968	605905.576451532	29403.0537186134	25523.0704218364	11025.9239535806	4778.31326956383	4475.13427677827	57958.5039107038	3513.10132496262	4588.38401727404	4971.78157624411	1391.43821786212	1737.67570573201	18101.0835225743	13181.2080773908	9352.5410692759	5309.76127053618	4919.87544518354	5349.28071123002	0	14481.2207234985	8155.16100049247	20990.7214324118	41408.1160535637	173801.781432309	8542.09761385302	16237.7713859798	26287.5061701828	21349.3456106484	5005.40259295379	409.940466898761	15445.6130449078	2790.54438690365	24825.2868645109	5247.23797630414	8218.86397952134	160.437132369011	29728.0568801403	7020.30422594108	4239.19731741208	1619.70722604892	19946.7003872164	11324.9740495773	9350.18169968224	1658.04698194592	350.366384658797	3863.46770962141	811.623140219705	76841.718453577	8438.2853517319	13344.0045793535
GBM-BM-405-Or	0	3286.33525459335	2540.62860049296	2036.12086416089	54669.744703171	23273.0155766676	0	0	6297.30174473453	0	874.346076910157	0	14737.9238726381	0	4739.55873414747	0	678.036957726497	35324.2515041642	7041.66840484732	2746.31767758983	0	747.71664508179	103344.356305812	0	1473.99338636195	13878.3177295916	371.848331559492	64209.161900908	1014.37544861454	2308.80964063786	535.997595040709	3453.16450604977	294.79867727239	286.088716352979	2926.54686892227	110031.596300938	5840.36379496233	33873.0380155914	224.448992923297	8707.95092843012	19569.2721949363	657.937047912471	0	12102.8256960192	4653.12912194716	1381.53380121743	2451.51900031744	480078.3059441	0	1551.71303764285	7170.30782765709	11905.8465798418	1104.82504277766	4671.21904077978	13194.9207959147	10731.3418497088	806.676380536268	0	759.776590970206	1143.68486841811	8556.53160783112	0	20191.6994021773	608927.43781293	3437.08457819855	0	0	1346.69395753978	0	3674.93351099786	0	4834.6983072672	31.4898587086417	0	0	36657.5455218279	392.61823836732	0	4661.16908587277	6882.87911731651	36053.2082334195	357.108397695873	12220.7451669282	8938.42989429763	29382.0481661441	28249.7532466206	3950.30227545003
GBM-BM-463-Or-PreOp	0	559.66791255404	0	0	0	0	0	0	0	499.163273359009	0	0	0	0	0	0	4784.85656974315	23715.7913471597	0	0	0	16830.4257826818	44988.1620975489	0	0	0	4285.22547700892	0	24780.5482451588	0	5630.67400013967	0	138393.134493629	11287.7018250834	27454.7597337042	507.895901696436	55519.5559326943	24321.3055584852	67244.3569940243	245.4492321984	20779.912888075	5605.87957325305	2440.7696203109	247.320509699278	130433.967523231	5214.93851536144	12106.2297919254	0	0	2863.52239571742	116094.212094217	23971.2207260294	0	15291.7678575855	19398.7541526358	0	930.960556686436	8194.48011613325	0	1517.7619930032	7343.20479302584	85622.1733301398	0	14653.9741093698	0	0	0	0	0	290.827711594674	2758.10709650134	4031.04361647309	2575.18972079059	0	0	23050.8640751813	209.894959681733	670.229224897538	6688.41360751054	5602.29295804303	0	8831.49416539022	0	0	134201.005072289	19564.05033188	0
GBM-BM-426-Or-PreOp	16012.9068746482	13530.4879238613	0	8903.05745488813	359.00150828705	0	0	0	105.271118971391	63643.1395668577	2314.16511106339	33375.4434796989	50.3861766016913	957.337355432135	29551.4925768919	242428.58995327	1855.29100272656	52.1856829088946	0	10452.4323853901	0	4905.45419343609	45462.7273451832	55090.9858418742	6186.70268416481	13354.1363057554	8289.42580413182	32900.3738145972	31709.1006392286	1050.9116834067	167.354086569903	10920.304025263	7472.44994066154	99876.1990623954	4048.88919120734	0	18868.7233841798	600754.383621965	39518.9580124908	45860.4182390751	16628.3380317117	52555.4814550248	0	0	181002.442156886	33717.3496780675	5975.26069306843	5968.06266783961	12311.3224007311	133697.920106281	6994.68101609907	8478.37396638816	2525.60710215978	1496.28949443951	5083.60531784921	9746.12615981286	0	1450.40208360583	218.640016325196	5825.00191641695	5869.08982094343	447.17731734001	0	214595.625899757	1799.50630720326	4914.4517249721	19789.1708603143	0	27647.6149038709	5308.54360624962	14591.2968919576	107580.785316686	0	0	78901.1535456342	287985.791379581	12334.7159827247	90096.7820358992	0	12152.0660925436	61951.6036380866	0	84044.1425716211	0	232373.848461771	88363.8574620625	18208.3045694362
GBM-BM-456-Or-PreOp	0	0	0	0	5946.46728171138	0	0	0	669.255583218792	818.877677352299	1892.51729876976	0	0	22.2411221009266	28988.2697782714	1243.4809174609	2670.95657230219	0	0	0	0	0	1283442.14811569	2493.02759549478	1514.418223054	3819.4072407864	38.4164836288733	2495.04951568577	0	0	0	0	126357.880415937	27514.2899590372	32221.3201636697	1939.0214631626	5507.71060026583	489128.779163769	14408.2032810185	15902.4023021625	23191.4245906935	0	0	1399.16877216738	301939.407881607	2058.31475443121	62754.33696786	35229.9374078678	0	381823.452707562	24107.3544372135	43151.8207161796	0	50273.0236288581	40228.1241200033	0	0	0	640.948700544885	796.636555251372	960.412090721832	55671.5505388103	600.510296725019	76671.2136424671	58.6356855388066	3087.47213164681	673.299423600779	1920.82418144366	0	0	8051.28620053544	4652.43835947565	0	531.765010231246	47684.9657843867	137387.455057806	4682.76716234055	9232.08759207554	0	47367.5243144007	509.523888130319	0	22586.8704535865	0	26703.4999624489	20564.9502625932	8299.98238402762
GBM-BM-455-Or-PreOp	1080.0258711779	4717.61922064431	0	937.752371992078	84854.2861394101	0	79290.4080391747	4464.83768907202	1126.33186855442	45.6348959652634	80.3084688800468	0	6378.37151302723	61.7413298353563	0	63.5309335987	505.786763615002	354.788946082881	0	72.9263533562542	0	439.795124841705	136826.616431614	0	1079.80217070748	0	2833.61385878427	0	39.8186837343965	0	1862.3064162295	429.057502261643	1028.57476298177	1581.56232585496	0	62150.0305948099	5867.21593812219	45019.9433720844	69835.7076569597	1579.5490216212	36846.5992844235	2309.03625565416	725.236925095018	63893.328360777	0	0	1872.59663786872	0	0	306.469644472602	6639.42996200498	37.5816790302169	4781.37385471343	0	499.523150443299	4135.32689614636	3590.61625067864	1171.96676451968	0	2269.6649728606	34107.3870241556	18.7908395151084	66576.39180297	94961.9681947751	10399.1637683196	0	118.113848380682	453.217153066782	346.512028677416	5923.14105572668	299.087528948809	1346.22943097527	0	14542.7675818714	474.692398226906	34065.5550361874	272.467172969072	301.100833182571	46777.7816686287	478.942707164847	2145.0638108378	3395.54944047418	13660.7166270134	3142.32050796105	111907.502529406	55468.0975434255	686.984144653548
GBM-BM-462-Or-PreOp	1068.51702232614	5030.91462236751	656.422000889434	555.052296648409	117620.283890834	7772.38620419588	71979.3425086172	860.106581439	12876.315368779	725.419561818057	15607.8626438984	0	11620.181691051	450.610783187959	23967.2007020213	64.7442866248038	680.760181627955	0	0	323.957726140898	0	0	57427.0007711166	0	0	2928.61565119642	17.4856832490346	2257.54348326049	133297.852974711	9.92430670891153	3142.46083147177	4.96215335445577	7273.33535254776	2034.24658230999	2031.64735912432	135139.284455248	124019.571373947	13689.6359328759	7866.19453189678	4989.32705139683	1249.28118023846	2872.61420619613	0	95404.9596159522	11835.2083364108	2058.34847003163	37198.6644751692	0	374.051845719213	942.809137346596	40514.0917949963	0	3907.57762012548	1886.09086072695	0	594.276937450298	3723.26906695998	19.6123204009442	707.697585552144	3085.51421440397	19503.8619061968	5005.15868352772	122227.997719971	8846.33796591024	2801.4900081156	41.351277953798	0	1585.0535572233	360.110557723361	2153.33826281692	1935.23980823775	578.445305319415	0	16521.8440331858	8280.4161904854	4821.79530242973	291.585582828496	531.422994960525	32647.1883840489	4675.29363196485	476.839308061511	8372.80676008503	173.911660422831	896.968292072099	165491.59505937	3231.30700581822	8681.4054401288
GBM-BM-389-Or-PreOp	645.122858112312	669.757621190587	0	0	71129.7990431327	33464.7859691434	0	0	10619.1225594287	2609.7452136047	3428.85108595732	0	3296.4392344116	0	50134.8222096733	923.803615435292	1111.64368390713	266.363375783842	0	0	0	3331.85170633662	30688.7561047604	0	0	0	1025.42201313317	0	120647.212503157	748.280928502586	2227.90638589145	0	5279.53766221269	1759.84588740423	235.569921935999	52024.0006032385	129298.633361708	9090.22757588327	55349.6936188055	19325.9716349063	23629.3568101424	15915.5966212577	0	194197.37701873	18100.3921717621	20590.0429153603	103251.99042451	0	4478.90786216877	0	41320.1960457282	682.075002729724	0	2058.54238972831	1647.4497808596	0	2215.58900435231	836.042271968939	1458.07003969537	1809.11541356078	12931.7109434017	0	52787.678258665	1989.25711857066	2520.44419744595	648.202203497096	0	26385.3709295243	0	3655.18297173897	7826.15629542931	8820.78485471464	0	36865.9229466377	0	19538.4464664564	7344.23874271057	3045.47258555168	45086.2354513194	238550.728268471	0	17609.2365828891	5944.6762653261	0	897518.323230773	131366.413787591	22480.7609816178
GBM-BM-392-Or	0	0	0	0	15139.0277856866	0	539.732231561006	0	0	0	0	0	11432.4051527014	0	3033.110617533	0	3356.02733727036	0	73.8095359399666	0	0	0	119702.921458639	277149.041084579	0	221.4286078199	2395.35009605173	9737.09237408029	0	0	0	0	0	5038.65410190178	81.8824539334005	41098.0722305727	888.020979277724	638100.737310997	95322.7091184688	18550.4122749119	356857.573529748	114.174125907136	4793.00674010158	31598.5543002992	26662.5415843139	4194.45753458842	3653.57202902835	162.611633867739	0	30132.7430474914	0	0	0	0	0	0	0	0	0	0	27487.1324936432	2644.45727984912	7699.25721773777	206084.29726238	16.1458359868677	0	169.531277862111	0	0	1199.40495902446	787.686141359331	1186.71894503478	0	1243.22937098881	6227.67959493468	164558.360378156	0	0	0	0	46107.8944824979	0	0	0	290168.35125999	24133.411704371	619.308137496282
01-2020-118-Or	37169.1934768228	4349.71637967155	9515.15722358247	644.764247183206	93638.5743148777	42035.4539408854	24334.9657535359	22227.270506115	9745.95351660827	10234.4112796259	3877.13349395204	14437.5903303921	9515.15722358247	5159.33512187319	22787.7757891777	4960.28858344353	6623.48726651839	0	9077.98752568173	3126.12968331251	40.2977654489504	2503.3460354651	30291.7081735352	731.465500118827	2996.68837611286	20286.8720425277	0	666001.169574803	11957.4460386704	17191.2709694037	5818.75310194693	1293.19192758904	11316.3452247098	49116.8703602328	4111.59322020048	159481.45962524	5184.97915443162	202330.19574155	118124.961974949	44080.8708235215	93093.9439091131	0	18309.839246714	43196.7622724597	359.016455817922	7536.90328336126	4327.73578033576	27003.1662840194	7713.96922245514	405783.84433804	8965.64224018769	2254.23257632613	0	990.348114518144	0	0	1837.82233335365	1533.7573758752	341.920434112306	2883.12194621127	30351.5442495049	0	70519.8683912556	68925.0537950032	4744.14602330825	3740.36532030712	0	8648.14469422626	4077.40117678925	10029.2590191585	11047.6934550501	9573.77215514458	0	2284.76118651473	7433.10600872003	24397.2441183206	4331.39921355839	2166.31017898297	30506.629589263	10407.8137854971	25698.9840567624	2119.9066914963	19931.5190199324	0	124229.462868261	34417.9551266263	85187.033870266
GBM-BM-451-Or-PreOp	6561.14405703189	9349.12387806649	1823.05153423002	731.062079888201	0	47448.4456552124	40925.9723883005	6116.73688168423	2972.12644065379	6614.54657672145	0	3662.06244216037	0	0	0	0	0	0	0	126.447345471847	0	661.700186498304	0	0	0	0	417.399004470173	0	0	0	1220.89208807526	760.525539027272	0	4712.92581812058	0	41029.0944952873	0	6675.92878326119	0	9721.71387176266	13230.3207975737	73.6586478476777	0	207429.50438178	0	1461.510337711	475.098278617521	0	0	180.46368722681	0	0	564.102478100131	0	0	3076.47619177134	686.253069114197	0	0	1179.15218762824	15491.6412864974	0	12165.3395141094	20471.5797030658	4302.89267843517	1562.79097850156	0	731.062079888201	626.09850670526	3012.02487490462	134.427032322012	0	0	15478.1372010587	0	173262.326755569	0	2220.19441054208	0	7958.81689994157	1419.77043726399	1930.47039567455	0	4727.65754769011	117806.572257249	328587.545116098	0
GBM-BM-268-Or	12681.0133420994	5420.5754797964	0	1131.74096144651	52229.281380244	70136.606803442	71021.4452517047	7397.04889751638	0	4877.89127569193	0	10338.5727474776	19505.2985415194	1487.68164035106	12063.1304030151	1635.5724858114	11183.305203751	129526.061066016	32138.6860181316	22093.3883370754	1075.34191021163	42150.1442684469	599347.704224027	0	27.572869492606	150544.10749288	397.299983143459	324466.24837874	13184.8448664643	13708.7293868238	5767.7429729533	26.3195572429421	0	263.195572429421	1119.20783894987	22713.777900659	15143.771912689	29019.1918287181	23606.1362224197	4332.70044708813	12940.4489777798	0	0	10445.104288699	208.049833444209	0	3462.90174582138	265568.092518034	0	508.844773363547	3906.5742822024	0	501.324899865563	0	0	2130.63082442864	6211.41550933433	802.119839784901	3286.18471861877	0	1701.99803504359	0	13928.059030515	35209.3010298082	36.3460552402533	0	0	0	0	3952.94683543997	0	1601.73305507047	2405.10620710504	0	1665.65197980333	11050.4541052867	20291.1253220587	0	4374.05975132704	493.80502636758	3215.99923263759	193.010086448242	30089.5204899311	743.214164050697	238173.193364881	35130.3423580793	3644.63202202264
GBM-BM-284-Or	1772.25414817181	1163.93581693866	983.247203701096	1755.6910252917	68952.2805498994	0	0	1362.69329149999	8367.38853134302	0	1303.96949219778	1876.15010078341	16525.4794190192	1415.39413702761	4048.93067496516	8858.25926397175	5003.56884823697	53787.9886839365	11916.4140430176	858.270912878446	4839.44335787952	10142.6541564021	3274.98111493091	0	18162.2171072628	0	1907.77060809998	446499.632171353	19172.5676029496	4932.79914138559	1686.42705688396	237.90667409613	8906.44289416843	23480.4852902219	0	23807.2305324932	9349.12999660047	258243.177516019	210475.13112978	103679.126275716	119799.562053395	20121.1828224468	17014.8444132043	7751.54150789164	12079.0337949314	14795.3859472695	4914.73028006184	45860.2757781383	0	516.468286170714	5476.37071954194	14667.3981795595	0	647.46753076795	639.938838549718	0	0	0	722.75445295027	667.042130535353	3841.13876974196	15104.062328217	14072.6314943192	124848.303054941	1084.1316794254	0	8859.76500241539	2853.37435070992	1463.5777672243	974.212773039218	53592.2426862625	30795.3626494561	0	4987.00572535686	16195.7226998606	638014.504818738	1273.85472332485	12926.7645387043	8670.04195851595	9740.62199194853	17206.0731955474	280.06735051823	15260.6591263562	176.171397906628	25338.5665296815	116304.743125691	0
GBM-BM-362-Or	2236.10073478584	2243.40825352697	2741.78103167206	1046.43668372985	31968.9329886965	37933.3297852069	119881.306451989	822.826610251262	3373.15065090571	0	0	0	86.2287211453365	0	2249.25426851988	0	80.3827061524323	0	0	0	1365.04450084312	1769.88103910174	26071.7653646044	0	0	0	4456.1249283412	0	37467.1100895228	0	3824.75530910755	0	7028.37152521904	1590.11607806993	18590.3276774353	531405.685862485	5480.63905584766	73526.792069504	45159.0043164365	59.9216536772677	17377.2795664076	37766.7183579092	0	108838.184130393	0	777.519994056255	19290.3879728355	0	0	144411.185362215	48023.5516629595	3509.07049949073	14446.9645512144	0	7083.90866765163	7349.90234982877	1053.74420247098	0	0	2126.48795366889	37633.7215168206	0	124157.666419299	15924.544840671	10188.1426288837	463.296688187655	0	3856.90839156853	0	13568.6007985306	4992.49680394016	3992.82824015355	17733.8864809748	51465.3929900319	0	77689.1547444517	0	2502.09441696298	468198.571759206	1028.89863875113	0	12402.3208074462	0	0	290732.556123362	48640.3062447109	0
01-2020-123-Or	1994.86408006409	0	1011.23050698901	0	1549.37071831065	0	0	0	0	0	1249.74686438798	3280.09271662712	0	2822.77209748199	15180.2848622268	3591.54382794147	2907.53410878906	4084.34621926165	7338.81321154012	15355.7225135368	6213.25254976482	954.065429595868	14295.2117674158	0	5872.23329497126	675257.548682563	4441.13515057746	83971.5562713933	44640.0118153472	3205.18675314645	0	3157.87772357971	0	3278.12150706184	1515.86015570087	40397.9688308631	37409.6151298975	9629.35872639631	47409.5612545666	182945.988544138	3487.06972098159	16828.2160588015	1785.91586614433	0	44038.7928979365	386.357074795021	3727.55728794584	514.485696538268	6158.05868193697	0	14261.701204806	2136.7911687643	0	0	0	867.332208723516	0	0	0	0	238.516357398967	22722.1326589908	4135.59766795895	20283.7464267386	0	5602.1775845278	18545.139590161	682.038509587129	19485.4065527999	0	26077.1313390986	10358.7062655502	11062.4280803554	0	38022.6613046998	107866.558621726	10573.5681081658	31340.2608783981	9568.25122987261	352.846512185249	500.687229581303	0	5732.27741583633	394.241913056144	36203.2348759457	231445.628688305	617615.438574624
GBM-BM-440-Or-PreOp	758.309103321893	0	0	0	0	0	100572.805450629	0	0	0	0	0	0	0	0	0	0	0	0	0	0	0	28218.1653828533	0	0	0	3420.63345520202	0	0	0	1957.59143520597	0	0	0	0	191104.197149934	298.790271689333	4310.82240257989	42172.7013820268	8508.31056417417	10453.5382639999	0	3400.02722956827	239763.738361464	0	0	17525.5949015019	0	0	0	33726.2094947538	0	0	0	0	0	0	0	0	0	35819.8020191426	0	51109.6214393829	13251.8637050627	1360.01089182731	0	0	0	0	1030.31128168735	0	0	0	0	0	145372.800600959	0	0	0	0	0	1283.76785698244	0	500.731282900054	576090.310665231	115891.473586757	0
GBM-BM-318-Or	13257.4919133769	29493.2587154955	151683.586402049	1729.99326741069	36626.2965516735	0	8065.19618976939	5478.31201346719	76514.5683605732	9291.4765580344	48351.8064752349	0	27662.5228682557	0	5706.43026894236	19352.9969733835	2068.11778821653	17547.7362612728	4993.12648532457	13122.010512917	1073.42955748977	174.852063841375	114745.798425387	124491.195572996	0	11273.9052553618	8265.52338873998	77134.077328488	45637.5466232866	7793.07542816195	4257.82144864064	5273.35297174585	0	6586.4803915877	0	3033.85700175101	257.067272667452	298305.7266382	32485.4291324897	8493.64164421515	9343.58478898051	5638.11058836858	103843.598550774	550.031326653333	0	6623.53513359382	0	299.911818112028	4458.14864761122	304.543660862793	0	644.984103044013	626.456732040954	0	0	0	0	0	0	0	3077.85950788328	0	2261.49722306097	177325.467870284	1208.91095794964	1772.83781285527	26.6330958168982	0	0	0	1549.35140013086	1665.14746889998	1296.91597021417	0	14100.4872940161	87150.4372770171	28379.3005339366	26516.1417874414	0	0	36976.0006793562	0	48092.423281192	0	7611.27560019443	2275.39275131326	658.879631296308
GBM-BM-435-Or-PreOp	0	0	0	0	6576.08043665002	0	0	2228.15912230816	0	0	0	0	941.629899353816	0	3797.17731506864	0	2702.25882744793	0	850.751664881297	0	489.42856396646	0	146951.200060552	0	0	0	3285.85038134977	0	0	0	0	0	326.285709310973	330.665383261456	0	13896.7054448821	20349.060092431	90960.353359091	53690.4229589694	146146.43497215	89163.5921209054	2818.32018713572	1324.85137002107	34773.5162483463	26920.7608551305	4392.81297233431	4564.71517489077	1775.9577869208	0	13821.1560692363	8198.74963530392	0	0	0	0	0	0	0	0	0	2283.99996517681	9171.03725231112	16328.5194058877	107000.909202734	0	0	0	0	0	175.186958019315	11488.9796906042	2726.34703417558	0	684.324054762948	12927.7025833378	275257.03319541	0	0	10610.8550635324	124.820707588762	7775.0161805947	0	0	2078.15528950412	190210.334587958	129802.586707436	1983.99229956874
GBM-BM-287-Or	1560.90578056272	34942.5094039459	5927.81195269516	5149.17406913538	205199.214922185	52372.0189513224	79575.3396944317	9860.93151836889	106019.987627919	3671.75859776556	0	0	27450.1616572448	2274.20342214545	3867.77932369669	7808.15891625676	4397.76128639938	77664.1376166031	0	11478.1025073007	6310.7783709495	1324.95490675673	55161.6842823978	0	0	2419.40395987221	0	0	0	0	6051.23240976291	0	0	0	0	7198.31665780435	20237.3249456678	419791.08962857	9637.68569161399	36136.7838267485	2413.95893970746	199.650739374301	0	22172.1221108769	0	2357.69373133834	30149.076652241	0	1009.14373720101	25646.0449759898	491.866821549415	2951.20092929649	2818.70543862081	0	2321.39359690665	2971.16600323392	3709.87373891883	3103.66149390959	7312.66208126417	5049.34869944823	46769.0932017908	0	40732.3808458006	26693.3038543441	15926.6839819045	2885.86068731944	0	7098.4912881172	366.63135776008	11229.4465864436	0	3535.63309364671	0	4622.82211987586	5258.07447243046	3335.98235427241	0	12225.8852765936	1669.80618385779	9151.26389022933	0	2344.98868428725	0	715.112648304315	108435.761574348	16776.107127606	0
GBM-BM-458-Or-PreOp	1133.64951080684	19272.0416837163	0	644.598384633192	96547.3924075752	0	22096.9380809943	272.866800856995	24307.5546270676	827.827782310112	12859.0127650241	0	27178.5879230412	1568.65455565133	15631.1812780785	2259.38983898015	672.280523850568	1348.5156390179	2036.61452813555	0	0	276.821392173763	28835.561684767	12099.7312322046	547.05179881958	32123.1452661069	2983.0800499487	48464.834784098	26872.7661945445	1605.56407460783	18570.7608235428	0	3153.12747656972	5380.88058501573	0	137379.865950311	19550.1812729956	269614.808597506	53580.7577508903	28976.6087750651	72395.3850389671	5931.88697515207	0	93823.9971874276	771.14530676977	5069.78606809664	12095.7766408879	0	0	62072.5835050969	18913.492070996	1678.06491541524	0	0	0	1874.47628414806	6440.71105790956	2414.93709743969	1464.51698430977	2494.02892377505	52656.7015798722	32518.6043977837	12919.6498318812	50562.0863790907	3062.17187628406	25.0457450061976	0	0	151.592667142775	960.965689974636	10912.0356400686	4789.01008460611	0	0	9052.05952408207	54079.0362568031	6612.07668163618	3296.81096107896	9376.33601205705	13684.204153123	0	1718.92902568851	8122.73056464157	0	90502.1404813424	81786.2212191856	11751.7271963291
GBM-BM-327-Or	8203.09205269123	0	0	0	63565.9000806512	27211.0432311422	21738.7314948121	0	0	0	0	0	0	0	0	0	0	0	0	2273.85841303302	0	0	6684.49866810061	0	0	13344.8073530839	0	38846.4251105984	0	0	0	0	0	0	0	35559.2751825376	35814.613893221	509857.649716665	0	19064.3944723915	48.3799662347451	0	1179.93362094739	0	2593.70374536272	2198.60068777897	7544.58695671831	29484.9016441752	38972.7505779891	0	0	0	0	0	0	4746.61224280888	0	0	0	0	7786.48678789203	0	72535.0082653926	178503.260974896	4085.41937093403	0	0	0	0	9219.07134362087	0	0	0	11662.2596384755	0	38666.344125169	0	0	28544.1800784996	0	5781.40596505204	499.926317759033	2795.28693800749	0	62020.4289370413	32532.8395169642	843.961633206109
GBM-BM-386-Or-PreOp	0	0	0	0	5794.89290262751	0	0	0	0	0	84.245587369455	0	3249.47265567898	0	8827.73404792789	0	370.078830230106	0	0	0	0	0	6005.50687105115	0	0	0	0	0	0	0	0	0	0	0	2626.65706334051	28279.4384173395	15425.9688015427	451613.514948851	38289.6194594173	8442.61136281038	69662.0744416068	0	87.2543583469355	34937.848590504	15025.8022615378	27361.763269208	4004.67417102659	9916.90914177584	2728.95527657485	616572.392560199	11114.3999908131	0	0	0	0	0	0	0	0	0	3619.55148590908	0	5797.90167360499	2094.10460032645	0	0	1323.85923009144	2933.55170304352	0	0	0	0	2018.88532588944	0	0	38593.5053281428	0	0	15410.9249466553	0	0	0	0	0	219113.74643502	126287.14423779	1591.6398470872
GBM-BM-322-Or	1731.79151837809	0	0	0	3040.86227242767	0	0	0	0	0	0	0	0	0	4345.38764191457	0	2281.78305046142	2249.96535852271	19299.7028531059	11136.1921785468	5931.72685428716	3472.67380588152	48058.3509811326	62158.1338945416	11813.4544783849	198342.400776762	11668.0021723794	767256.368794496	78953.3298536152	12436.172163471	0	0	0	0	0	0	34408.5611394282	37003.975724714	0	2418.14458734158	0	0	0	0	0	6713.53299906676	3772.66918701788	48326.5286703303	0	631.808454211429	0	0	0	0	0	0	0	0	0	0	0	3286.31303881196	0	0	0	0	0	0	0	0	0	0	28490.470438829	0	8149.87452087116	5931.72685428716	0	0	0	0	0	0	0	0	39003.9449322897	2290.87381958676	84766.8767092729
GBM-BM-394-Or	91.3989278285871	0	0	0	0	0	0	0	501.265994809907	0	3493.15277294881	0	3007.59596885944	0	19183.778086272	0	5046.9345460348	0	1299.57850506272	0	0	688.348175209047	91367.509447146	70708.4955413907	536.968700992949	25565.9938435526	0	61735.6914234686	10956.4464734519	0	0	0	0	0	0	0	85597.9521279665	190196.884486548	4594.22423163382	495.553561820621	0	0	0	0	72963.4784639116	1899.38396893783	21951.4518695814	10889.3253858278	8180.20404065855	111962.258481772	17952.7487770808	445.569773164362	0	1616.61853596813	1816.55369059317	0	0	0	0	0	0	17844.2125502843	0	23826.5579983148	0	0	0	74.261628860727	0	0	0	0	0	0	0	0	0	0	0	202.791371119678	0	0	0	0	238923.937885163	281.33732472237	431.288690691145
GBM-BM-404-Or	13810.4802185852	9638.65485362553	168.611275167119	0	87632.668312115	6483.7119213748	159488.883702408	10806.7659558142	0	5715.40074999473	7803.05169304329	1639.1797163154	50265.2808660576	733.545960005406	6050.88503976023	0	46.9330353557961	0	0	0	0	0	578.840769388152	0	0	761.358129105137	0	0	0	0	344.175592609171	0	0	959.51983394072	0	48024.6629929605	3424.37332040438	86078.6633636675	4110.98624505399	2207.59092229115	45452.0373512354	0	650.109452706213	30012.8069797472	1472.30670171701	10043.6695661404	5280.83560781143	2016.3822597305	0	285.074733272243	239.87995848518	0	0	0	0	236.403437347714	0	1750.42839271432	0	978.640700196785	27966.8742903483	0	30737.661636909	61068.5703007344	10518.2147014045	0	0	0	0	6765.31013350957	4317.83925273324	0	8903.37063305139	709.210312043141	6280.33543483301	283743.225676593	0	0	0	0	8717.37675219694	24728.4948507983	0	1779.97882238279	42331.8596303594	57616.3848112303	0
GBM-BM-292-Or	0	4541.63198881547	0	0	81919.1177417427	70745.1298312478	0	0	15765.3004680121	0	0	0	0	0	0	0	5767.08601679121	13107.3900424702	0	2264.60592332002	0	0	0	0	0	0	0	0	12358.0414645526	0	31969.4459595561	803.169194011123	69875.7198789677	5340.66113543479	14639.2075774398	10623.3616073842	0	49763.3696495551	15057.3523640127	0	0	0	0	0	154357.526956241	0	9977.51421426189	0	0	44621.4307889272	153417.7361983	0	0	5733.96563765673	2777.97179990445	91.0810426198181	22389.376294908	5725.68554287311	1908.56184762437	2045.1834115541	26318.2812697356	17756.6632634727	70442.9063716457	7178.84217739839	4417.43056706118	0	0	662.407582689586	0	0	819.729383578363	0	0	0	0	1192.33364884125	0	23950.1741616203	4268.38886095602	0	0	0	0	0	636635.787675569	40021.8381366264	0
GBM-BM-384-Or-PreOp	5328.97671173337	17437.1867262325	2401.17742259363	3626.32363025788	204709.925413583	0	44147.5569418792	0	39047.7835295752	1076.4369241059	4981.07884652804	688.974203641923	15060.5668000063	0	0	836.319181846532	242.846352966856	851.326540737742	0	84.5869319322757	0	0	53327.9676672386	0	597.565744940915	0	3274.33284899132	0	0	0	5764.19011957846	87.3155426397685	5492.69335418293	3157.00258856913	0	79483.0656039105	5597.7448664214	33796.5722230054	47129.9284451688	20854.7716373672	20017.0881501669	5432.66391861809	3732.7394478501	23707.5341320509	0	0	1653.53808874062	472.049652396248	0	9159.94614505321	9754.78327928663	2594.90878282562	1865.0054185713	68.2152676873191	3609.95196601293	0	590.744218172183	311.061620654175	7672.85330946965	6477.72181958782	97240.8640882734	27003.6958667021	105241.150682642	112369.646155967	18495.8876807397	285.139818932994	0	4255.26839833497	283.775513579248	11823.0701955661	920.906113778808	5799.66205877587	0	12162.782228649	0	39710.8359314959	6035.686884974	4629.08806526148	41536.2764948086	17719.597934458	321.976063484146	0	0	0	45128.4924912228	17760.5270950704	1511.65033195099
GBM-BM-351-Or	0	0	0	0	1419.59391335218	0	0	0	0	0	0	0	0	0	0	0	0	0	0	0	0	0	12896.4647051456	37815.7978610661	0	315182.608623722	0	0	29057.9954110011	0	0	0	0	0	0	0	0	419855.819827086	2085.71105730974	0	0	0	0	0	0	2031.11129141158	0	1397.75400699291	720837.029340697	0	0	0	0	0	0	0	0	0	0	0	0	9855.25774461801	0	0	0	0	0	0	0	0	0	0	87790.9635876526	0	0	0	0	0	0	0	0	0	0	0	0	31858.9634015768	120862.041792169
GBM-BM-304-Or	0	1297.09655789655	3690.75613138818	0	7135.37242991802	0	7118.60541133094	0	0	0	0	0	0	0	2544.56274077535	262.906851445424	2635.10464114559	1560.67409008546	1016.75200712057	0	87.1884966528191	291.746123415202	75198.066320826	18259.9539220743	3283.65292009386	86208.6320865901	714.274991809633	24686.4168061305	20024.5149581786	2737.71879489852	0	0	0	1694.13955803862	0	12441.1277916138	647.877598204794	51862.4005320707	45390.3313574576	64155.9785601182	39728.4445209723	2429.20565289624	57.007863196074	9443.18486824379	16074.8760598059	13016.5718695224	211.264434197216	18213.6769507739	7083.05933192633	74106.8687511788	1289.71906971824	417.163422446565	0	0	0	0	0	0	0	0	4637.08666044301	248.822555832276	2950.99527132619	26079.4207103452	0	0	698.849334709519	484.231496794888	0	0	8565.26377502425	3492.23463131715	0	268.942978136773	7905.98460418024	40948.4127933682	775.97762021009	480.878093077472	132.124106466195	5084.43071634632	3368.15869377275	0	0	0	41586.9008611643	38228.1316978003	37029.6252091958
GBM-BM-452-Or-PreOp	8495.9214035413	3153.82147964456	0	741.571343497803	14332.0450114734	14853.9312026345	1532.4378919102	4935.95030079607	8169.07276225976	24296.1062135581	13404.0091972117	0	952.683416718998	7514.30384480722	29793.5931964247	443.656844231345	1122.00172925173	2030.74811550338	0	410.436162658466	1422.05949829709	1531.36625702075	107691.804945267	25.7192373467446	796.224722859635	52488.676885148	0	55.72501425128	136978.514838983	7161.73596617893	489.737144477595	399.719813763989	5730.03175387681	18227.4378346158	687.989599025418	3164.53782853903	68297.4347742803	13038.5816999101	5838.26687771103	9587.9173558885	60868.8617206289	13322.5649456137	1670.67879264895	5136.34602512279	8695.24549297857	0	5446.04850817317	0	0	17949.8843982488	19750.231012521	4608.03002462508	0	641.909298779167	594.757363643469	0	1334.18543736238	98.5904098291877	1159.5089503824	275.410166588057	2643.72327226746	30628.3967753045	687.989599025418	65360.0835423042	0	2748.74349143333	231.473136120701	3322.06815728785	0	177.891391648317	1854.99999363395	13115.7394119503	0	958.041591166237	14917.1576611119	21787.408937361	9232.13457259187	11637.9548994019	8262.30499764171	13096.4499839402	0	0	73.9428073718908	0	45055.8172919388	94353.1654763115	53875.3724320933
GBM-BM-281-Or	312.693392166273	5264.24479998605	0	0	35394.4866594362	51553.1754139626	34942.6275268003	0	8061.30437386897	0	0	0	0	56.6971535246539	618.514402087134	0	0	0	0	0	0	0	9748.47421511777	0	0	124146.149072256	0	29034.0968913069	5430.9000694373	0	2943.09769659794	0	0	0	0	205106.248114339	10356.6800438368	304.102914359507	9602.43609240275	17414.6166098755	0	0	0	48860.9196693222	0	0	7401.55567830936	4040.96076030261	0	0	728.472518013735	587.588681982777	1580.6479164449	0	0	4264.31318327851	11746.6193529715	1022.26685900512	0	0	23079.1776756568	0	133855.107089462	6241.84117439599	15218.8904824662	0	630.541071016606	2175.10898067309	0	22381.6308777475	0	0	0	34937.4732401163	3666.41592792762	64428.5835507431	0	0	59160.9025596343	2683.66526683362	0	2094.35848928949	61.8514402087133	0	84738.1911814986	55418.8904270072	1901.93178641794
GBM-BM-357-Or	2298.32483191109	0	0	0	0	4224.50711232832	1040.6208384365	0	0	0	3845.4730321031	0	0	0	0	0	2287.98753881403	62123.685748913	7387.71880002604	8545.49562689579	0	0	130263.67608031	0	0	398864.454149727	24147.916674712	0	103848.446452978	0	0	0	0	0	0	3797.23233098353	0	3559.47458975135	0	33640.9975021708	2670.46738340493	0	0	0	0	0	1640.18383806548	0	0	0	0	0	0	0	0	0	0	0	0	0	0	0	2129.48237799258	75855.0567461629	0	0	516.864654852568	0	0	0	0	0	0	0	0	11315.8901769056	0	0	0	0	0	0	0	0	81213.2203348012	15406.0124789722	0
GBM-BM-332-Or	1507.50967879597	761.773507902217	0	8229.82677484535	47486.5548820729	0	0	0	40264.4074492596	1189.43582812802	37372.3410087326	908.782430479838	23823.4641260788	374.20453019758	103323.216566555	12808.4864907629	4878.0233400756	24807.0874625982	1844.29375597379	9935.13027674575	0	22944.0834801145	302362.606178648	0	3180.73850667943	2587.35703736613	0	0	165729.840645505	1010.35223153347	9654.47687909757	0	0	486.465889256854	2189.09650165584	4129.61427968044	32561.1399061923	48398.0102020542	0	8932.79671371652	0	0	0	0	44391.3488394387	0	16665.4660412994	0	0	5973.90803565423	9363.13192344374	27744.5930246492	85.5324640451612	11151.2949998879	6837.25134461007	61.4764585324596	15713.917378797	20877.9398955236	8569.28374152459	0	3592.36348989677	159272.139610096	2488.46012581391	12517.1415351091	192.448044101613	0	229.868497121371	5556.93727343407	0	1748.06973392298	852.6517509502	0	20471.660691309	31687.1050392308	0	1285.65985017883	0	0	31430.5076470953	6599.36417898447	0	3228.85051770483	0	0	274754.33051857	75771.0715860072	8090.83652077197
GBM-BM-396-Or	0	0	0	10523.2829803365	0	0	0	0	0	0	0	0	0	0	0	0	1144.86675039737	0	0	0	0	0	44210.8388119773	48550.0617545456	0	34173.9759017579	0	70631.7533522359	0	0	0	0	0	0	0	0	848.269146667484	333200.714006195	0	28437.7782456218	0	0	0	0	0	0	0	17721.7068228609	0	16303.970277032	0	0	0	0	0	0	0	0	0	0	0	602.093135571676	0	1821.10928690152	0	691.072416690643	0	0	0	0	0	0	30309.3091251574	0	0	1663.91255692468	0	0	0	0	0	0	0	0	27028.9396279048	81006.7375307074	110998.687219874
GBM-BM-444-Or	0	0	0	0	0	0	0	0	0	0	0	0	0	0	1540.77975895559	0	1597.98692822375	0	5556.72304157994	0	0	1044.98429196493	14507.7381264036	1407.29636399657	175.435319089003	428115.571935151	0	160698.752285527	0	0	0	0	0	0	0	0	232.642488357156	282466.118978433	0	0	0	0	0	0	4690.98787998856	0	91.531470829045	19370.3475141967	10903.68646251	5182.96953569468	0	0	0	0	0	0	0	0	0	0	0	4851.16795393939	0	0	0	335.615393039832	0	0	0	0	0	0	0	0	0	0	0	0	0	0	0	0	0	0	2848.91702955403	0	0
GBM-BM-294-Or	12295.995163346	6849.42755746962	3618.51092668686	11523.6990662833	42181.2508744001	0	46725.3601196639	52111.1853358837	11269.1595286747	26200.2174052195	45059.2831462254	4318.4946551107	0	245.862053372009	12753.0093331434	3410.25130500704	2927.20468249968	116882.820173053	8524.18201514483	28008.0266211902	7910.97312908758	40055.2672364186	23325.0776281398	0	2661.0951659088	0	2661.0951659088	0	9843.15961911702	0	448.336685560722	121.484779313228	0	3251.16409400163	0	3118.10933570618	9348.54301762745	0	21178.8465269394	2823.07487165977	11431.1392344256	0	16151.6906591682	13519.5204407149	0	5646.14974331955	575.606454365056	17169.8488096029	0	0	0	0	0	0	0	7653.54109673336	497.509096235124	0	0	0	1955.32644799386	0	7977.5005082353	92788.3389425962	0	9924.1494719925	4743.691382707	0	8529.96700463594	2042.10129036045	3346.61642060488	18297.9217603686	2449.94304948343	0	4280.89222341851	18543.7838137406	0	44674.5813450668	75.2048633843792	0	13990.9970842401	2021.85382714158	0	7422.14151708912	6285.39108208677	33093.0323838724	0
01-2020-032-OR	0	409.095435387975	0	0	0	0	16575.758424214	0	0	0	0	0	0	0	0	0	0	0	0	0	0	0	0	0	0	0	0	0	0	0	0	0	0	0	0	129925.999405854	0	1044.9184614729	6759.93240523624	12449.0698304961	98513.1381578248	0	20564.4389192467	21399.8808023583	0	0	0	0	0	0	0	1407.18972052129	0	0	0	0	0	0	0	0	47697.8168928709	0	4318.91415974353	97062.8209064644	4710.75858279587	0	0	0	0	4148.86846672082	0	0	0	0	0	8151.10332858872	0	0	4341.0940327465	900.749286953644	3237.0292432657	1403.49307502079	0	2389.2652084858	4235.12352839901	17153.6673374578	0
GBM-BM-436-Or-PreOp	14117.4574498024	21608.718502543	0	0	15929.1215907758	28638.6117389216	53767.2484956061	6294.09111545635	5858.57580604563	0	0	16328.8411213308	15066.0455894778	0	0	0	0	0	0	0	0	843.189457489255	80252.1475400445	9684.74683484121	0	0	8358.31436280033	0	0	0	1831.55068478208	0	0	11770.8452803748	0	189003.70101235	1578.99157841148	12037.3249674115	93458.8012834081	3454.29265957273	2485.81797608861	0	4732.9974264727	121463.032274832	0	2165.64462076839	1748.02720078551	0	0	344.037207890663	0	0	0	0	0	312.218737796729	0	0	0	618.471512450845	58331.2102997048	0	46932.2433885529	193002.884972281	7896.94654643828	0	0	260.513723894086	0	1680.4129518359	0	0	0	2453.99950599467	0	141494.747853344	0	0	0	13264.3247204088	0	1048.02085871896	0	2841.78711026449	58502.2345764597	180404.759469464	0
GBM-BM-312-Or	0	0	0	1301.96390218329	14370.9197384929	0	0	0	956.746200846813	0	11224.5069748832	8699.48607367927	0	0	20032.4900404111	15850.4241727921	0	384.671152917791	0	0	0	0	131330.676951292	432271.742250644	3176.00285229561	83167.8759334054	0	3412.72356178348	7811.78341309975	0	779.20566873091	0	11283.6871522552	101819.495168471	3205.59294098159	17181.9781636613	30073.393467855	935579.42407344	34748.6274802404	7861.10022757639	23267.6730700787	45045.9783429628	3314.0899328302	0	27794.9566390342	0	0	0	0	42797.1316028281	1962.80921617027	12408.1105223226	0	1232.920361916	0	18977.110210611	0	0	0	0	0	41495.1677006448	0	50549.7348385559	0	1765.54195826371	0	0	7900.5536791577	0	0	10405.847854571	23869.3382066937	0	0	3609.99081969004	0	325.490975545823	0	0	0	0	2495.43081251798	0	86551.009406503	0	0
GBM-BM-Kit-275-Or	895.632490002463	457.879531405753	0	0	0	0	0	0	0	0	0	798.354054758749	0	0	0	0	0	221.392300899485	0	0	0	0	0	0	0	0	0	0	0	0	0	0	0	4114.20692504876	0	43471.7200531345	0	101936.059634606	53157.633217487	18902.2062964939	144196.830890396	10814.6784560597	506.51874902761	13791.7340173975	0	4664.33324849597	0	0	0	6143.63634996071	414.271956986158	749.714837136893	0	0	0	0	0	0	0	0	1019.74635565823	0	0	105503.494665009	0	0	446.139030600478	0	0	0	0	1066.70835887934	0	0	0	12562.335861645	0	0	0	4682.78260690426	2696.96075641191	0	0	0	10021.3560445032	585.347825863033	0
GBM-BM-460-Or-PreOp	7535.1992193381	3650.90765727947	501.040970399999	352.523940085993	110088.656734077	28213.3395938267	4876.58117118957	10105.6862824651	0	4623.6126030723	0	1215.88118224104	37636.8267700143	306.826392297068	341.099553138762	73.4424875179152	0	1393.77520756221	0	0	0	0	13231.072140172	0	0	0	928.639453282083	3004.61376712182	0	1496.59469008729	1527.60374037264	189.318412268404	0	10618.1516398124	0	85137.7956413236	16351.5618320443	13280.0337985172	46609.8666894253	33018.1103327765	44426.176727226	2265.29272610814	0	36391.5685927661	0	3597.04983309967	7282.23065122083	0	0	507.569191512703	8001.9670288964	0	615.284839872312	0	205.638965050163	321.514889800651	1029.82688052899	200.742799215635	1832.79807739153	3195.5642346684	16098.593263927	0	53505.3002397185	49288.069400912	1230.56967974462	980.865222183712	0	0	2841.40823930423	8130.8993958723	0	4119.30752211595	0	3329.39276747882	530.417965407165	137164.453799015	2821.82357596612	15636.7216202032	42089.0735688781	3371.82620471139	997.18577496547	3819.00935093159	1041.25126747622	1785.46847432443	77682.5671306161	42585.2183734436	1886.65590157133
GBM-BM-430-Or	1000.49993210267	647.131870977044	0	0	62988.9212572722	0	3124.96574537599	0	0	0	4955.66774879789	1745.55307303018	0	0	0	0	2130.8519830527	966.44035994598	0	0	0	0	117448.048412554	0	364.011677424587	0	947.281850607844	42082.730122846	0	0	0	0	1798.77115452501	19152.1231683568	1217.62970460154	163496.589968394	38595.8814233052	176473.286960092	58588.8502792802	34072.3444962453	11007.6279763891	1319.8084210716	20914.7060274653	22249.4155113555	0	0	4764.08265541653	0	0	3067.49021736158	12027.2864178299	0	0	0	0	0	0	0	0	0	3542.1955042954	7512.26438380917	77385.4766632516	87071.1674953093	0	0	0	0	0	0	3559.22529037374	674.805273354352	0	0	0	35311.2614334448	0	0	1562.48287268799	1543.32436334986	4955.66774879789	823.815901539856	0	0	69181.3772200097	60457.8693013784	406.586142620445
GBM-BM-310-Or	5279.31426848068	6277.27099134401	0	0	401843.907072966	0	42955.2606699134	1287.48737702738	24252.8124562526	2094.47707267612	0	0	2981.54971522129	0	0	0	0	0	0	12369.7351821578	8568.87531791905	12308.1329153144	0	0	0	0	0	0	0	0	492.818134747321	0	0	2026.71457914836	0	17113.1097291007	0	0	0	0	0	0	16380.0427536641	268431.877770182	0	0	4207.43482540526	0	0	0	0	0	0	0	0	0	0	0	0	0	65366.1653475478	0	204470.244106664	36733.4317187285	8944.64914566388	0	0	0	0	12683.9067430592	0	0	31466.4379036165	0	0	880.912415860837	0	0	0	0	0	28349.3632013397	0	0	293577.923095664	122606.991698449	0
GBM-BM-299-Or	0	0	2683.86563248717	0	28495.885676737	0	0	0	0	534.466078675811	0	0	0	0	0	0	430.648926702812	2999.16216810887	4202.67211505512	21855.4330301677	8701.41536721843	1588.01791721662	51947.0267835267	0	338.367013837924	46179.4072294712	20002.1046134645	315085.056238053	14307.5415737604	0	857.45277370292	776.706099946143	0	0	0	7090.32697178558	78243.5268703172	0	0	37562.5836157122	0	0	0	2330.11829983843	0	69.2114346486662	3898.91081854153	0	0	0	0	0	0	0	0	0	0	0	0	0	11123.8155799217	0	21632.4184074109	54903.8930749058	0	1403.45409148684	0	0	7567.11685492084	0	0	1584.17283751392	0	0	15791.742339004	16487.7017651934	0	3995.03781110912	3545.16348589279	0	0	0	0	0	117124.972824057	58925.8464439339	48582.582043661
01-2020-116-Or	6394.98145116996	0	0	0	48336.8087069775	0	0	0	0	0	0	0	0	0	0	0	7947.83860033465	9287.77443826635	2096.17359851782	0	0	0	16497.730563466	0	0	0	0	0	119441.513487523	0	0	0	0	0	0	0	58564.3737603412	56901.3848984698	0	697.500847142533	0	0	0	0	0	0	9276.76126699568	0	0	0	0	0	9038.14255613113	0	0	0	0	0	0	0	0	0	4196.01825412587	92598.7440438065	0	0	0	0	0	0	0	0	0	0	0	994.856471450665	0	0	0	0	0	0	0	0	233827.981361808	87029.7504379369	0
01-2020-138-Or	5678.22367185792	881.922434099796	3402.18539000806	0	56900.9570462465	0	52871.2499242828	634.305750679469	4928.58960287309	3734.60230747644	0	1645.12454053231	4450.31628284205	1428.03594136929	7577.7489145344	0	1804.54898054266	4823.4373126535	0	0	0	0	94263.9401678205	3595.52992363763	5206.73437055072	97228.5563501406	0	0	10481.3089283399	0	651.26579748908	0	9490.84219465858	27427.7877005037	2262.47024440217	36983.0780730388	33089.051325552	84756.1379263523	183073.52928167	47498.3070949979	0	1692.61267159922	0	57457.2465816017	1251.65145454933	10030.1716832042	2859.46389210049	0	0	83558.7586215938	9226.26546442864	0	0	0	0	0	11373.4073905254	1963.97342055301	0	2198.02206652565	38733.3549037907	15986.5401227398	50225.4826219834	113740.857923978	5735.8878310106	5868.17619612557	5098.19007096921	2968.00819168201	0	3408.9694087319	3402.18539000806	7370.83634345714	0	70106.04949221	1071.87495836744	31718.6795433354	6020.81661741207	47905.3482184285	0	0	31420.1827194862	240.832664696483	0	820.866265585195	58610.5297646553	61917.7388925295	7265.68405323755
01-2020-087-or	11232.0779524329	0	113.67757640399	858.082350920438	34011.597456355	0	0	11756.4616113287	0	15922.1947337459	0	7521.0551356317	0	319.030617649907	9391.23461840702	9460.90797168688	5471.19174176621	32643.7995209134	322.697636243584	0	0	766.406886078511	6996.67147673588	94084.696057973	1591.48606965586	7664.06886078511	0	30883.6305959484	22797.8545968904	0	0	1041.43328060429	0	185411.794133501	15621.4992090644	0	0	78701.5530574976	17234.9873902823	3091.29667446978	42258.7222735347	0	5089.8218080238	0	7121.3501089209	7583.39445172422	0	24561.6905404491	4873.46771099685	2471.57053213836	0	16105.5456634298	0	0	0	0	0	0	0	0	0	14294.0384781533	0	59083.0035813252	465.71136139699	2530.24282963719	1514.47867918864	0	4756.12311599918	0	0	0	6904.99601189395	0	0	4088.72573194995	0	9229.88580028523	0	0	113.67757640399	0	0	0	0	2156.20693308213	15126.451698918
GBM-BM-459-Or-PreOp	0	2444.46275429088	0	0	53371.1162784766	3757.0374872661	12683.3764149995	0	0	15256.6044120822	0	0	2411.23301421556	0	0	0	0	0	0	0	0	0	2517.15281070564	0	0	0	0	0	0	0	0	0	0	15098.7631467245	0	62203.9965622482	3460.04668534291	12550.4574546982	47489.4522851446	2990.67660677898	18014.672838334	936.66329837314	1453.80112829534	92044.3031498873	0	5090.3808077884	5005.22959884538	0	0	0	1069.58225867443	857.74266569425	0	0	0	0	0	0	0	0	21678.2516816382	0	30774.8930272576	51672.2458171258	2907.60225659068	0	0	139.149536565411	0	3358.28060636223	0	363.450282073835	0	12346.9252967368	0	13628.3471483915	0	1717.56219014321	0	764.284021732407	0	2932.52456164717	0	0	108964.47142449	73448.1098602352	0
GBM-BM-356-Or	0	0	0	0	22630.0222136749	10834.2697022982	0	0	0	0	0	0	0	0	0	1149.08921084981	0	7996.72287550584	0	6800.73206421318	21387.1298019394	5299.880850042	102104.784164083	0	0	918872.705076086	0	471900.45285573	38834.5251666794	0	0	0	0	0	0	16626.6173569902	2790.64522634955	0	0	39444.2459724364	0	0	0	23310.0954200962	15055.4137421547	0	0	64747.6594113538	8723.69768237001	0	0	0	0	0	0	0	0	0	0	0	8817.50088325571	6472.42086111323	76238.5515198519	13108.9973237764	0	0	0	0	2134.02282014965	0	0	0	0	0	0	3728.67723520654	0	0	2321.62922192105	0	0	0	0	0	235188.075420669	0	0
01-2020-117-Or	0	0	0	0	27703.5799770346	0	0	0	0	0	0	0	0	0	0	0	2762.77520180352	0	30472.9489144033	761.576457776388	0	214.296405867815	100106.093350313	16441.4796317353	0	29401.4668850642	0	0	0	0	0	0	0	0	0	30687.2453202711	0	270.343158171705	40086.6153684117	43775.8104171207	0	0	0	32543.3818818646	0	0	4846.3956403952	0	0	0	0	0	0	0	0	0	0	0	0	0	4309.00619183437	10942.3041703889	1467.10616324889	0	0	0	0	0	0	0	0	0	0	0	0	0	0	0	0	0	0	0	5832.15910738715	0	114668.358345976	125290.866341455	0
GBM-BM-316-Or	0	5050.01850804197	0	0	389314.625921983	0	48794.2504166293	0	0	0	0	0	0	0	0	0	0	0	0	0	0	0	22843.7078820154	0	0	8936.38621892886	0	0	0	0	2101.3499832121	0	0	0	0	0	17070.6442184596	235814.398922506	0	0	0	0	0	134237.852153366	0	0	34920.8214952075	0	0	0	0	0	7987.38945231695	0	0	0	0	0	0	0	81545.9364452952	0	115416.082948897	196453.628269221	0	0	0	0	0	0	0	0	71299.0308819975	0	0	0	0	0	0	0	0	0	0	1287.92418325903	298617.649227216	0	0
GBM-BM-346-Or	0	0	0	2343.91349675203	268413.609218967	3433.00461645499	12516.6559119486	7008.0645963495	15633.9819429824	0	38173.4329420524	276.218762243505	0	86.8116109908159	0	0	883.900039179217	0	5161.34487163578	3551.38408598792	0	4522.09573615796	49245.8593256992	0	0	28829.3468135864	0	0	18917.0392313623	0	3472.46443963264	0	0	0	0	14158.1845561385	0	7102.76817197585	0	0	0	0	0	189.407151252689	0	0	13061.2014718	0	0	0	0	0	3196.24567738913	11175.0219239087	17662.2168543133	0	5666.43060830962	0	2115.0465223217	0	0	31015.4210176279	19587.8562253823	11995.7862460037	0	0	0	0	0	0	0	0	159133.574910801	0	0	8491.7539478289	0	0	0	23573.2983663243	0	0	4664.15109959747	0	41519.6259475166	60168.338381271	0
GBM-BM-339-Or	0	4406.54881129117	0	0	0	60910.6464557655	14706.6861256095	0	0	0	0	0	0	0	0	0	0	0	0	0	0	0	23881.3117466415	0	0	0	0	0	20688.9513075017	0	0	0	0	0	0	36568.898107325	9655.52607179976	14696.4542011251	0	0	0	0	0	1336.9714659645	0	0	7837.65415506742	0	0	0	0	0	535.470714684763	0	0	1514.32482369449	0	0	0	2005.45719894675	7322.6472893515	0	102343.119334686	0	2097.54451930655	0	0	0	0	576.398412622451	0	0	1930.42308606099	29290.589157406	0	0	0	0	0	35017.0562271876	0	351.296073965163	0	0	113148.031590236	0	0
GBM-BM-428-Or	4859.24976037713	29850.5185279894	11565.0144296976	359.28998228243	29385.2085509351	0	59633.3020593191	34777.5032850264	0	5607.27972348973	0	3422.08983124741	0	0	0	0	0	0	0	0	0	0	0	0	0	0	0	0	0	0	0	0	0	2182.24489238755	0	2120.39989543729	0	4449.89478056354	8885.06456185321	0	0	120.744994045735	4402.77478288716	67.7349966598024	0	0	0	0	0	0	0	812.819959917629	0	0	0	7698.22962037928	0	0	0	0	24590.748787363	0	0	80645.8760231317	8284.28459147931	0	809.874960062855	0	912.949954979945	12851.9793662338	0	3707.75481716049	674.40496674325	0	0	51192.9324755367	0	0	0	0	18291.3940980014	259.159987220113	0	45762.3527433334	0	13249.5543466283	0
GBM-BM-272-Or	1180.51853996968	0	0	0	0	0	0	0	0	0	0	0	0	0	0	0	0	0	0	0	0	0	0	0	0	109404.200113817	0	0	0	0	0	0	0	0	0	49894.6872073933	0	0	0	137352.620969726	0	0	0	0	0	0	0	0	0	0	0	0	0	0	0	0	0	0	0	0	0	0	0	0	0	0	0	0	0	0	0	0	42840.022197454	0	0	0	0	0	0	0	0	0	0	0	11478.0537560908	25189.1365576664	3470.44004521208
GBM-BM-379-Or	0	0	0	0	0	0	0	0	0	0	0	0	0	407.931873342142	9574.40102726557	14541.5714850199	0	0	0	0	0	0	2831.52712084546	0	0	21236.4534063409	0	26335.6018231177	58742.1897612685	0	0	0	29083.1429700398	77123.1200542144	5411.09631992077	29707.0387763278	5423.09431619554	49335.7606818497	8962.50321725236	28195.2912457069	0	4751.20652480848	0	0	12033.9902635932	0	0	0	0	19220.7900321798	383.935880792604	17433.0885872392	0	1715.71346729195	4259.28867754295	0	0	0	0	0	0	4235.29268499342	0	0	0	0	0	0	0	0	0	5459.08830501984	0	0	0	87153.4449399212	0	0	3635.39287125497	0	0	0	0	0	12309.9441779129	431.92786589168	9670.38499746372
GBM-BM-378-Or	0	0	0	0	0	0	0	0	0	0	0	0	0	0	0	0	0	0	0	0	0	0	0	0	0	0	0	0	0	0	0	0	0	0	0	0	0	0	0	0	0	0	0	0	0	0	11228.7048832557	0	0	0	0	0	0	0	0	0	0	0	0	0	0	0	0	0	0	0	0	0	0	0	0	0	0	0	0	0	0	0	0	0	0	308.804089246161	0	0	0	0	0
01-2020-64-OR	3698.17882887794	17258.9485687153	24622.5168005027	1557.49773350464	114464.372903317	0	66.7499028644846	17729.7110415491	0	0	0	0	0	0	0	0	2885.46948522965	183869.048220324	464643.731737823	49280.1651288288	0	58347.6124600517	85494.9150601303	0	12022.0088211719	3744319.40647028	0	974478.318765829	22793.3352518303	0	412.209926461379	9959.78813793758	0	0	0	8998.35532650351	15808.0164696084	0	0	118564.222200309	151.065569640676	0	0	6655.08242068186	0	27837.051596345	518.775560859065	0	515579.762878062	0	0	0	17098.5145916551	22130.5204268953	1265.90605257031	0	0	0	0	0	2374.89128086272	316.183750410717	38601.3517214387	644301.680823047	1092.59051530814	0	0	0	0	233.039134561973	1299.86652946628	0	14611.2024217575	0	18182.9077504711	273587.943975756	4125.61241739613	0	0	0	3141.92963834057	0	9996.09071668844	5724.09693336142	9685.76222091495	271968.380543097	71763.1718848857
01-2020-90-OR	6431.45767300431	5360.685780416	7471.19115332615	850.409831617357	160347.850927377	7142.14131881724	22913.3878925583	0	162.338362438432	2418.22296531152	261.213304606912	1097.97050127544	0	1024.80091084655	323.076806718798	222.388623971176	380.460537988099	5461.16064074254	8397.65042805691	9275.36552957193	13042.2128409226	3412.19878631266	21838.456212759	0	1353.31743930278	74169.4326164666	10257.2886337823	53969.2925975672	4232.10351171623	532.452763004371	4505.15621069283	1287.50747240099	0	432.724531151589	0	211366.041151786	9872.56164737271	3669.57228734022	1125.16910996256	13268.6545908942	1034.08043616334	0	143.246005752177	32062.5732100641	0	8543.88294770415	11515.9975793381	4621.95023623165	14563.6283480328	110.607675327631	55.3571682690842	0	15605.9216974075	635.380831173284	0	2853.1873818844	2387.71785909772	1165.38038633529	0	0	95028.312271647	1947.31372078742	284853.801971706	178300.425917825	2619.17268596461	60.3702451643577	196.896594652658	323.396790350411	514.427018423494	11116.2313622427	6400.95256679052	4233.06346261107	3198.98302644773	15060.6695891387	34789.0470738296	26637.8907033254	14131.1171393023	2882.3058923612	94274.4308355663	33996.0209734816	3703.06390744907	3944.11824326435	4465.58490158333	1378.70280741076	423653.528501407	28174.1321187004	61488.6946180564
01-2020-21-OR	0	3813.51768155694	0	18985.5505437095	123920.146968089	7311.66902848708	2957.62481393241	0	134118.767499033	0	126453.731913166	0	7.10284537447744	0	621523.830225587	1457.14872857405	1307.6338334413	8299.67482007689	980.902946215335	0	0	10275.6864032565	90982.1221130252	0	0	14990.5551628346	0	0	338500.65715374	2052.36717095526	12132.3701841449	0	20844.3651782102	0	10420.9395911646	13381.4055432468	26473.0149952149	13333.4613369691	65.3461774451925	114.710952797811	0	0	0	838.846038725786	64338.2836865541	513.535720574719	41946.563643514	214.861072577943	4812.88802574592	5129.31978717889	29359.6113554025	2389.39718397421	98.7295507052365	52411.8960182691	39258.491811543	0	28327.5679224909	25699.1599916656	33086.8294656596	2874.52152305102	1963.22646150557	933671.510470941	9898.88045614049	1793.11331478683	1025.65087207454	0	0	11977.1730127126	0	3294.65482695136	112.935241454191	0	0	12360.7266629344	0	0	0	0	50223.5093583926	1415.59708313335	0	4616.13920887289	0	0	162793.664560336	196.038532335577	3322.35592391182
01-2020-14-OR	5247.01736585762	30669.9134821429	0	3734.46616637983	104089.774195892	66567.8900544608	0	5674.43628250203	6740.14043276066	2579.67692041261	8733.18252079436	2414.30086508124	147.369493432829	1520.60676664292	165.849912223441	22.7451308192148	252.565723471698	132.679929778753	308.006979843534	2233.28753231166	991.308618204112	1431.52167093433	43451.2554318654	0	2548.40236553619	12718.3189830776	37.4346944732911	46.9118323146306	40046.5936623642	538.775286280151	4389.33639121639	118.938079908811	84.8203836799886	63.9706804290417	0	810063.095557415	79598.4807294105	4948.96138074749	158.26820195037	3049.26910045099	8076.41686838953	39.8039789336259	3233.12557457297	16986.8218668169	90120.9468746498	2694.35028829282	38888.4874181525	362.974379323303	5972.96612450423	0	22940.3598587464	613.170818334666	18651.0072717562	3223.17457983957	37.4346944732911	884.216960596976	20.8497032509469	1664.65926183128	8804.2610546044	8660.20855941604	73103.7981667406	153575.123291338	212617.692042884	48883.5508425212	8411.43369108088	0	0	424.101918399943	96.666805981663	13068.4992263151	0	158.26820195037	0	10724.8030381519	2501.96439011363	1202.64879206598	0	1669.87168764402	1769.38163497809	27661.3960744097	600.850539140925	45137.7121107318	0	313.693262548338	176480.891596964	601.798252925059	3407.97876774569
01-2020-27-OR	0	4599.76124090261	0	9780.35424183579	127147.091885345	10481.6153392672	6153.97466606085	0	11548.4274342958	0	33359.9922063794	0	6606.56161546693	0	207829.063963377	13705.8532928069	5470.12075899123	14191.478379022	46.8928393419173	0	0	12354.4869226807	83865.7116703217	337.486343748647	0	574.79253072138	0	202.136557466295	440875.107531653	0	15758.1255115816	0	17807.910988876	1134.30936377835	7729.1477694098	93994.9202169587	44344.6398222235	7975.33517595487	834.834639799284	0	0	0	0	9524.9303669355	18635.2854042345	0	12471.3637722526	0	0	0	7680.47868615342	28784.3878827135	0	58948.5620381847	3975.94437814195	0	8622.24320960359	12972.2645561322	8215.83860197364	1305.53927713292	138962.666404377	187532.635250334	16565.6059950981	23.8016684538519	1202.16188131097	0	0	16733.6386694066	0	14716.5360801384	0	0	0	50035.3700753915	0	0	0	0	22069.4753884642	5401.55774389282	0	3372.73194478911	0	0	103647.02964817	0	0
01-2020-30-OR	0	4393.62564800974	0	114.058192224515	114320.135753426	0	2501.47396483271	1765.95041345333	30992.6032286416	0	2822.39815588267	0	3164.57273255622	0	0	0	2388.71681662596	17303.0180736643	27404.7575089708	11672.9669274336	6291.41518859711	4718.01928977376	90264.2655461955	0	17907.5698605881	46161.4754318236	6699.07564749841	431760.130923804	22806.8679501712	47.2712659789815	2330.16983582631	2265.55131627706	0	0	0	2978.95711935435	36412.3189253327	1627.60606623044	0	215734.782213251	0	0	0	0	0	372.098589082258	5025.06567796751	0	0	0	0	1290.20198428872	13.444121516958	114.491873563772	0	1739.06217041941	2857.09266302321	102.348796064584	2347.51708939658	0	11656.9207178811	27630.7054867236	155528.102928259	68100.1133408028	4947.0030369013	0	0	1261.14533455852	0	411.129909615362	153.523194096876	0	7162.24731782458	90.2057185653959	2765.15221910079	14792.4368007072	0	4724.09082852335	10474.2717057281	1222.98137670392	0	253.703583465176	1237.2928608994	0	129125.582994311	385060.456949963	17135.1833953719
01-2020-16-OR	0	0	0	0	4710.69381984908	0	77.2569634037485	106.971180097498	0	0	0	0	0	915.197874167482	0	0	0	0	0	380.341973679993	0	0	2153.29023640704	9865.11994232481	0	0	831.998067424984	0	0	0	0	0	0	0	0	89007.9456322366	14074.6339739393	1437805.57453381	104934.765780086	2725.78414470661	18383.195394533	2626.73675572745	0	32210.2108960244	0	3874.73385686493	0	0	0	90366.8758090308	0	0	0	0	0	0	0	0	0	0	2208.75677423537	0	9890.8722634594	42986.5668169575	0	0	2105.74748969704	0	495.236944895824	0	4429.39923514825	13230.7502198368	0	0	1505.5203124833	134203.26922343	0	0	0	0	633.903289466655	0	0	0	25465.0837065433	322044.661474636	0
01-2020-12-OR	11962.6427439119	0	0	0	16230.3963714697	0	0	0	0	0	0	0	0	0	0	0	0	0	0	0	0	0	0	0	0	0	0	0	37682.3246433226	0	0	0	0	0	0	0	0	11360986.4768269	0	0	0	0	0	0	0	0	0	41157.9573324322	0	0	0	0	0	0	0	0	0	0	0	0	0	0	0	0	0	0	0	0	0	0	0	0	0	0	0	0	0	0	0	0	0	0	0	0	0	0	0
01-2020-58-OR	347.480512917263	18050.5819835135	0	5642.87739726868	351393.349625219	0	0	2704.01678801929	27600.4065885193	2825.48773003486	13512.7220648228	719.255214237639	17538.9316519934	461.58957965916	57014.0430569437	505.760831301185	52.2693144430628	5496.37607932263	0	0	629.440335898855	4096.88358979781	19486.1476618793	0	0	13055.5496103278	0	9794.97505161903	143452.765395222	2814.44491712436	11049.4385982525	0	16656.2428066802	2411.75033965456	425.516390818173	2273.34708450955	0	1909.67044599021	2346.22964971889	6151.58297867934	3413.70156440116	1194.09616938941	270.917010071086	28270.3372384233	115540.215295099	565.392021017919	23621.3130031002	1130.04785450847	2234.32914555909	854.713719273182	20596.3184531489	1658.63049915804	15077.1205604778	15553.4338906843	13665.1128829878	329.075824733086	30580.4936993012	21244.8996647593	4436.26603991404	7931.68441985294	271268.17152164	225332.278376517	0	3297.38393507716	9931.16974418194	0	0	2143.77807969294	428.461140927642	39731.3046644741	609.563272659944	1169.06579345893	0	78791.2063039893	0	3131.74174141957	0	0	61224.299525956	0	0	0	0	0	233943.463884129	6333.42129793901	7918.43304436034
01-2020-42-OR	2725.87220071572	0	2338.82481299273	5144.09134965163	43637.1118927682	37636.2233343965	0	0	2189.96043309928	2520.77016619585	0	0	0	0	0	853.489111389144	1528.34096690614	51460.7620805021	1984.85839857941	28181.6811624966	47782.1578484682	1759.90778007374	71266.3408009936	36154.1957301239	0	1743.36729341891	0	280539.886055213	62513.1152632584	294.420662455945	0	0	0	0	0	0	0	1561524.49123306	0	0	0	0	0	0	0	0	4075.57591174971	28370.2427103616	11455.9410571341	0	0	0	0	0	0	0	0	0	0	0	0	0	198.485839857941	52833.6224728528	0	0	0	0	0	0	0	482.982210320989	0	0	0	0	0	0	0	0	0	0	9911.05960357317	0	59205.0179322927	7281.12222545545	0
01-2020-22-OR	34990.9878439453	5960.38443501699	2327.82510062772	8255.67119212081	28066.7216589663	21645.7329676724	15909.1163213157	0	7742.79222001871	15415.4403060474	3699.50297557368	19198.4228023012	610.760710407594	491.275645664099	5358.42507982487	0	519.279957713356	10033.8116533817	1553.57254939923	1097.76903233085	3626.95847197942	2922.85005474097	90950.2710117048	0	3869.12909427204	3467.20053943175	4291.0607291475	1116.70528143083	5366.95972730655	663.568841700477	5268.81128126726	516.346172641529	0	1852.81862672557	0	49939.9563235722	11889.8307729129	11017.9631911127	2643.07364198221	7248.58278928279	220.834003588423	0	0	40426.2247511052	760.383749070764	1626.6504684611	10990.2255867973	0	136.554359706851	0	1530.90239202602	67.2103489182156	3451.46478313741	0	0	366.456426244556	2247.27936501938	1187.11612315467	0	0	13451.1378465924	68499.3473956828	118737.216257912	12066.3912926901	7337.1297569052	396.594400164232	856.398533239643	3058.07087577881	14794.0112862877	965.21528863104	712.909772453929	941.745008056425	124.285803951938	7052.01918947039	543.016946021773	7695.05153566808	0	1209.25286506027	3351.7160906953	10904.6124042467	653.967363283589	2154.19836592233	309.114263477031	1023.09086686617	135640.885718577	38744.6324894808	3115.14633081253
01-2020-24-OR	0	0	0	3757.88811360689	224713.490008092	0	0	0	0	0	33037.3032327474	0	1298.82246856352	0	18170.1344903088	5261.23450290079	2451.41989099737	142577.065730472	13459.3942787197	984.390833421947	0	27561.9876165588	98561.4154069306	0	0	70666.837489371	0	10520.5575672901	387941.737416799	17525.0239926779	4031.22382075123	0	0	0	0	0	36127.1435865854	20705.6576758121	0	4965.91725287421	0	0	0	0	0	1510.9921433399	16342.7992733158	0	44288.9860306859	0	0	15146.2387651175	0	77216.3815490221	1725.07325662778	0	1126.79300252862	0	219.815428822376	0	0	179787.994953077	0	27691.0097160849	0	0	0	200.701043707387	0	0	0	48.7416820432226	0	0	0	0	0	0	5827.97602156022	0	0	0	0	0	8446.64678231375	9773.185109294	0
GBM-BM-308-OR	21296.4723239508	0	0	0	3686.76201127459	0	371.085849500841	0	0	3147.000775637	62294.2297486736	1407.23465005514	563.857719371407	4342.18636883451	83662.9915238259	0	1469.88550776307	9469.91810739158	14053.0693135643	0	0	1089.1610647687	32380.8548415084	0	0	0	0	0	4404.83722654245	9016.90421319575	0	0	0	0	0	0	8997.6270262087	1834952.0556272	5161.46681578442	7836.17651023853	0	0	0	0	4901.22479145916	0	14920.5427279819	103046.203039311	0	0	0	0	0	0	0	0	0	0	0	0	0	90622.0560261534	0	17233.8051664287	0	0	0	838.557633936965	0	0	0	0	221.687650351152	0	9571.12333907363	71961.7390226825	0	0	0	8631.36047345462	0	0	1224.1013736781	0	66564.1266663066	342801.396894082	54376.1251937401
GBM-BM-295-OR	0	0	0	0	30871.6234511399	18802.1200217935	0	0	0	0	2211.19492314565	0	0	0	0	0	377.55882522571	3306.73446519403	2693.97506031951	27266.2461446813	99.0318230100223	346.611380535078	91752.9840187857	2964.76520136254	0	259239.007312251	37876.5775568645	435972.127079278	6503.60550173631	0	60.3475171467323	1250.27676550153	0	0	0	75988.3556933777	2232.8581344291	4467.26364109273	0	81057.5471337033	0	0	0	0	0	4085.06269916342	13731.3812092334	0	0	0	0	0	1412.75085012735	0	0	0	0	0	0	0	4493.56896907976	11414.9649741396	88789.7661896577	226377.463167504	0	0	286.263863388346	0	702.506994477346	0	0	0	0	5607.67697794251	101408.586762263	66024.8258752288	95975.7628468224	51.0632837395428	11226.1855615267	1292.05581583388	0	0	1550.46697900066	0	157499.282891799	56853.55064116	10480.3521444825
01-2020-10-OR	4668.53260321653	0	0	141703.227384335	1031.85180832456	0	0	0	4827.68712378073	1254.66813711444	29125.2772632486	0	0	0	14907.47342618	0	5586.32367180341	102593.656531026	14347.7800288626	1384.64432890854	0	7657.98501448075	123135.199985179	68627.429267283	0	4639.35427444642	0	40610.9284972983	6896.69589111532	0	0	0	0	0	0	0	1445.65356179148	209850.540514583	22931.5138379585	0	0	0	0	0	1737.43684949251	0	2403.23326051942	512283.918216704	15735.0769331139	1066.33528778014	0	0	0	0	0	0	0	0	0	0	0	48409.5000049441	0	9191.17356258254	0	0	0	0	0	0	0	0	0	0	0	0	0	0	0	0	0	0	0	0	0	0	0
01-2020-44-OR	7713.82008986318	675.073910361391	0	10801.1825657823	106019.623846267	33564.7482007673	2936.93839806681	5848.19463650031	1799.58561430577	6517.76522694028	2696.62676149795	21373.0601348385	2920.42843830254	7412.97193415865	10243.5128137446	16955.7286779085	6934.18310099472	4652.13977357741	78301.2358420261	1755.55905493438	0	1111.67062412773	37508.7941444548	6611.32166560449	17012.5963170966	345558.961186158	893.372267244558	99470.6731397719	0	975.922066065924	486.126593059154	465.947753347264	1289.61130158711	4189.86090017776	1111.67062412773	135715.538142273	14725.0496697578	205185.779950387	61626.1764801102	124329.169224846	418.252314028253	12734.682298176	3032.32927670484	37694.0725818094	0	14710.3741499674	17463.8685506534	0	0	3494.60815010448	737.444869470867	0	1276.77022177046	0	0	0	0	0	0	0	30987.3600375669	0	105317.033336298	38213.2190943971	1342.81006082755	11929.3631496743	1480.39305886316	4171.51650043968	2274.70556752208	1306.12126135139	453.106673530608	18825.023011219	0	10030.7177767828	3843.15174512803	92507.1389991963	443.934473661567	11934.8664695957	227254.092835298	376.060194630666	30424.1869656078	0	0	0	90039.8172344243	2232.51344812449	0
01-2020-28-OR	27317.8121306843	0	0	0	0	0	0	6901.70644804868	0	3743.63008425236	0	641.249061476279	0	0	0	0	0	57.2006205072737	0	0	0	6796.33688395634	0	0	0	0	0	0	0	0	0	0	0	1974.92668698798	0	20322.7783544395	0	141.496271781151	52624.5708666918	13359.3554474225	487.71055379886	0	165.580743573687	64895.609244989	0	1979.44252544908	3267.96176634977	0	240.844717925363	0	0	0	0	0	0	0	0	0	0	0	0	0	0	49126.3013388259	0	0	0	0	0	0	0	0	1169.60216142504	0	1014.55837426059	27897.3447331922	0	0	0	0	0	0	0	1098.85402553447	265879.021074217	228594.753459884	27242.5481563326
01-2020-50-OR	0	3232.79261439189	0	1540.5653693275	142704.246423643	95112.7498174026	67013.7953453474	4265.68981020007	31087.4916444708	27230.4906783617	7488.90377980858	0	2179.14168821972	11614.1067998524	13528.2393157318	0	0	12983.8530038762	4928.21274105075	5809.44806112203	0	20562.1574683297	24211.6211307987	0	2255.77084648679	10153.3634703864	1416.04298714351	25541.4563148918	0	0	4404.58015955913	0	0	0	0	9530.75155946647	373.567146551952	44791.339447898	0	0	0	0	0	0	1131.87652523647	0	5611.48940226544	0	0	0	0	0	11888.694616976	0	38273.0716728056	35.1216975390724	160621.101490962	15605.2087929288	793.431076223591	0	10517.351972155	9024.67982674438	116062.842399459	47377.5735394115	4877.12663553938	474.142916777478	7666.10870830117	1229.25941386754	0	1048.86160378048	0	0	0	7314.89173291045	0	43689.7952978089	1384.1141711989	0	25646.821407509	568.332923814081	202.747981248282	1155.82313719493	724.784121942676	0	30816.0967089416	40939.1278041806	0
01-2020-08-OR	10896.4325963859	18179.8375423913	0	0	232782.21004595	9393.87189098957	347756.778831395	31462.0153809333	0	0	0	0	3842.42623135715	0	0	0	0	0	0	0	0	0	14475.0504596201	0	0	0	0	2741.31304266973	0	0	0	0	0	0	0	229903.257854695	0	0	0	227391.343393002	0	0	0	486221.762308839	0	0	26266.1375218145	29340.0785069003	0	0	0	0	0	0	0	0	0	0	0	0	0	0	136996.832559193	1350641.49514466	2592.20396503497	0	0	0	0	3509.79828894116	0	0	0	0	0	0	0	0	5276.16736246056	0	18065.138251903	4037.41502518721	0	0	77697.2993767562	14222.7120205459	0
01-2020-41-OR	5528.37253975985	21953.1585940986	21819.110892263	5729.88215689848	62342.6948988417	0	70851.657514713	45832.0482250265	4431.45931950956	12201.8453821292	0	237.430896715518	0	0	0	0	0	0	1652.37886053678	12846.6761569728	247.068313187366	543.199837504137	0	0	0	0	0	0	0	0	1123.19708335533	660.601092706644	0	224.288965162999	0	33333.1951898103	0	0	0	186.615428045776	34024.4607894728	0	0	11991.5744772889	0	0	1755.7620554166	0	0	0	0	0	7138.69721932856	0	0	7463.74099306088	3437.92929413909	754.346871114616	0	0	15491.7089141099	0	78278.6010994268	90708.2399617997	4307.92516291587	0	145.437375847882	762.232030046128	2397.96444394971	1007.54808569316	0	0	0	3108.50487655593	0	48592.7299798257	0	3054.18489280552	61276.4461855473	0	0	1483.28600789436	816.552013796542	511.65920177809	72523.3112081935	33688.9034704985	0
01-2020-19-OR	10714.1557309708	0	2176.34779603036	3820.89808132639	40490.3474454477	0	2272.42885889412	39022.3181826223	3320.38277710586	33369.1765769172	0	0	2493.63874781302	14275.8583868973	0	0	0	20918.8583844314	8428.3202121422	8864.03666001275	0	9965.61721796241	3671.19037872472	0	0	0	0	0	0	0	2122.72115629244	315.056508460247	0	0	0	0	4243.20786926247	56772.735935872	0	24674.9576094078	0	0	0	4334.82004548141	0	78.2055162844584	4614.12546078304	0	0	0	706.084089882538	0	1555.17255239951	0	7436.22737699078	0	0	0	0	0	0	0	39703.8233959583	23964.4046328805	0	0	1278.10158042029	178.755465793048	849.088462516977	2259.02219895964	0	0	14682.5270715765	321.759838427486	6861.97544313062	89353.1540199773	0	0	1988.65455694766	1736.16246151498	2297.00773544066	7791.50386525447	0	0	16986.2381369844	171247.73622974	4319.17894222452
GBM-BM-282-OR	0	0	0	0	0	0	0	0	0	0	0	0	0	0	0	0	0	36034.3837139282	12756.3862277764	2696.2650850335	9631.33505105295	0	3086.89648212393	23232.5752306761	8944.5505482614	106556.977565394	0	127235.005148121	2996.05197117267	0	0	0	0	0	0	23610.4883962334	0	0	0	0	0	0	0	0	0	0	0	0	58836.3559626953	0	0	0	0	0	0	0	0	0	0	0	0	0	156.252558836173	133795.795729021	0	0	0	0	0	0	0	0	6262.8205849801	0	0	23365.208216665	0	0	0	0	0	0	0	0	2225.69051830595	16858.9243423355	301.603776358195
01-2020-46-OR	0	0	0	217.269511810501	26307.7167217215	0	0	0	0	0	41933.0157794267	0	0	0	78923.1501651645	0	0	25855.0719054496	4254.86127295564	0	0	10791.0524199215	86871.5931388986	0	0	237547.999579481	0	0	177364.344807972	21781.2685590027	0	0	0	0	0	0	23953.9636771077	200630.288364347	0	0	0	0	0	0	0	0	2715.86889763126	5594.6899291204	78035.9663252716	1212019.86584223	0	0	0	0	0	0	0	0	0	0	0	107457.879382944	11768.7652230688	25348.1097112251	0	0	0	0	0	0	0	0	0	0	0	0	0	0	0	0	0	0	0	0	0	0	0
01-2020-20-OR	37301.2465432382	2051.83161521338	435.920269898814	5937.53471069075	493198.690190174	3449.78282557855	0	4614.74216754952	51085.3461121076	26974.4456666697	24802.360183898	0	20976.7840221998	0	0	0	0	1600.87961186978	2833.48175434229	0	0	0	91708.6057466436	21232.3234907612	0	25185.6693867401	0	0	31792.1162357239	0	0	0	0	398.340936286847	0	31213.3944980996	55346.8425437046	20555.8954857458	0	0	0	0	0	0	0	0	11228.7048832557	1022.1578742455	0	0	17827.635865517	0	0	3216.79095718435	0	0	0	0	398.340936286847	0	5216.01150534098	0	101787.383021373	20428.1257514651	0	0	300.634668895734	105.222134113507	0	240.507735116587	0	0	0	0	0	9958.52340717119	0	0	0	0	0	0	0	0	14971.6065110075	44268.4549948968	0
01-2020-29-OR	13544.9198127891	0	9153.35834278896	1196.14514747087	93891.6981471893	0	0	13772.756983736	0	0	0	0	0	0	0	0	0	7040.1685822571	7171.17495555152	36140.6712414412	5673.1455565761	0	43978.2699220122	0	0	274845.675242437	0	0	0	0	0	0	0	0	0	30860.5448047483	1925.22409450073	32409.8375671868	0	0	0	0	0	0	0	0	0	0	169425.416245338	39791.7619058641	0	0	0	0	0	0	0	0	0	0	0	0	2648.60711225692	86099.6669008076	0	0	0	0	5063.68112429333	0	5228.86307322978	2352.41879002604	0	0	271992.014676327	131860.762685479	72156.0320388615	0	0	0	0	0	27830.3104311555	3491.60464476019	0	309943.991426796	6066.16467645939
GBM-BM-279-OR	631.528244820847	0	0	0	83836.1157303018	0	394.334537845881	0	0	0	0	0	0	0	0	0	0	3113.16740404643	28590.736454495	0	0	201.614650928721	113603.92595566	0	10768.5942966635	57982.0016700305	38671.469000931	22133.1377821015	6448.70390838189	0	0	0	0	0	0	0	4530.39980322185	5185.6474187402	5582.94687792326	7261.09235477115	631.528244820847	0	0	0	0	0	0	0	0	0	0	0	0	0	0	0	0	0	0	0	0	0	0	30814.4274573853	0	0	0	0	0	0	0	0	0	0	0	138040.807616756	1319.38999504825	0	0	818.318289063633	47.4387413949932	0	0	0	38879.0134945341	26639.8182146259	2689.18365282868
GBM-BM-291-OR	0	0	0	0	580.546439948619	0	0	0	0	0	0	0	0	0	0	0	0	0	30475.4266004488	0	0	0	0	0	0	292093.135218643	0	0	0	0	0	0	0	0	0	0	0	0	0	1187.18485472639	0	0	0	0	0	0	0	0	0	0	0	0	0	0	0	0	0	0	0	0	0	0	0	3137.55997320546	0	0	0	0	0	0	0	0	12471.9639683344	0	0	0	0	0	0	0	0	0	0	0	13156.8783075996	45184.7774103829	99045.1364514587
01-2020-09-OR	0	0	0	0	25844.8312973459	0	27874.9787188156	0	0	0	0	0	0	0	8113.9982981466	0	0	0	0	0	0	975.525384342564	64832.8897323883	0	0	34967.3119184953	0	0	3407.74745746693	0	0	0	0	0	0	12002.9170600528	0	172582.304988117	6736.39826214933	26352.3681527133	0	0	0	14303.3113785362	0	0	0	0	0	8001.94470670184	0	0	0	0	0	0	0	0	0	0	4758.98194253602	0	114670.372374376	45375.1131473933	0	0	0	0	0	0	0	0	0	0	0	955.751221146431	0	0	0	0	0	0	0	0	174836.559592476	294193.408644336	8529.25572526539
02-2020-49-OR	612.016963098982	5831.0892782069	1838.6552167995	93.755790091759	22217.5179242443	22889.4344199019	48377.9876873476	0	39648.2818988038	91.1514625892101	13821.1660560268	0	2336.08176978633	0	28363.7308302596	9667.26368946137	1101.63053357817	0	6763.43852411939	1416.75416138658	12922.6730676474	3508.02914593331	7526.5064823662	0	838.593455820733	0	0	18329.2569629389	9281.82321908414	0	208.346200203909	476.591932966441	2820.48668526042	23957.208695947	0	0	0	15123.3298073012	500.030880489381	0	5101.87757749322	2940.28575037766	0	5229.48962511811	0	0	2531.40633247749	2208.46972216143	0	0	0	9310.47082161217	2497.55007494436	0	1289.14211376169	0	0	0	0	0	18925.6479610226	6482.17115384411	94185.5041296795	31327.4555281602	2026.16679698301	541.700120530163	0	3234.57475816568	3346.56084077529	0	1221.42959869542	47114.8888486114	0	708.37708069329	4601.84669700384	61199.0919823957	307.310645300765	0	25397.4018048565	0	6094.12635596433	0	2489.73709243671	0	47354.4869788459	105748.718240996	11070.9962133352
GBM-BM-265-OR	0	0	0	0	4254.18323545936	0	0	1601.07478969828	0	0	0	0	0	0	0	0	0	0	0	0	0	0	0	0	0	0	0	0	0	0	0	0	0	0	0	0	0	0	0	0	7443.93511183833	0	0	1997.80128626068	0	0	0	0	0	0	0	0	0	0	0	0	0	0	0	0	0	104.494925433848	0	5798.582811363	0	0	0	0	0	0	0	0	0	0	1307.07211813864	0	0	0	0	0	28.3376068973146	0	0	0	36868.9976738374	66573.8941039474	111.579327158176
GBM-BM-305-OR	0	0	0	0	1318.95800829403	0	0	0	0	0	0	0	0	195.401186413931	25837.3659671875	0	0	0	0	0	0	0	3086.45055812913	0	0	33631.2087434704	0	13393.863141464	0	0	0	0	4054.57461808906	0	0	0	0	51350.54360237	0	0	0	0	0	0	0	0	0	1216.8164790322	0	0	0	0	0	0	0	0	0	0	0	0	0	910.391891246722	0	1336.72175251348	0	0	0	0	0	0	488.502966034826	0	0	0	0	18483.1758603359	0	0	0	0	0	0	0	0	0	0	3579.39446021882
GBM-BM-259-OR	0	0	0	165119.374397357	370124.506415319	0	0	0	0	0	0	0	0	0	0	0	0	28307.3946827127	45164.1289599371	0	0	11237.8228514829	13834.4410103483	0	0	0	0	0	0	34096.5761516585	0	0	0	0	0	0	0	95180.9541511964	0	0	0	0	0	0	0	0	0	0	0	0	0	0	0	0	0	0	0	0	0	0	0	15537.1414423912	6981.07177137576	0	0	0	0	0	0	0	0	0	0	0	64787.7514392312	80963.4055436384	0	0	0	0	0	0	0	0	1234.45781323108	37842.5171021528	0
01-2020-52-OR	8754.7119238591	0	0	0	1248.62284815695	0	0	72649.7569812701	0	0	0	22145.1155713354	0	32995.2175622165	0	0	0	0	0	0	0	0	8037.11258583786	0	0	64842.276183599	0	0	0	0	0	0	0	0	0	20623.8049747304	0	0	0	10032.0387455369	0	0	0	0	0	0	0	0	0	0	0	0	0	0	0	0	0	0	0	0	0	0	0	76941.0010226371	0	0	0	0	2942.15728588707	0	0	0	0	0	0	0	0	0	0	0	0	0	0	0	0	27885.9102755053	10520.0062953913
01-2020-49-OR	0	0	0	0	19575.7239780466	0	0	0	0	0	0	0	0	0	0	0	0	0	0	0	0	0	22599.001812494	0	0	80494.7723421608	0	0	1738.38475480723	0	0	0	0	0	0	0	0	15116.3891722368	0	0	0	0	0	0	17610.5933856558	0	0	0	0	0	0	0	0	0	0	0	0	0	0	0	0	316839.517050083	21314.1087328538	4308.17091408748	0	0	0	0	0	0	0	0	0	0	0	0	0	0	0	0	0	0	0	0	213367.833166122	274060.135692653	0
01-2020-108-OR-ab	0	0	0	0	0	0	0	0	0	0	0	0	0	0	0	0	0	0	0	0	0	0	15568.5957475221	0	0	0	0	0	0	0	0	0	0	0	0	0	47605.7060719029	0	0	0	0	0	0	0	4499.5941466827	0	0	0	0	0	0	0	0	0	0	0	0	0	0	0	0	45985.8521790971	0	0	0	0	0	0	0	0	0	0	0	0	0	0	0	0	0	0	0	0	0	0	39416.4447249404	0	0
