Gene,B cell-like,Endothelial,Ly-like,Myeloid,Pericyte/vSMC,T-P2,T-P3,T-P4,T-P6,T-P7,T-P8,T-P10,T-P12,T-P13,T-P16,T-P17,T-P18,T-P21,T-P22,T-P25,T-P26,T-P27,T-P32
COL1A1,1,0.02382384,0.041342119,0.029539849,0.17911166,0.147821273,0.007420911,0.006587541,0.01058484,0.004081992,0.002381259,0.005008527,0.006374522,0.005004895,0.005278056,0.004184618,0.005439624,0.005877203,0.003308883,0.005300481,0.005167502,0.00610667,0.004779311
COL6A2,1,0.045950572,0.039969918,0.032516365,0.31049745,0.112332018,0.014994812,0.014453026,0.01864312,0.022959873,0.049095026,0.013887517,0.01476524,0.016128414,0.011208894,0.010988155,0.008232378,0.024405004,0.012845825,0.014568277,0.008293487,0.012581462,0.015932257
COL1A2,1,0.032238298,0.081548024,0.044007367,0.383418197,0.247812924,0.007847491,0.010508122,0.028507055,0.00771426,0.006412858,0.006173312,0.009092641,0.019355763,0.009577289,0.01175713,0.012659164,0.018834871,0.009326643,0.010045558,0.008713333,0.012938465,0.011277972
COL3A1,1,0.063672009,0.09264899,0.043582555,0.431304619,0.207163642,0.022510976,0.014312113,0.057359505,0.020426847,0.006428627,0.043110172,0.015192789,0.031720336,0.021951168,0.014109165,0.014196508,0.02281047,0.024658386,0.013021481,0.024025041,0.019709558,0.026236517
COL6A3,1,0.028139392,0.01758893,0.045532371,0.220536214,0.141523689,0.032796079,0.040195054,0.033464565,0.02741057,0.020550313,0.057227272,0.037733373,0.036633616,0.034036769,0.023015732,0.034841828,0.056560343,0.043861594,0.033098756,0.032713965,0.054689382,0.033327141
SLC35E3,0.011355547,0.011937253,0.118364433,0.033277931,0.012008609,0.037557421,0.011386802,0.019067777,0.028012696,0.011368417,0.013709898,0.019247685,0.009136808,0.021825271,0.016035722,0.009225663,1,0.015901396,0.011497698,0.014284645,0.014159338,0.018204209,0.02700394
CDK4,0.021254435,0.030777264,0.201214299,0.048261866,0.052528321,0.019446497,0.024358907,0.028933896,0.047309786,0.045530665,0.035677157,0.041554068,0.039456643,0.035530945,0.038307058,0.032531392,1,0.037576995,0.024683613,0.020123861,0.038971276,0.029068447,0.047644459
MDM2,0.039210028,0.060162891,0.139670099,0.055753693,0.059144069,0.103980169,0.033265783,0.037082542,0.036632036,0.055596035,0.020452759,0.035675055,0.023160325,0.046049017,0.027089049,0.032304222,1,0.030832896,0.047825705,0.026679596,0.059672312,0.037931407,0.031948582
LANCL2,0.035221673,0.037027594,0.166939054,0.043200748,0.029895158,0.050301317,0.020713424,0.056840732,0.047900278,0.075595192,0.047648278,0.03647195,0.045272032,0.052861315,0.044877053,0.06676731,1,0.062737719,0.031432424,0.04956275,0.036436947,0.045211024,0.060511882
SEC61G,0.03995996,0.048769767,0.266405829,0.053915147,0.059425828,0.026848566,0.019379643,0.03710024,0.036880045,0.029504914,0.547746122,0.016327455,0.028019926,0.026519037,0.031226124,0.042589104,1,0.031103454,0.022188092,0.027093276,0.028594162,0.025044968,0.039846155
VWF,0.031538685,1,0.21156367,0.023097175,0.137663522,0.03938212,0.019162496,0.035314181,0.021287382,0.065282991,0.006698424,0.085127798,0.035292919,0.034523991,0.030709485,0.011082751,0.021867866,0.032146953,0.063873899,0.032082784,0.048206713,0.038604668,0.037270681
CCN2,0.223174981,1,0.116767434,0.019421455,0.237758829,0.096415421,0.033331798,0.036163337,0.035256584,0.013327948,0.068735428,0.022255857,0.032433314,0.020376232,0.038217595,0.021877702,0.011332585,0.039715101,0.031631866,0.031820667,0.026473605,0.021074272,0.022391956
EDN1,0.038259522,1,0.133507566,0.058453472,0.061880559,0.017293896,0.017808648,0.041406012,0.046024629,0,0.020076534,0.065210322,0.044968464,0.024435174,0.073972061,0.04673784,0.021604073,0.045764479,0.052490351,0.088530037,0.030032753,0.040619007,0.028805011
ANGPT2,0.059427228,1,0.209674047,0.042093993,0.14609337,0.020126857,0.041187552,0.056631129,0.040193838,0.081752975,0.039677468,0.068235408,0.031460759,0.040018153,0.048721103,0.011702289,0.037925131,0.047866206,0.080481254,0.029712941,0.034972703,0.056132046,0.061434761
IGFBP3,0.044314044,1,0.152563612,0.028927542,0.117177259,0.067617856,0.047653651,0.058665632,0.014538468,0.0418967,0.036691449,0.021087337,0.083091464,0.060048038,0.088907538,0.028427048,0.030924376,0.071314029,0.047248329,0.073661538,0.090387069,0.04277216,0.043196204
CD163,0.124704095,0.034104723,0.042384261,1,0.085859122,0.102430929,0.047496842,0.039681216,0.031326467,0.056129555,0.032819682,0.041837638,0.032133415,0.01359352,0.01936948,0.046275352,0.045861775,0.032819432,0.05130484,0.037277336,0.020065913,0.023021177,0.066163118
CD74,0.150884055,0.048526942,0.123885927,1,0.102239545,0.136797016,0.079025215,0.026412302,0.097689438,0.072930736,0.028243333,0.060210686,0.012965699,0.015042508,0.01357631,0.016723913,0.082121009,0.008414302,0.058525313,0.030749099,0.014183244,0.015797468,0.096414204
HLA-DRA,0.171144321,0.01913597,0.106396558,1,0.102611852,0.123719447,0.126755336,0.018126447,0.186167546,0.075860939,0.033650746,0.024956555,0.010530383,0.02203433,0.010558413,0.017221441,0.073390084,0.012506638,0.069089991,0.028404198,0.011404719,0.015675029,0.067849415
HLA-DRB,0.244650802,0.056043386,0.148793569,1,0.086776091,0.181042296,0.081671187,0.039560127,0.112312771,0.092299419,0.030681393,0.033804986,0.025766142,0.029487052,0.027341385,0.028970746,0.097956182,0.028470507,0.067971395,0.033707246,0.024753678,0.022751044,0.077640561
C1QC,0.152584029,0.020226169,0.158630184,1,0.123231225,0.101191266,0.051262045,0.065059406,0.069221668,0.033836954,0.023884099,0.072956075,0.021277172,0.030389589,0.023962507,0.070915876,0.145091113,0.027491293,0.078277554,0.049506112,0.020449709,0.035603038,0.105394265
COL4A1,0.286420951,0.519006185,0.466199487,0.027017165,1,0.084467052,0.031660203,0.037361295,0.04408595,0.028601466,0.037200382,0.036819752,0.01181087,0.02720673,0.018254623,0.014360457,0.073284729,0.032421478,0.021283027,0.013991817,0.016080478,0.020701396,0.028134583
COL4A2,0.230433348,0.672194023,0.486257773,0.045125277,1,0.111056946,0.051489204,0.028727462,0.059969817,0.031458679,0.063819428,0.013934753,0.035490203,0.034110495,0.028190324,0.024481274,0.097315461,0.042655874,0.02790657,0.021178224,0.012164482,0.028854937,0.043960276
NOTCH3,0.131452898,0.078405143,0.243552961,0.040835016,1,0.06878679,0.046027383,0.096159661,0.063575726,0.069679642,0.05872537,0.045495302,0.064579026,0.056478806,0.046253623,0.052256155,0.059339288,0.063716836,0.09050666,0.057150911,0.052671748,0.068386854,0.03876922
BGN,0.253075856,0.239350234,0.609676713,0.044352415,1,0.079894639,0.030863139,0.038790451,0.065376462,0.078584434,0.215185842,0.065885143,0.031345396,0.022843384,0.046553192,0.024169437,0.051634824,0.025758267,0.053457041,0.030778495,0.042532394,0.026143349,0.016534123
DCN,0.347484564,0.097510564,0.260900388,0.044285815,1,0.175104782,0.023607522,0.049002092,0.040201517,0.055591776,0.013048882,0.050180339,0.040040821,0.02746811,0.050407545,0.052575084,0.190223067,0.036828049,0.079427501,0.05314724,0.035446219,0.055138521,0.039078177
IFI27,0.035079595,0.48910819,1,0.113604425,0.298710703,0.038341602,0.030550233,0.053575974,0.042907409,0.06827378,0.042803879,0.017604955,0.045831709,0.042006544,0.052590532,0.039029162,0.337221381,0.031799718,0.045194549,0.037242568,0.041665141,0.038784872,0.033051717
IFITM1,0.086189788,0.329198717,1,0.103489749,0.6220196,0.043310516,0.061340591,0.049111165,0.032180529,0.0795437,0.020238864,0.04258687,0.043738928,0.039565728,0.03300313,0.07838604,0.246790418,0.07694809,0.098931594,0.046750218,0.070361052,0.02431874,0.04943699
IGFBP7,0.087659801,0.627248882,1,0.030744259,0.650211238,0.065839468,0.257478165,0.052568036,0.045675444,0.069988512,0.069827481,0.030957069,0.029638613,0.036302318,0.067407354,0.015172812,0.067253809,0.043367372,0.111105721,0.05936055,0.045555031,0.060801689,0.031773549
CLDN5,0.023671904,1,0.694087001,0.013927128,0.165588231,0.027032599,0.017260275,0.046824705,0.024052627,0.071374579,0.013758886,0.034996697,0.045223155,0.06254765,0.090104893,0.029316958,0.047642028,0.029143866,0.090492399,0.072029259,0.081082619,0.042869686,0.039447334
RGS5,0.019395216,0.512874272,1,0.044341558,0.899351813,0.020426251,0.029283132,0.032604794,0.040311575,0.077965629,0.027628892,0.110640206,0.055997994,0.054566547,0.098062724,0.020411914,0.066261904,0.09662399,0.179747878,0.078431325,0.116886637,0.054492254,0.062690937
VCAN,0.204513588,0.013069231,0.030127421,0.027177319,0.053685786,0.040420945,0.099286805,0.093587465,0.085839745,0.033337683,1,0.045658751,0.025766495,0.131141933,0.117464907,0.112092265,0.093898262,0.02852866,0.023412153,0.065186097,0.112262092,0.075542783,0.099220976
CHI3L1,0.160118335,0.04513374,0.133579959,0.080352075,0.043045966,0.183506028,0.306348447,0.035825106,0.076481798,0.086802312,1,0.065174535,0.073379994,0.047360088,0.036705944,0.006005913,0.357202901,0.07948612,0.102485463,0.039011348,0.044913793,0.068346637,0.061010647
VEGFA,0.359404743,0.048286452,0.125193115,0.175218708,0.089580366,0.203046258,0.13350094,0.11210809,0.14182359,0.064353117,1,0.06240266,0.089142938,0.091964585,0.089221913,0.046797252,0.20600608,0.103720218,0.086913648,0.075162176,0.12601469,0.08443474,0.102650834
SIRT2,0.13260428,0.145573856,0.091567263,0.088148835,0.099709797,0.183639526,0.199947045,0.143757445,0.123264653,0.21566497,1,0.157942334,0.120682888,0.07321885,0.091179501,0.258075581,0.137274736,0.112041305,0.131729238,0.132036985,0.090135074,0.119376288,0.076728223
MMP16,0.048922778,0.071750707,0.099286779,0.054656767,0.062522868,0.167206252,0.21069895,0.218426248,0.089069226,0.126979696,1,0.108157053,0.114384074,0.198991962,0.197851488,0.283504062,0.174872356,0.087225377,0.050275423,0.10238952,0.129947502,0.096120985,0.179799358
MBP,0.010889068,0.008577369,0.00177933,0.021494979,0.010856924,0.020645015,0.269314578,0.017971253,0.001870422,0.109636986,0.030261234,0.258770939,0.037110781,0.123684057,0.013858283,1,0.005406391,0.120235229,0.350933878,0.129361783,0.05884713,0.060317183,0.015500399
MOBP,0.019077324,0.023810012,0.054268396,0.037992585,0.047046502,0.065469211,0.42640789,0.056070087,0.025406727,0.178121755,0.01770697,0.185445268,0.051962714,0.226263726,0.041901508,1,0.028156932,0.145889097,0.313179621,0.194007866,0.122819885,0.095076647,0.089180122
TBC1D4,0.111336109,0.548616891,0.238825039,0.154049211,0.215529831,0.180153329,0.145341805,0.186172278,0.087389874,0.23601101,0.1031294,0.22042921,0.134411041,0.159228766,0.11238749,1,0.135412373,0.142921789,0.198593743,0.10673512,0.173627085,0.123736986,0.0854334
PLP1,0.011737469,0.010939007,0.007195753,0.02847101,0.018697589,0.045365204,0.948839938,0.03029594,0.036122328,0.279737373,0.211442875,0.432764893,0.097864262,0.145921509,0.069568381,1,0.01858612,0.086661107,0.40039594,0.190793783,0.054638228,0.120931728,0.046733866
MOG,0.11281806,0.105273113,0.051173147,0.113416062,0.087748151,0.216127954,0.465546587,0.171954569,0.1813993,0.301990221,0.233238475,0.4711085,0.209346124,0.221592599,0.117566852,1,0.134452658,0.25982123,0.286011672,0.116275478,0.047946874,0.180244506,0.105388264
SERPINA3,0.055458361,0.023597312,0.106160108,0.066685219,0.05285301,0.038539331,1,0.060937638,0.290322662,0.144289723,0.435693957,0.142217972,0.014941184,0.159986126,0.057081491,0.020809233,0.272071742,0.042284176,0.318504878,0.053079613,0.052354061,0.039068198,0.157681908
MAG,0.093910193,0.056357711,0.08887794,0.138434136,0.117601729,0.238580264,1,0.17302224,0.069049908,0.453061757,0.315599655,0.79856218,0.215111279,0.187042152,0.050818728,0.519514716,0.102329718,0.304783217,0.541918033,0.208787599,0.185555832,0.134036874,0.12025668
PTGDS,0.026960868,0.071685048,0.0688184,0.042721695,0.356071003,0.074690142,1,0.043741568,0.022738846,0.545766295,0.108024445,0.390536417,0.445826979,0.214049601,0.073889186,0.335272476,0.119281898,0.317572757,0.564050866,0.299137583,0.294617011,0.332499524,0.048386831
H3C2,0.17003837,0.172253152,0.388496033,0.157419001,0.108335869,0.124160892,0.193465995,0.089961999,1,0.042933772,0.473711133,0.191241561,0.158034185,0.162376501,0.095576121,0.090611136,0.24079357,0.091359063,0.027150574,0.047205893,0.102357672,0.083616556,0.04394683
COL14A1,0.05421705,0.045141627,0.106714076,0.146285407,0.459584601,0.233211521,0.218821307,0.202431542,1,0.12204774,0.139149195,0.151311904,0.04394626,0.2145498,0.156627665,0.0718176,0.048515876,0.295822803,0.182868767,0.121908165,0.145811998,0.21855403,0.216272895
FBLN1,0.756328141,0.066298222,0.075491746,0.131864697,1,0.198035337,0.073651426,0.069805031,0.751353418,0.17445342,0.035867851,0.045376225,0.058707046,0.077256899,0.100243006,0.013701199,0.057961627,0.101596798,0.123780567,0.096867285,0.091278582,0.124354961,0.073991887
MFAP2,0.710515876,0.106470804,0.040457064,0.188573891,0.234185085,0.346325052,0.267145135,0.30178711,1,0.374000176,0.171611727,0.342445203,0.199561651,0.266289182,0.165454233,0.208582359,0.160583607,0.169339466,0.154120191,0.115564068,0.145314859,0.161844003,0.212184382
HMGN2,0.191504104,0.234637898,0.266330952,0.295154006,0.397058747,0.236745351,0.205810177,0.140523606,1,0.176958662,0.233164693,0.297051819,0.250576367,0.235478482,0.156555996,0.181251517,0.367714817,0.340059152,0.228045002,0.185145486,0.187150558,0.15481539,0.130060348
SNAP25,0.01896646,0.049223979,0.030231978,0.046851766,0.020074702,0.088011235,0.269520683,0.086084234,0.0620702,1,0.049506758,0.05589523,0.109132627,0.1132154,0.095409578,0.087276197,0.051868968,0.376829671,0.354937786,0.145666607,0.433811407,0.200370021,0.107031836
SNRPA1,0.520261382,0.167658594,0.221591353,0.24334419,0.217673209,0.850762521,0.356702062,0.227423914,0.138564193,1,0.159977929,0.333551135,0.238401894,0.384071034,0.146715753,0.418087905,0.109262138,0.911969504,0.159475469,0.131842286,0.275567735,0.340057377,0.320061132
SLC1A2,0.025208035,0.021321865,0.045991871,0.060061149,0.03118257,0.040228907,0.548010434,0.085344176,0.030619418,0.9472621,0.033032231,0.090535367,0.329706896,0.268139332,0.343851783,0.018801138,0.268065576,0.471117195,1,0.370459553,0.357082651,0.386066896,0.085164511
FAP,1,0.320940568,0.261392638,0.260442407,0.265842304,0.522508203,0.280945262,0.356190801,0.196926777,0.927009136,0.17907913,0.316091484,0.27409365,0.311507763,0.146740772,0.286895933,0.169428744,0.569070338,0.326252347,0.274415679,0.367405582,0.342141617,0.261974833
NRGN,0.118136256,0.221804264,0.272479652,0.166004961,0.241633017,0.289316015,0.72218667,0.262140731,0.20938203,1,0.113713519,0.316819812,0.184159336,0.256462074,0.206344044,0.134771917,0.216995718,0.665689584,0.949400283,0.268582078,0.689177523,0.360661836,0.248423488
POSTN,1,0.018775147,0.020741511,0.067255908,0.090264106,0.393218298,0.031241272,0.037066051,0.025443165,0.037741449,0.034657529,0.024512483,0.028359557,0.047989223,0.030504881,0.041449887,0.148243745,0.04233861,0.029946011,0.031088581,0.022562572,0.027054576,0.033727545
A1BG,1,0.180589793,0.125659806,0.294540112,0.230190321,0.790973325,0.213086631,0.191541597,0.138421466,0.463286656,0.132411443,0.199822837,0.252084016,0.210592409,0.105183233,0.53362857,0.082631664,0.366873557,0.383770387,0.121517035,0.217099618,0.192870784,0.130568759
IDS,0.126533009,0.146365522,0.180842831,0.128485957,0.236252678,0.073977097,0.390003181,0.093643647,0.085061862,0.437072685,0.158706329,0.179415077,0.08211009,0.146373733,0.13767098,0.134742142,0.175460186,0.323601777,1,0.221408498,0.320005431,0.211189937,0.074768037
S100B,0.041407391,0.088712806,0.085606977,0.101804733,0.06916542,0.066118447,0.249323423,0.079630035,0.097418955,0.357439089,0.263400663,0.242282589,0.219358418,0.194567983,0.22957478,0.403051467,0.166721222,0.19114386,1,0.27101724,0.162732738,0.193226536,0.116698533
CST3,0.094659875,0.094761128,0.244534961,0.268984604,0.221846755,0.114827378,0.65513087,0.051759871,0.093021865,0.653436999,0.346834178,0.093811395,0.181737265,0.247238242,0.334745419,0.047093621,0.315937243,0.235135302,1,0.225348116,0.114415728,0.212952987,0.123256887
Treponema genus,0.250518342,0.17245149,0.101636622,0.186596153,0.197236032,0.277733335,0.145573149,0.263776711,0.341803455,0.290479811,0.2149276,1,0.23789112,0.188218486,0.185063327,0.286545139,0.137294387,0.437826447,0.192072456,0.149720398,0.42788427,0.261486428,0.163293431
Microbial16S,0.175707532,0.134360469,0.098486026,0.199407066,0.242423184,0.186029194,0.220614015,0.298443861,0.36512404,0.311047155,0.133469572,1,0.320726418,0.230370416,0.329364365,0.347704213,0.231043866,0.367038724,0.142019444,0.207723889,0.449268378,0.274271985,0.181938249
APLP1,0.061227899,0.057114915,0.06315157,0.084200922,0.078495163,0.169056568,1,0.138418784,0.29968111,0.510721284,0.409640957,0.85378163,0.303682158,0.217819561,0.189015992,0.850822554,0.166697448,0.282949049,0.647863299,0.244167238,0.31453738,0.235815825,0.172872281
SPARC,0.164932121,0.731512655,1,0.075883401,0.639827954,0.068600446,0.207569005,0.037582142,0.086324207,0.097228651,0.180809704,0.105217159,0.258196069,0.270819706,0.221208314,0.070374026,0.225090831,0.022889594,0.036793095,0.776771244,0.157768153,0.201426354,0.041255169
ALDOC,0.079471225,0.025140186,0.053351251,0.110456892,0.057713726,0.0460075,0.151388184,0.174262392,0.122010738,0.355468525,0.13496067,0.128342868,0.430226488,0.304139963,0.522610329,0.075141946,0.134421376,0.166173005,0.173730252,1,0.370599197,0.523913203,0.111433597
FADS2,0.051510917,0.069945776,0.160794643,0.101275149,0.110252578,0.078247737,0.291057729,0.165245681,0.5393044,0.123108317,0.637317396,0.20370701,0.479729437,0.351199702,0.32031521,0.199119637,0.15530363,0.153153121,0.22017559,1,0.297886596,0.390601579,0.121727987
APOC1,0.065780191,0.088926004,0.182171063,1,0.119944667,0.076292403,0.217137073,0.092185775,0.127560491,0.144549756,0.084597308,0.184181655,0.114964776,0.290144173,0.092780526,0.171973549,0.233887181,0.091147872,0.14491348,0.694870364,0.165940612,0.173218606,0.120684406
ALDH2,0.095672061,0.231117944,0.285321581,0.254792421,0.286086283,0.142482786,0.223285045,0.258050536,0.192021096,0.327830327,0.189720379,0.260365837,0.480306046,0.334240071,0.323535008,0.284180911,0.179621197,0.267970733,0.476325201,1,0.442386841,0.463421018,0.322458876
HSPA1A,1,0.0437842,0.033699602,0.165017064,0.114537994,0.242314895,0.033088834,0.328285687,0.078923002,0.06192479,0.031053171,0.02871315,0.050579604,0.062031561,0.04100353,0.04069132,0.033364621,0.050543241,0.059947004,0.043554356,0.043196274,0.030500428,0.048793484
DNAJB1,1,0.167311192,0.094526245,0.33827577,0.16135436,0.402114571,0.166066535,0.683330943,0.162983359,0.08367527,0.184119281,0.052827566,0.09405387,0.157921356,0.145724759,0.160441811,0.132315677,0.083459359,0.132092998,0.10572517,0.103422839,0.119122306,0.149870725
KRT86,0.314600019,0.081204186,0.193130243,0.453444239,0.261414129,0.595911227,0.216848835,1,0.535724444,0.325177498,0.409769042,0.385945593,0.53060264,0.723897982,0.477979906,0.823035942,0.48029957,0.3416838,0.292789819,0.546500269,0.407197495,0.435595665,0.625905959
HSPB1,1,0.239297672,0.314203937,0.266042517,0.328777511,0.296955461,0.122774762,0.380723372,0.164273382,0.269812346,0.147274506,0.183851871,0.12161147,0.144493171,0.131723151,0.04170997,0.174022673,0.093016537,0.25875933,0.107174367,0.087301256,0.104104313,0.134998556
GPR182,0.468082978,0.191526973,0.165200253,0.346413541,0.264355863,0.815618356,0.466206636,0.978397987,0.511809213,0.40126773,0.268368737,1,0.458572556,0.717376563,0.571192441,0.32888122,0.382074319,0.314798279,0.326159868,0.456551325,0.416919936,0.635368848,0.502162765
RASD1,0.667932048,0.07664049,0.132338245,0.161425529,0.358709704,0.428720453,0.233156205,0.349848747,0.303438668,0.312982628,0.448793388,0.191808731,0.29512364,0.227586602,0.236352514,0.287438026,0.288461194,0.294447986,0.212955328,0.260719561,0.258752653,0.286376774,1
NAV2,0.141449756,0.286063537,0.205798465,0.223346251,0.21152098,0.346361591,0.210838742,0.395245727,0.494673972,0.306793513,0.965045872,0.215806203,0.571128454,0.394026761,0.321288955,0.205491991,0.338684487,0.217081947,0.246879731,0.20311015,0.411396541,0.217000321,1
RBPJ,0.270110068,0.207356903,0.285247844,0.404005287,0.302916397,0.240145962,0.269226514,0.596058122,0.422085922,0.287551451,0.46923793,0.43599125,0.413371934,0.267375364,0.469831299,0.432442448,0.365750309,0.291540683,0.222760869,0.426605861,0.317994855,0.398831191,1
AHCYL1,0.166930348,0.177432384,0.283955793,0.190544086,0.174307834,0.297650204,0.386483861,0.471289543,0.546578475,0.306263355,1,0.29761734,0.286775763,0.402001284,0.215438366,0.486834066,0.357626564,0.381828714,0.448899976,0.503593559,0.436684784,0.325431544,0.953340704
FBXO32,0.489739302,0.316301205,0.427735023,0.255956414,0.701487846,0.492232944,0.368365757,0.49078944,0.815144507,0.325307777,0.798733984,0.480914699,0.33428303,0.404735004,0.232349447,0.552566568,0.503778631,0.559203882,0.356380729,0.277053453,0.248842804,0.362313532,1
H2AX,0.677976456,0.345470223,0.363771315,0.405758565,0.356938621,0.614685656,0.863657918,0.493329297,0.175926796,0.555971964,0.466469919,0.7173992,0.753218582,0.67995979,0.367302797,0.80688977,0.272536788,1,0.792885612,0.504250813,0.5565858,0.463337638,0.268583027
VPS29,0.496303781,0.264932589,0.324480721,0.445671592,0.276378565,0.571977749,0.251704911,1,0.662733445,0.427574736,0.343229209,0.700880573,0.549719428,0.797427771,0.604286457,0.407827284,0.634176267,0.922810821,0.170859106,0.492817023,0.568196752,0.543389721,0.916850949
RTN1,0.096312472,0.12041152,0.137928595,0.138270906,0.071156778,0.136019874,0.770300709,0.149178082,0.418822294,0.499667285,0.30918157,0.306742231,0.603189912,0.463147061,1,0.169973006,0.285986062,0.835894551,0.64588879,0.322100935,0.857417594,0.706638378,0.410992691
PHKG2,0.275862529,0.423300177,0.419309432,0.290858318,0.378747222,0.365344633,0.676113912,0.371055119,0.154543551,0.234283642,0.453537672,0.72638411,0.753276759,0.937651083,0.344793108,1,0.302266223,0.763277861,0.398290139,0.716987782,0.411040195,0.421176352,0.145974854
CSPG5,0.051718471,0.132479284,0.179999146,0.079436353,0.081630814,0.173158907,0.431691624,0.129382236,0.148521083,0.218662438,0.411757597,0.122973629,0.579478804,0.491240606,1,0.36357915,0.67958346,0.316632938,0.145329702,0.409183395,0.467817009,0.503193618,0.117405337
PTPRZ1,0.048457008,0.007040106,0.151335964,0.073015755,0.044806479,0.01792781,0.340259458,0.135493615,0.143468564,0.159904919,0.950261773,0.076906655,0.358255798,0.419544319,1,0.435294258,0.765344605,0.114801378,0.118272708,0.55663173,0.513120637,0.340196442,0.318902563
LPL,0.109095081,0.13984623,0.312640179,0.262018358,0.515065362,0.050211705,0.207840149,0.320307157,0.10455912,0.093832968,0.6815989,0.20086706,0.466024072,0.464920557,1,0.478163731,0.275106769,0.208168454,0.148983959,0.895829525,0.42458933,0.17577127,0.189952575
SERPINE2,0.170218076,0.043003163,0.186145101,0.128538753,0.060559714,0.166345201,0.275439537,0.314292505,0.212031243,0.721342659,0.37135263,0.461471498,0.586799631,0.360752748,1,0.343892612,0.240186072,0.259418798,0.492809517,0.460362582,0.490836452,0.505255489,0.160607009
NCAN,0.035672017,0.076931913,0.09667449,0.078582804,0.059387122,0.086259778,0.377518786,0.161063054,0.175184747,0.29672831,0.703127435,0.237395243,0.733767391,0.443385112,1,0.133756622,0.34822552,0.143630918,0.280051843,0.782509265,0.433042588,0.399010446,0.051271357
SFRP2,0.638465979,0.12468181,0.129876276,0.218067155,0.257153253,0.295879033,0.17861199,0.584913415,0.337712757,0.278521972,0.088640877,0.647005241,0.764070045,0.690854796,0.295701911,0.190474033,0.202453097,0.150358959,0.213388562,0.451205609,0.830334059,1,0.238276284
COX1,0.188582092,0.22063988,0.254530294,0.23242204,0.225949878,0.202054342,0.595509949,0.652700989,0.157341882,0.64864382,0.315212717,0.382973661,0.608294972,0.450379149,0.645921431,0.436529655,0.226907693,0.497337452,0.620494866,0.544332583,0.796960762,1,0.43823322
SCD,0.068073722,0.050803143,0.150024526,0.101066904,0.067604357,0.057344281,0.6611124,0.136670896,0.13655378,0.218769013,0.238818044,0.271731046,0.627396626,0.597313002,0.417477116,0.476726759,0.095659026,0.223903038,0.490824966,1,0.41525415,0.784545026,0.11728372
SCD5,0.040720631,0.044981895,0.062671445,0.077339171,0.082272694,0.09321448,0.422129269,0.137297385,0.134361983,0.236232522,0.501775743,0.174988756,0.670276026,0.412563669,1,0.209238583,0.203286564,0.151711022,0.311171236,0.776861713,0.457694254,0.804879278,0.282078694
COX2,0.198686905,0.215278385,0.258408249,0.241097773,0.232580928,0.230448912,0.718828937,0.701083895,0.19558204,0.745583185,0.364747233,0.624789279,0.958711298,0.455381337,0.618990016,0.424281372,0.25397326,0.481839719,0.59309839,0.64017657,0.85692281,1,0.552233456
WSB1,0.346668618,0.398344434,0.147817549,0.356387418,0.303679988,0.112524227,0.344829008,0.252454552,0.133274557,0.364736463,1,0.246363062,0.308105431,0.519668421,0.38899979,0.473600949,0.28823155,0.307003908,0.217924754,0.31676126,0.904562373,0.257144478,0.438777206
SYP,0.103008599,0.049887495,0.13220564,0.165463219,0.125654727,0.135060336,1,0.138116187,0.172578489,0.535400376,0.240962729,0.067891473,0.294904434,0.307926792,0.250092658,0.165111746,0.196506712,0.653891525,0.73335578,0.177474416,0.774989473,0.442094165,0.124519062
KANSL1,0.658586486,0.417743357,0.136444123,0.632830596,0.448043844,0.414574886,0.281095467,0.590255334,0.750267802,0.237476912,0.809705638,0.449273912,0.444177525,0.432224768,0.345623336,0.810511295,0.314704933,0.348695972,0.338404745,0.276252752,1,0.57662606,0.648384729
THY1,0.617381954,0.346351307,0.393524009,0.18604021,0.733673611,0.403843294,1,0.195662034,0.18907682,0.422703216,0.807582819,0.109579861,0.247982114,0.282772277,0.583966294,0.240342775,0.31859032,0.56434844,0.487548755,0.38139384,0.849553859,0.438828798,0.375727664
TNIK,0.173942697,0.079360093,0.096249233,0.125091067,0.134705015,0.05344156,0.342671946,0.274864446,0.277406231,0.26223248,1,0.18911818,0.396783341,0.398000012,0.329955998,0.242014012,0.374328194,0.207672291,0.182440793,0.305555407,0.650005182,0.263701267,0.598000124
BCAN,0.019088144,0.041643991,0.090055271,0.062818001,0.04646417,0.030632855,0.271211665,0.321068584,0.129320146,0.045532836,0.982351432,0.21055878,1,0.423582325,0.81236789,0.405690196,0.418584354,0.109348127,0.06414365,0.744898249,0.323663196,0.48556879,0.539773583
LRP4,0.209422611,0.15920289,0.189418773,0.17292983,0.127078864,0.196130556,0.346166228,0.325504115,0.315796311,0.347115436,0.251570037,0.254714635,1,0.559213717,0.840354398,0.413506162,0.420791356,0.290812381,0.455388161,0.502628925,0.498016861,0.381325541,0.276915462
LINGO1,0.177757841,0.141066924,0.375592007,0.178252703,0.575859991,0.120839844,0.371414033,0.326808094,0.343386309,0.408808852,0.254805249,0.223568495,1,0.459950782,0.798692453,0.349198878,0.43598454,0.318313817,0.364972746,0.566996329,0.615843564,0.735827333,0.384217126
TNR,0.026001373,0.052295616,0.058718046,0.021983509,0.031123292,0.101437438,0.211421583,0.087045225,0.107725197,0.119563474,1,0.206933581,0.692755639,0.510118047,0.826782025,0.223083131,0.074365024,0.046163235,0.063698506,0.514793576,0.356633652,0.470818163,0.240590057
TCF12,0.696581612,0.210042952,0.349920416,0.37571526,0.259062322,0.532440058,0.345663551,0.389568548,0.327131089,0.188850462,0.64994809,0.14464594,1,0.572449978,0.978949755,0.533574343,0.551085626,0.211213182,0.250910177,0.52707263,0.683641497,0.425524759,0.685440167
MT1X,0.355120648,0.533602411,0.397000128,0.221076732,0.227815206,0.306967084,0.305478918,0.485191596,0.410437635,0.170774148,0.401091753,0.190671806,0.311294889,0.752058333,0.507627456,0.20975837,0.384936199,0.370302607,0.33969038,1,0.322776368,0.234944941,0.919048451
ATP9A,0.091946166,0.209137684,0.334486579,0.137115478,0.239396984,0.104796093,0.496736791,0.272398078,0.44206653,0.365121585,0.583180336,0.292049337,0.594735453,0.861847822,1,0.288739767,0.285257068,0.330482674,0.426432056,0.683540869,0.665507773,0.557209851,0.221598182
CPE,0.059236814,0.123713192,0.265916388,0.084843149,0.628877333,0.072038672,0.630542199,0.129377463,0.184771117,0.654207319,0.363021978,0.080236068,0.476657435,0.87823251,1,0.123818291,0.27562485,0.256538357,0.928032234,0.71066343,0.578744684,0.800043547,0.213183936
DISC1,0.417150592,0.310347259,0.382874182,0.658109572,0.364277489,0.598135911,0.513113245,0.828967477,0.578070615,0.465836885,0.629524644,0.678421444,0.932526249,1,0.735433238,0.388711627,0.732316822,0.841910389,0.233908539,0.615891731,0.323295389,0.712544538,0.592867742
Porphyromonas genus,0.243682305,0.112449026,0.102488083,0.200538862,0.123555449,0.680418404,0.396372072,0.370921466,0.199719922,0.232858208,0.16786777,0.489484229,0.216464353,0.401696013,0.167754897,1,0.138776252,0.172470025,0.533708662,0.289547023,0.325861224,0.226625027,0.119579332
Fusobacterium genus,0.668595545,0.394670091,0.239051835,0.431275368,0.454628352,0.691031824,0.686034896,0.302510634,0.182649969,0.55376455,0.398905886,0.762551626,0.44431501,0.559922807,0.276410506,0.432458453,0.205742682,0.785083217,1,0.506208526,0.238117227,0.380439837,0.1592303
Prevotella intermedia,0.150853759,0.155820172,0.176596984,0.338597532,0.285852121,0.599724882,0.852893408,0.355221099,0.180039387,1,0.276212492,0.111309192,0.403058447,0.427688977,0.206498726,0.509700952,0.151648391,0.817853576,0.653821825,0.48742813,0.286728059,0.25298405,0.093987645
Bacteroides genus,0.33509154,0.280412833,0.190430068,0.354062928,0.124223985,0.952757054,0.694825838,0.226736894,0.14592531,0.621395283,0.282658448,0.951764517,0.459915392,0.529740384,0.312546682,0.831168818,0.174702135,1,0.685974311,0.384506177,0.640437819,0.438128826,0.11428346
Parvimonas micra,0.292457789,0.165318339,0.077049514,0.379801784,0.375496126,0.520844535,0.57751419,0.261982572,0.078577429,0.308008314,0.226865053,1,0.174983868,0.645214979,0.117685533,0.463705056,0.058870979,0.41144267,0.940244498,0.666245462,0.585847579,0.300987749,0.165986994
OLIG2,0.171084538,0.221595207,0.120682634,0.154359452,0.164371645,0.012260156,0.251417644,0.30304973,0.31336122,0.109051924,0.723426559,0.31199488,0.601172354,0.303674037,0.671438672,1,0.314111048,0.26763817,0.234723772,0.652570956,0.426436692,0.467134839,0.498257342
CNP,0.12113188,0.084696187,0.148436379,0.118602127,0.104772884,0.201086788,0.492608799,0.174896962,0.143638985,0.248753933,0.418404229,0.511658962,0.281315809,0.172014768,0.116014361,1,0.163193562,0.208787524,0.507809221,0.395546991,0.151941068,0.194465263,0.122256052
SLC1A3,0.261719368,0.077563132,0.257837318,0.650801513,0.322756278,0.082027906,0.493869705,0.281359294,0.455699216,0.736466728,0.280527934,0.170971041,0.479483498,0.416898254,0.531497041,0.185122227,0.731711084,0.394218153,1,0.756708489,0.62720749,0.619119981,0.332186783
AIF1,0.290252592,0.113339554,0.19313246,1,0.399745073,0.895713496,0.247634713,0.259153028,0.281925249,0.22385327,0.146475485,0.484020467,0.186367317,0.252426041,0.167853707,0.318133145,0.254340614,0.316683536,0.344693288,0.208652913,0.144138246,0.272154503,0.416478232
ITGAM,0.206465456,0.264851276,0.266942848,0.946391546,0.457023063,1,0.299754812,0.634864509,0.289187281,0.155097779,0.174485375,0.140763656,0.852691154,0.414787053,0.323884488,0.258095335,0.32304999,0.59803465,0.45978349,0.329127195,0.463077723,0.416982772,0.378973152
CD68,0.192511975,0.044452378,0.168630247,1,0.213195162,0.278050435,0.124515144,0.091130302,0.153080422,0.211804585,0.099224907,0.140579843,0.140834917,0.102525723,0.085598132,0.072379258,0.177016458,0.110778793,0.087011725,0.103448322,0.068734847,0.073692012,0.166683995
TMEM119,0.382393887,0.074616679,0.258177402,1,0.376604826,0.938181568,0.280189526,0.342846675,0.34611317,0.384152461,0.174230905,0.541506618,0.407119065,0.386214688,0.410568526,0.444601321,0.336268029,0.390514762,0.315449949,0.243258015,0.298808517,0.303891381,0.524013718
RBFOX3,0.051438142,0.153144693,0.188809515,0.353773451,0.151559369,0.605414724,0.467704094,0.81910142,0.57093192,0.68822142,0.191266183,1,0.538532246,0.583326275,0.625711912,0.726592973,0.450713005,0.943911926,0.839414712,0.490615474,0.715587316,0.766391022,0.654030542
TJP1,0.362403739,0.848379697,1,0.157373177,0.657597501,0.74044409,0.604176096,0.299931355,0.253422718,0.556504775,0.258090648,0.199212035,0.445715699,0.382317982,0.312110204,0.451611536,0.308241562,0.650904077,0.796222267,0.50209084,0.328501822,0.273579767,0.359996779
SLC2A1,0.062905947,1,0.500821348,0.055844498,0.151603044,0.092908179,0.122367896,0.082466383,0.118064639,0.103414603,0.059822159,0.020358738,0.132111703,0.077865115,0.114823254,0.094770801,0.101020249,0.083927367,0.136046168,0.067494545,0.116757507,0.081118427,0.068979357
ABCB1,0.017044143,1,0.744809448,0.050368004,0.190106194,0.148342617,0.139102609,0.056237503,0.082946524,0.11486064,0.024886759,0.067601384,0.131899238,0.114572332,0.122227718,0.080634334,0.072580215,0.094176257,0.091355139,0.085626072,0.097673131,0.095062792,0.086412867
PDGFRB,0.588443028,0.105702602,0.243239005,0.077601005,1,0.242626498,0.076717155,0.107034921,0.091647919,0.074055583,0.061242164,0.069178149,0.112114265,0.103197681,0.099052702,0.066957627,0.103175637,0.098484772,0.072480033,0.068677395,0.101963233,0.077936088,0.096875288
S100A8,0.51834228,0.211167742,0.40023503,0.548549117,0.269583033,0.919702277,0.707962994,0.469289434,0.545899307,0.432976128,0.231671818,0.544094189,0.274562255,0.446618825,0.37462958,0.292683549,0.377999363,1,0.802297139,0.337548939,0.624517004,0.508745863,0.577427623
MHC I,0.466534298,0.556216602,0.967208671,0.649471507,0.400052784,0.400405993,0.315385729,0.130566891,0.596036364,0.10695468,0.143805453,0.10445063,0.067270654,0.110409509,0.095439735,0.066891849,1,0.085841506,0.120944286,0.139486542,0.127057485,0.098335309,0.094764977
CD1C,0.403637851,0.218578788,0.419382039,0.467023254,0.164906737,0.858445699,0.192984854,0.490791133,0.428730643,0.180468222,0.141738324,0.31318919,0.425600013,0.554431356,0.524209247,0.605883712,0.593354121,0.876502018,0.325788535,0.728499415,0.370278913,0.375292939,1
CLEC10A,0.5621939,0.090695178,0.312757523,0.635290497,0.240559118,1,0.571217939,0.689584198,0.428651512,0.270231528,0.3751576,0.308683507,0.408320406,0.524857581,0.365807685,0.281270277,0.402968667,0.629426777,0.624204593,0.220389164,0.452556471,0.373374287,0.560810047
ITGAX,0.168520722,0.011493123,0.126044438,1,0.097562488,0.116796516,0.273297616,0.250477258,0.184111769,0.392891721,0.089309761,0.070163962,0.258108835,0.416643786,0.371948533,0.081882454,0.164161569,0.307239618,0.221385978,0.255790117,0.185206858,0.176034745,0.302974402
CEACAM8,0.526525369,0.523291618,0.287649573,0.48557776,0.214495592,0.229955759,0.419614878,1,0.489705761,0.305792437,0.178872933,0.589239496,0.418132069,0.979719021,0.478789739,0.436642827,0.5052511,0.517532066,0.723762068,0.42630942,0.590030232,0.417229651,0.481737072
ELANE,0.264665615,0.156353204,0.237681997,0.423703997,0.325042862,0.606382957,0.305016854,1,0.303512348,0.639491054,0.389599361,0.503750785,0.759678672,0.480735745,0.566829991,0.382680804,0.594983849,0.451377793,0.383966763,0.361034544,0.453429141,0.410109285,0.687912037
NCAM1,0.009924623,0.026501601,0.078277415,0.058719629,0.037887856,0.041501326,0.508748765,0.161625168,0.294044491,0.203508549,1,0.170038244,0.273514044,0.252364118,0.499489271,0.498469521,0.253168085,0.107584948,0.160647602,0.270688441,0.301947053,0.387239145,0.25763598
KLRC1/2,0.236505398,0.17745862,0.291676452,0.203610737,0.465152153,0.054304188,0.49259016,0.399508182,0.388785512,1,0.200375599,0.994073018,0.678031061,0.311641089,0.486523595,0.946085917,0.40966995,0.238627074,0.33800571,0.436062877,0.500580577,0.578170969,0.508226828