feature	X1524	X1525	X1522	X1521	X1520	X1568	X1552	X1547	X1545	X1543	X1540	X1542	X1541	X1564	X1561	X1699	X1531	X1526	X1536	X1457	X1458	X1528	X1411	X1485	X1464	X1466	X1469	X1468	X2016	X2037	X2036	X2043	X2041	X2047	X2048	X2053	X1343	X1341	X2524	X2492	X2502	X2497	X2483	X2480	X2479	X9712	X9649	X9733	X9738	X9418	X9416	X13165	X12664	X9269	X9434	X9430	X9422	X9467	X9450	X9463	X9447	X19337	X19351	X19322	X19317	X19300	X3607	X5989	X6001	X6055	X6050	X6070	X6067	X8000	X8007	X8095	X8163	X8130	X8047	X8053	X8031	X8028	X8026	X8025	X8071	X8059	X8249	X8255	X8245	X8235	X8236	X6833	X7295	X7285	X7298	X4303	X4482	X4481	X4494	X4479	X5266	X5265	X7281	X5286	X5285	X5273	X7282	X4498	X3936	X3934	X3920	X3922	X3931	X6653	X6649	X749	X748	X6936	X6956	X6952	X6939	X5870	X5868	X5825	X5842	X5884	X5880	X5882	X5878	X5898	X17525	X19880	X19882	X19831	X19850	X19849	X19893	X19827	X19800	X14348	X14386	X969	X985	X962	X14784	X17008	X17007	X15903	X16955	X15897	X15899	X17130	X15888	X15887	X15878	X15876	X15873	X15874	X15875	X15872	X15877	X17148	X17167	X17168	X17169	X17153	X17154	X17151	X17132	X17137	X15892	X15894	X17248	X17234	X17300	X15494	X16971	X16988	X16987
GBM-BM-460-SL-PreOp	0	16257	0	0	1071	7937	5014	0	2226	0	20651	0	0	0	0	0	0	0	0	0	0	0	0	0	0	546	0	1700	1920	717	0	2949	0	1078	6828	0	0	0	493	10241	739	4584	97	16422	536	466705	2705	56689	0	6758	0	27609	3667	0	5584	0	7413	13060	0	0	37699	1326	5703	0	843	4280	5216	0	35147	0	0	797	0	19503	558537	204849	102693	580737	460362	134578	42024	2829	4133	70920	217794	0	304487	53731	8268	1015	17148	5559	6195	2391	27762	3626	1304	840	0	0	229	1691	1196	0	1081	2183	5312	2373	0	252	0	10091	874	4086	0	493	1095	186607	0	387903	81235	0	11897	13657	0	2286	106	0	917	0	0	8502	6656	0	0	0	544	2103	0	22617	0	35738	3121	384	371	10985	4612	0	399	17594	5844	7878	42185	40354	140226	0	64516	145880	2063	87549	233008	16369	82922	0	1636	45628	53299	9222	11973	33196	14241	14350	0	0	0	7233	1612477	829507	43000
01-2020-123-SL	675	163	0	0	4208	903	798	0	580	0	0	0	0	0	0	488	1095	0	2644	0	0	2720	557	245	0	0	0	0	4299	605	195	6958	0	211	2931	1425	2909	1768	4945	6182	1138	9922	16230	0	4356	168877	0	35888	187234	2348	1702	366056	8191	0	376	153679	2747	16951	161005	0	484996	0	0	0	168	4081	0	0	473	0	6144	1032	2139	0	159757	461874	7738	303095	156683	12091	20256	58953	40796	0	1756	336212	113876	62360	2680	2120	4931	131	389	0	3975	3153	0	729	0	0	0	346	1206	0	0	0	591	0	0	0	471	0	1591	640080	31287	162	798	198	76457	25586	55713	1886	0	1557	135	349	0	0	0	3250	2606	0	7044	5387	805	0	0	0	6861	37943	9631	0	935	0	0	28658	0	0	0	25906	0	160	31284	5243	249427	2106	2721	0	7917	0	64711	19879	6862	437388	0	97122	13029	166452	9598	9349	2503	0	0	0	0	459	3637718	197434	4948093
GBM-BM-456-SL-PreOp	0	1153	23585	2163	0	50162	743897	514	436221	211062	0	162366	0	326972	2504	2565	0	0	51616	1851	0	0	1551	2373	0	0	37418	217429	1047	0	299	304668	0	0	128704	0	0	462	3882	75349	0	161	0	1057	0	247371	4189	3043	0	2272	0	4338	0	7062	0	0	412	11613	12427	0	2191	0	7604	31750	0	0	0	272532	18620	95938	35701	762	50616	0	368514	75534	133238	23507	18667	16453	0	0	0	4525	50015	142403	4889	46218	10708	6670	1352	36111	2705	70993	170083	127448	3070	0	61869	30550	77115	0	0	58145	315	12250	0	11592	103	95231	0	98628	4829	4060	105220	15884	0	132528	220142	52997	21368	0	111590	8362	0	0	17269	0	0	2053	0	1474	2979	2393	214088	0	0	7323	0	2253	0	107558	1419	0	2686	10981	15622	79	0	2994	7077	241200	33230	8022	103886	1035	11206	0	382	2192	25200	2448	147258	1038778	0	21440	0	1533	29989	2130	32073	1148	0	0	0	0	190786	16600	6741
GBM-BM-292-SL	0	0	740556	0	2984	17588	2664565	0	1476352	1244	0	27566	0	1419439	0	0	0	772	16573	7146	0	0	0	0	0	0	0	235423	0	0	0	0	0	0	39191	0	0	2113	11200	78346	0	5098	0	0	0	0	0	0	0	0	0	0	0	0	0	0	0	0	27185	0	0	0	427516	24161	4847	1831	0	387962	1881	502529	0	6419	724571	495	0	0	16074	11590	0	0	0	907	0	0	436	326251	0	18033	0	0	0	44536	0	19814	325433	25633	122935	13924	189923	0	493373	173788	0	43514	20630	114213	14	110396	0	248669	0	348015	0	0	0	0	0	505144	91705	1784714	9855	0	245630	770	0	0	95208	15883	0	0	0	0	0	0	309533	0	0	0	0	1173	0	113634	838	0	263	8248	0	0	0	0	0	929359	3124	428	1852	0	0	398	1052	157	28332	0	1732713	110886	0	85600	0	0	123267	31066	127	5422	0	76593	0	0	1822816	31917	0
GBM-BM-339-SL	0	0	1193662	0	0	0	0	0	4819572	513030	0	571940	0	0	0	0	0	0	0	0	0	0	0	0	0	0	0	0	0	0	0	0	0	0	0	0	0	0	0	0	0	0	0	0	0	967382	0	0	0	0	0	0	0	0	0	0	0	0	332534	0	0	0	253005	0	0	0	0	0	0	0	932	0	0	0	2030924	319577	24491	0	0	0	0	0	0	0	98828	0	0	278194	0	0	0	0	0	1740	0	5024	404904	0	0	0	0	354234	0	0	0	0	0	0	0	0	0	264074	0	0	0	0	0	1185072	0	1216137	0	0	371744	0	0	0	64178	0	0	0	0	0	0	0	0	0	0	0	0	0	0	270851	0	0	227561	0	0	0	3670	0	0	4108832	0	0	0	0	0	0	0	0	0	0	0	0	0	962452	1302588	0	0	196927	0	0	73079	0	310225	0	3987245	0	0
GBM-BM-384-SL-PreOp	0	12847	555561	0	63668	141505	4443509	0	0	994321	1999	0	0	909987	4342	126	987	255	127403	0	281	0	2370	217734	0	5228	764	437634	472	0	1099	5049	0	0	20228	0	0	0	6678	27026	340	1338	337	514	2038	451297	0	5552	0	15985	373	6378	0	0	0	0	32348	4868	0	3326	0	477	183881	0	367	1621	0	145282	26440	551459	132325	0	15536	21860	830405	108290	212213	80231	78793	34685	16892	9141	0	14470	513025	1204	4050	60444	2046	10621	0	54157	3117	24410	148351	197709	151744	1374	18606	674176	138329	9538	1013	78445	62245	47379	0	57091	210	248289	0	227651	777	5017	0	11452	0	1374541	202656	1725277	135907	0	442796	1060	0	4503	724721	3260	2543	7177	0	1959	1320	1717	174422	1291	1627	25192	0	1804	0	527174	1807	0	12490	15658	28525	4887	0	593	2561	640665	2122	23121	114130	1329	58467	11506	7983	0	19894	16429	1231952	147670	2379071	290415	796	3141	90334	15203	2151	0	0	0	115183	70	1438149	50068	8697
GBM-BM-284-SL	4260	8410	367246	0	66994	79766	4422145	0	0	0	11255	2035	0	878359	1996	0	147	2142	23063	13723	1961	961	59280	1628	67282	0	65536	642859	7186	0	0	15193	84400	0	42633	55	1156	1060	13549	110361	44495	4152	9450	0	35296	69786	0	0	0	80925	0	0	2423	46676	489	0	6748	525948	670332	0	28134	1474	207677	1109	15075	2184	1253	117635	71208	12661	0	6553	54692	0	1439205	264460	243354	63277	102171	53038	34415	36378	12781	0	348181	143646	31566	151182	32	33163	0	53105	26413	7224	164069	163171	92599	4047	25128	0	86413	114	376	22561	13856	26488	165	26387	619	388267	741	270825	0	6752	12660	53401	722	641642	122055	1214498	128776	420	156557	1991	83	4303	63684	1731	618	3161	0	963	1080	19169	484029	0	20756	85839	467	14505	3455	223799	1675	0	2527	65942	68673	1324	88	19638	0	489740	47650	0	608851	5496	10926	538	22497	12297	53595	10562	292572	1763084	1740573	94164	197914	32244	128180	37554	18188	478	0	1844	0	1546	581274	88584	0
01-2020-116-SL	0	34659	0	516	193	2310	3380815	0	685	0	16775	355194	0	0	8057	0	3403	0	0	15102	0	1624	6734	23661	379148	0	0	0	2406	0	0	0	0	0	0	350	599	872	72950	168595	26540	0	2170	0	5700	228745	0	0	0	0	21	0	2001	0	5841	26276	0	0	3532017	173794	0	0	105745	0	0	570	73	0	1228	0	0	0	954	200	17200	648461	27203	371	5827	0	0	10091	6405	0	20344	0	355	677731	0	0	0	0	0	3327	51839	0	702353	0	14800	0	0	135	168	475	0	39408	0	137	662	7228	2685	990	711	2542	0	3632	0	26691	836	1636053	161741	2280	2067	2477	104	0	233	0	0	170	0	149	2340	1587	7473	0	0	0	1236	157	1704	648	1469	0	1763	172	0	1607	0	0	0	9751	0	0	11423	0	0	0	459	0	23791	0	16384	28238	0	118947	0	17966	285233	106403	0	0	77876	832	17157	0	6459353	49205	702
GBM-BM-463-SL-PreOp	483	0	5022	0	0	0	0	0	0	0	0	0	0	0	856	0	0	0	0	774	1427	0	0	0	0	0	729	0	0	0	0	0	58160	0	0	0	0	5586	33372	65554	0	0	0	0	146656	390329	0	0	0	0	0	0	0	0	0	0	2093	0	142018	0	0	735	50328	0	0	0	0	134551	97709	0	0	0	188344	0	4004	819852	436929	1107949	14994	746571	214270	82870	0	0	13038	2840546	208593	172279	0	0	0	0	35723	40478	1795354	146100	0	0	96396	0	139889	0	0	0	56661	15794	19406	11685	0	0	0	16769	0	4856	0	0	29873	121482	1007343	0	279407	0	0	0	0	0	5765	0	0	1430	0	0	0	0	0	49185	0	0	0	0	0	5893	0	0	0	99387	55238	0	7726	205192	0	0	0	0	464745	0	10122	0	42166	0	49443	0	97577	0	0	181385	0	0	0	114583	0	0	0	0	0	0	3856772	374845	0
GBM-BM-357-SL	0	11049	45025	24388	0	41072	103372	0	576655	437498	5089	0	0	109991	1346	0	0	106	33177	0	0	0	6501	0	0	0	0	10652	0	0	43	0	0	0	845	0	0	0	1208	41049	8881	11669	0	30772	1338	53986	0	0	0	0	8004	60061	0	0	12966	0	13466	0	239852	0	0	0	12364	0	0	1564	0	0	0	0	0	0	0	0	46739	3457	2014	0	16571	10434	0	0	0	0	0	0	0	34756	0	0	0	0	0	0	0	57	60909	420	0	0	0	28911	0	0	0	4868	0	20258	0	24247	0	7196	65	133	0	42831	0	64878	9397	178157	27656	0	26101	0	0	0	5194	0	0	0	0	0	0	821	5302	0	0	0	0	1027	0	23652	0	0	1112	0	0	0	0	0	0	54948	0	2504	12799	0	493	508	0	4149	0	0	143106	0	88556	28158	0	202	3585	14795	7593	922	7026	37	3515	3575	843851	15309	248
GBM-BM-434-SL-PreOp	3696	15811	573916	33650	13636	136627	1942319	170	3541353	766052	96930	974533	5064	933682	15522	15159	6016	2658	34850	12756	5837	818	115367	99200	19976	156912	1520	112111	0	16860	19641	193455	17329	0	43254	0	1328	160	16597	51246	11605	5268	2109	5406	45523	299500	9439	15634	4820	12422	2739	245969	832	34587	8302	992	7275	493948	490864	56008	84076	2467	225015	700	5871	1920	941	671487	83225	531153	11147	15454	87997	14367	1682429	232559	630438	166885	105590	60396	23266	30731	11563	4403	394311	56513	34829	78983	43812	12265	11236	179433	29950	51184	208679	94739	111355	4288	28250	476298	90913	6423	13975	46000	6930	103735	1170	83592	17591	222603	193	280869	3249	8859	14396	33336	0	1335866	111044	343581	192482	3858	434837	22579	881	1781	143091	1173	258	49646	0	11565	6230	2243	115582	1407	2646	92997	2014	11588	9361	185405	16186	1580	6897	105470	225785	0	918	5427	7712	354128	44541	15244	45294	4521	15667	52039	10460	9768	54667	5353	240675	138547	117938	108573	0	21238	40167	14187	12964	9317	220522	0	35884	9193	1959644	164617	146304
GBM-BM-272-SL	582	20616	165137	0	696	18390	423478	0	32415	614	5400	0	1266	264559	7394	0	1163	0	142902	0	3618	0	3800	0	0	0	0	66531	893	0	167	150114	0	4670	62548	0	0	0	2210	113589	2021	12820	12573	10052	243660	507888	0	0	0	5600	7365	87761	984	0	3248	1191	2568	1355	692307	1854	6755	798	297968	8012	1193	6555	806	319507	4901	12306	325	0	177374	34	124876	59257	2977	0	46037	1064	0	3116	0	0	160527	75565	3530	192391	0	6001	0	4440	0	0	37179	1684	926	2126	27483	0	82075	0	248	0	25170	277211	834	96207	392	22842	284	5116	2069	1627	0	21163	0	124567	0	679429	9492	0	25918	3146	0	2929	62207	1588	0	108	473	322	4963	0	25703	0	0	0	1806	5830	0	46747	1768	54	7045	1148	3197	0	483	6973	2266	438806	0	0	12127	0	1031	0	631	5741	19497	698	370870	0	18038	89778	193480	912	27250	163802	158	0	0	0	0	0	5791958	39282	44007
GBM-BM-404-SL	0	42199	271873	592	7938	47408	354104	1367	125301	3340264	69522	111044	0	0	42298	0	5488	3634	46241	0	0	3215	28062	7472	7469	0	0	776107	7930	0	0	49074	0	493	0	0	0	0	1224	800	2219	0	0	0	3987	8076	0	199	0	2959	0	4421	0	0	0	0	2929	14721	10141	0	11900	0	16622	0	0	1109	0	0	4711	0	0	0	0	438	895952	10378	55716	11469	10122	25057	3211	4202	2280	0	410630	1301	9508	47135	0	575	0	264	0	0	2252	1212	8790	0	0	0	0	153193	1580	0	1239	9109	946	119004	1624	0	4125	15984	4022	4536	0	0	455	902758	0	344692	58600	1732	638888	3246	1267	103	2054	93	831	1469	1865	0	806	2771	0	727	0	0	1717	2986	5957	600519	12387	5024	5287	52580	3009	396	0	3244	0	311645	34053	0	218758	248	0	0	6248	0	5004	0	0	0	0	116	2316217	20528	0	936805	0	0	260175	2337	27835	25526	842233	107066	11343
GBM-BM-323-SL	18074	13680	0	0	44504	13043	3206550	42500	41073	0	1608	0	147	36457	16892	481	0	25193	29272	94424	0	0	50570	250	0	3571	0	188772	3814	0	40172	750041	0	482	37613	3586	0	4313	25152	62454	31251	31019	389	0	41139	1461390	0	0	0	44129	1865	61292	199	0	32065	0	8530	826299	0	11298	0	0	1172	2252	0	3019	2223	25819	6008	328	1199	8123	21542	0	0	0	6134	6295	6310	1851	297	0	1001	0	2389	347017	18676	224603	0	3753	0	150	397	6731	36604	5780	928	8551	12092	0	575	0	0	0	1089	5223	1401	1290	41	0	4913	925	1747	4328	1171	6695	14375	877	932961	25376	114353	0	4156	1153	116	2243	0	0	3109	1957	790	1162	4385	4338	532	0	54	0	0	7751	0	14600	301	0	0	6889	5665	0	531	19910	109	77787	7200	0	11853	268	2881	4467	1794	1675	24455	2308	4155	3907	0	101806	0	13939	20072	113359	23336	2785	0	0	0	0	2032984	12214	1268
GBM-BM-362-SL	0	4582	46974	0	92944	27076	139045	0	510337	1554312	3294	0	0	39278	1653	0	0	0	1138	125	0	352	207	0	0	0	0	7100	0	0	0	4255	1685	0	0	0	0	1083	535	0	1042	292	7850	0	2661	48586	0	0	0	0	0	0	0	0	0	0	9528	0	85709	0	0	0	24742	0	0	0	0	10874	3644	235655	0	0	32880	9603	487189	8722	38556	8899	0	5746	37425	0	0	0	229127	0	563	47777	0	0	0	11457	0	8048	102946	81570	152768	0	0	0	26806	146934	303	0	3108	17562	0	0	0	1755	0	20457	0	0	0	0	0	536083	0	538864	7888	0	191147	139	0	161	35968	19223	0	873	0	143	1100	0	104072	0	0	0	143	0	0	219179	355	20372	0	9930	10397	1593	171	0	0	736267	0	0	55615	0	0	0	0	745	5480	0	3027975	0	0	5588	463821	0	22549	136640	376	4679	99384	1305	4148	0	755928	55072	0
GBM-BM-452-SL-PreOp	534	28081	96300	20875	473	36204	265118	0	615412	39397	15475	244067	12460	298951	39081	0	1837	31028	213825	130	8409	0	0	12090	13556	0	467356	53324	14518	0	2329	660754	0	2169	4945	3009	0	1593	10200	8855	813	1700	3760	1425	1972	448054	31	21221	16010	5779	505	60186	0	0	2080	0	0	8345	2883480	15886	34083	0	24895	0	652	259	0	100908	45688	28799	54537	352	36775	0	5626	466669	70873	16713	27992	3072	9359	3544	4355	5832	62418	77931	1590	74247	0	0	835	57497	24786	27203	180172	150915	3794	0	32762	37747	20348	3454	569	0	3683	49719	967	9823	2228	93494	3260	30485	13889	22004	7688	18777	4394	78863	340270	39900	16493	0	19153	3243	1269	0	26910	118	0	10747	841	1346	4116	651	97954	715	1051	0	2266	1905	894	39471	5557	0	1995	8888	19035	0	0	1214	4955	56424	13586	5396	9932	0	10744	0	5871	1174	12352	4587	203114	0	123048	128385	36700	0	31789	1224	690	917	0	0	0	0	1157447	45074	57647
GBM-BM-281-SL	342	3138	665536	0	5967	17732	935721	0	2112928	2094135	0	0	0	457217	2592	0	0	0	2453	688	0	0	0	0	0	0	0	108884	2348	0	0	4844	0	543	0	0	0	4623	838	630	3389	1559	0	3389	2275	34520	0	0	537	0	0	175790	0	0	0	2006	868	45879	48578	0	0	0	130314	0	0	475	0	6561	3360	34426	0	0	22981	0	1585932	82143	0	11588	10354	0	379	0	163	0	172652	0	0	29703	0	11575	0	43795	0	0	5397	460071	121000	782	0	858	0	132096	0	3183	4100	32627	0	72046	0	15288	0	9248	524	460	0	9009	0	1311861	0	2880611	21867	0	1434589	1126	0	0	56114	0	0	0	0	0	0	3552	346355	0	0	2680	0	0	0	1160071	1693	2384	2004	0	1363	0	136	0	0	326197	4621	0	33944	0	0	0	0	806	0	0	826027	0	0	37904	249063	0	21126	50503	351	0	34833	0	292226	0	200434	41731	1334
GBM-BM-346-SL	3110	3579	487648	100324	67992	659419	2635779	0	1561021	2090238	19492	138095	0	952458	10865	0	0	0	315734	0	9234	0	224698	34570	0	0	16804	47455	8527	0	587	15353	0	840	361760	1250	1230	5214	3647	6330	13091	8495	0	0	23850	239559	0	0	0	1185	0	4766	0	56572	2419	0	0	0	71852	0	0	0	177465	2785	0	2952	0	2053	2201	224095	187	0	26795	0	80153	17048	0	663	0	0	0	0	0	0	65753	816	0	121648	0	0	0	27695	0	0	5969	88332	101100	0	60987	121813	482201	141945	8630	311406	24876	115824	2035	100309	71	219370	442	99388	2163	1020	0	186213	0	508260	72129	852075	4196	1025	151516	54147	205	0	429272	0	975	33920	0	0	2364	0	167100	0	0	1266	0	5499	4716	243701	192	9712	13163	0	0	0	1252	2942	0	342781	4351	0	5466	0	465	1743	0	7246	2914	0	227825	39379	701774	296984	0	0	119668	49312	19968	0	65174	0	7232	0	793780	6141	0
GBM-BM-451-SL-PreOp	989	18811	493188	0	5450	2901	0	0	2629671	1932750	22186	0	0	174592	15557	0	0	0	0	0	482	0	8659	0	0	0	0	0	0	0	0	0	0	4523	0	0	0	0	0	623	0	1687	0	0	4542	0	0	0	0	1465	0	0	0	0	0	0	4159	0	0	0	0	0	89761	0	0	2130	1290	0	16102	0	0	0	0	235751	620180	0	30455	0	83661	29568	1599	70	0	4515	2171422	0	8124	29962	0	0	0	54267	0	0	0	0	108492	0	0	0	0	320717	5172	0	17562	113227	3044	15594	1171	0	0	81007	0	0	0	0	0	1004035	0	608957	48386	0	296295	3591	0	277	34959	0	0	1049	0	358	6522	1007	54848	0	214	11511	4479	6440	0	207109	2890	51974	1014	2994	1352	538	0	0	0	1219908	1636	743	529023	0	2745	0	0	19073	14375	1487	0	0	0	248832	1277182	7669	24302	98463	0	0	0	1442	0	13012	2916805	1247955	380
GBM-BM-316-SL	0	2979	358113	0	8427	1375	2456834	0	0	1935527	12974	0	0	0	37	0	0	0	0	0	0	0	0	0	0	0	0	38845	0	0	0	0	0	0	0	0	0	0	929	0	0	0	0	0	0	56664	441	0	0	0	0	25834	0	0	0	0	4966	0	0	0	0	0	42525	0	0	0	0	0	0	0	0	0	0	32291	1439	28844	22023	1186	3181	2200	0	486	0	0	667898	0	3445	106690	0	22821	0	2684	0	0	420	0	165321	0	0	0	0	0	173	0	0	4678	0	0	0	0	0	2282	0	0	0	0	0	956725	0	338958	168319	0	149401	0	0	0	29901	3614	0	0	0	0	0	0	0	0	0	0	0	611	0	109464	1389	0	0	0	0	1045	0	0	0	0	0	0	8295	0	0	0	378	7404	0	0	0	0	0	0	0	6982	0	34175	0	0	0	7422	0	3811	1175452	7739	0
GBM-BM-310-SL	0	14338	91644	0	2771	19528	2290035	0	8035	447721	20139	0	0	311653	15208	0	1567	10335	4201	8486	0	0	1230	0	0	0	0	100156	337	0	0	0	0	0	366	256	0	2768	2071	0	0	14752	34164	0	37745	0	0	0	0	0	0	0	0	0	0	0	0	0	0	0	0	0	29037	0	0	1459	0	0	4075	0	0	0	0	0	12119	0	0	0	0	0	0	27421	0	0	471983	0	1409	18083	1150	0	0	0	0	0	0	0	0	0	0	0	0	734	16	0	1891	0	0	0	0	27426	0	8649	0	3101	0	79540	0	461008	0	608786	58662	2938	110923	86	381	0	0	0	0	0	0	0	0	0	0	0	0	0	638	1979	2760	107116	3185	1440	10799	0	0	0	46	210	0	997	0	5211	6304	0	0	0	0	0	0	0	138	0	0	179	3910	0	20280	97761	0	0	0	752	204251	2051	673569	43088	0
GBM-BM-440-SL-PreOp	0	6100	1464	0	0	0	482	0	0	324738	376	0	0	0	4005	0	0	0	0	0	0	0	0	0	0	0	0	0	1585	0	0	0	0	0	0	0	0	0	0	0	280	0	0	0	0	51435	0	0	0	0	0	0	0	0	0	0	8321	0	0	0	0	0	12069	0	0	187	0	0	2425	0	0	0	0	0	515015	709	5226	60586	11051	6223	0	3072	2830	1537	445598	0	0	34085	0	0	0	297	0	0	40945	0	0	0	0	0	0	1897	0	0	0	0	0	0	0	0	0	0	144	3394	0	0	299	144322	0	90800	12622	0	9365	0	0	0	0	0	0	130	0	0	0	0	0	0	0	0	0	0	0	10237	817	0	99	0	1168	1202	0	0	0	0	0	0	64825	0	0	0	762	0	0	0	0	0	0	0	0	0	0	4216	0	70	0	1882	0	619	2364243	132282	3042
01-2020-117-SL	0	21376	2793	0	11078	1583	905229	0	0	0	0	0	0	904	2542	0	0	0	9926	3914	0	462	0	0	0	0	0	0	0	0	597	0	0	0	807	0	0	0	20409	12304	210807	8918	0	0	28388	1029138	28658	0	0	3393	1273	334755	0	0	3045	0	16570	0	4438	0	0	0	45279	0	0	8080	0	0	96	0	0	0	0	0	527897	25265	229	239242	248042	0	0	0	0	2008	772724	0	4250	117565	0	0	0	0	0	0	0	0	7899	0	7307	0	0	0	0	0	0	406	0	0	0	0	0	0	276	534	0	1949	0	122890	364065	99098	2489	0	331	84	0	0	369	0	804	0	0	0	0	0	0	0	0	0	0	0	0	556	1219	0	0	414	0	0	3513	4353	0	19482	4137	0	14797	0	3199	10920	0	0	618	0	0	0	0	6506	0	0	0	0	25731	0	0	0	97047	0	2954655	663424	0
GBM-BM-396-SL	1869	1720	152658	396447	18072	273211	1646299	1165	1559577	2170005	22038	12246	0	1012503	1661	0	611	7493	1428898	1127	407	140	32437	3776	0	0	1311	23828	771	1263	2842	321587	968	1372	216682	0	851	280	10574	25637	7334	1560	13979	13711	20215	472014	1581	611	1594	15205	4413	15027	0	23234	11437	709	496	67648	915402	78053	0	1034	91476	122245	4313	665	0	13512	4144	76716	295	1393	96878	0	4845	74967	50188	0	13475	863	0	0	0	0	104502	377828	0	114309	0	11248	364	23859	0	14839	5662	129013	22433	525	102348	0	147057	13185	2251	101648	12446	106788	1040	156868	951	251419	962	59027	10	244	573	174053	1540	805911	576149	375830	8371	0	116748	10360	304	1178	37893	48126	770	17471	299	1265	5130	147	163463	0	756	0	3907	11172	1179	145032	1281	368	3012	1667	4539	0	669	16755	337	282460	246	7827	14448	0	0	0	0	410	38128	2110	1984896	990015	0	18510	0	1423	44743	3920	889	312	4043	0	0	0	1454169	31288	45944
GBM-BM-318-SL	1601	11038	107997	1783	34976	64149	2009009	0	0	357876	8518	8447	3369	460157	7644	3962	0	0	465442	32773	18102	0	978	0	0	0	12925	72109	611	4092	3506	68922	159	0	9760	0	229	0	2236	31663	10806	10119	3229	233	2459	395267	15370	13302	4531	172	146	36109	0	16866	3563	0	11551	213646	369819	16394	39380	387	41707	528	0	2651	658	34340	4332	4189	0	128	1040	0	278010	16107	14642	41223	16714	6013	3881	20529	0	806	120257	666	12373	28208	887	506	10336	12002	2944	1515	29058	5331	27916	2931	13782	0	26177	897	0	2516	13178	33472	472	19565	0	24322	0	14289	1110	229	10627	119409	0	333865	318	473417	148332	0	101906	870	0	1620	8083	0	552	3483	0	103	106	848	3522	809	129	2751	0	0	0	34542	743	0	3365	5792	2359	1240	0	8400	18079	4185	10412	1119	40901	2908	5300	854	5228	53830	5565	4520	60157	0	0	49154	30039	24408	38155	9839	64304	0	0	0	31808	227	257590	9636	5780
01-2020-120-SL	0	6038	218802	0	466	13949	1977051	1179	1023966	0	3605	11838	0	160165	2357	0	0	1557	15284	477	304	0	862	4133	0	23558	0	224201	534	0	1050	18555	0	0	2580	0	0	0	3851	977	3794	684	0	0	5235	40390	2816	0	0	151	0	10135	0	0	636	0	2716	1343	12588	18688	948	0	53048	62	0	0	0	18443	5939	0	0	0	527	0	796173	152002	203688	185184	30025	19894	3148	10167	976	1392	331543	72983	7789	65644	8368	0	0	14289	423	27119	23016	4460	136734	0	1969	0	20598	2588	24	7003	9331	27681	0	32978	0	17220	297	77411	264	2018	0	2158	0	379658	20309	552008	17687	0	85775	472	0	0	5823	0	0	563	0	0	164	1728	112644	0	210	1346	0	800	413	229987	282	0	1157	18890	4820	0	1169	684	2392	270736	2117	1257	210374	0	4239	0	119	0	0	0	270706	117356	282509	43603	112756	3114	52498	12236	157	764	4710	0	23171	481	920222	285390	60888
GBM-BM-455-SL-PreOp	0	5834	115871	0	583	30124	1607953	0	0	1953193	40918	0	1291	37655	810	0	122	0	2231	0	0	0	50	0	0	0	0	156580	296	0	0	0	0	0	1208	0	0	0	2708	3695	0	1388	0	0	3838	463893	0	0	0	14975	0	0	0	0	0	0	20112	0	2733	0	0	0	44576	0	1991	5143	0	9936	8153	0	29596	60	0	40935	1290985	57066	84414	105669	13280	83066	15420	4940	0	0	1094948	0	0	22843	0	0	0	4023	0	3572	90421	6487	121984	0	0	0	5396	79458	1315	0	12259	120918	225	37488	183	0	0	53500	0	685	0	0	0	549260	1085	993068	275783	1088	218335	1820	0	4886	56986	349	0	5329	0	0	689	2200	14048	0	0	0	389	16675	483	102623	8221	1577	0	4676	18799	0	0	0	0	386174	2376	20731	135696	14748	8219	42129	24524	0	38953	2274	1168036	0	200148	3245	0	18438	11718	84847	120381	0	0	329	0	15008	1474297	155319	8419
GBM-BM-394-SL	0	19976	0	0	0	140525	62762	12371	0	0	451	0	0	475454	138	0	2313	0	742661	10849	1602	0	1591	113	16170	4480	12917	13377	5902	36652	1657	1445922	482	659	57386	1198	2890	6679	29172	102294	19099	1167	1066	14014	135825	794146	32857	0	12968	28729	5745	213648	3096	8476	68923	4958	6466	379760	1931949	0	32766	170	31018	24846	4693	319	2925	46192	1233	0	0	1775	0	0	0	131385	270784	47851	26026	834	0	327	1241	0	0	1108455	33980	143265	0	19467	90465	9762	13633	73332	831475	481914	0	0	95843	0	402208	0	0	13205	0	0	0	146499	595	65088	3650	0	834	2248	8698	372569	8556	389	1797617	0	55798	0	0	1042	1872	0	1786	0	0	0	0	0	586	111	45972	1280	0	3898	489	5654	0	3336	923	0	2198	89	0	0	4210	23670	894	1329	0	0	0	0	766	0	0	0	3036	0	32194	23373	0	27718	0	156	9568	32350	5145	0	0	0	0	0	1151924	11330	22149
GBM-BM-304-SL	1486	7882	115948	73447	32034	18281	1428339	268	143594	1729463	6276	0	2093	196512	8322	0	0	0	3183	3457	5980	0	440	0	0	0	0	125070	0	329	3981	24654	0	0	27876	0	54	0	17163	12992	11957	2866	7086	2769	6592	178106	18930	3587	1326	18009	992	175282	2650	0	305	3282	5068	43063	660629	202260	21336	645	79062	0	9959	2939	0	50813	14989	488531	28134	0	2502	74778	645616	23185	105398	55738	121159	42818	12453	6199	0	180	468476	36319	24772	39486	623	20512	15499	23628	1231	26918	74863	37755	91785	8777	0	2624	0	77299	837	2094	14847	18959	264	15804	72	7982	0	45367	68	516	0	0	0	558343	6367	417080	98521	969	76328	956	0	5270	134478	1062	3251	13847	0	495	1686	6907	149466	3548	2556	79492	0	12099	0	74444	6662	27	470	43917	56611	35284	6588	346	45209	267798	83782	34921	110999	5599	16968	13717	1563	0	84519	8398	103406	0	877215	55168	0	51588	28695	3769	2401	13011	0	7699	16468	3903	1750877	53279	122121
GBM-BM-385-SL-PreOp	1421	5475	187094	0	16325	33134	1291862	6504	371371	644681	70307	6524	1898	65745	25710	96285	3567	32391	1218	319	15635	2542	16086	1898	0	0	0	186522	79590	0	0	9025	11232	0	6618	23641	0	6806	3790	2895	662	3102	827	0	2148	44650	93	52238	3981	1263	0	0	0	9640	1903	0	3265	164069	5612	0	2215	527	28450	0	0	7051	0	33488	99845	27694	0	0	6621	146	93667	151992	39885	126055	25955	46184	37272	26099	1452	145	796123	0	18565	101734	3371	0	0	68625	20328	10983	185247	51723	24397	5531	376	0	0	97064	2131	0	2751	55746	2558	37895	2566	9703	11411	56015	14793	14601	0	0	5524	398531	0	670430	143942	12133	128047	14298	1993	13739	37014	321	2873	30123	5287	3350	52091	17193	84370	3494	78	10952	7069	32788	3905	242145	4984	2124	1933	37454	148589	1623	0	723	0	414880	0	9621	224688	64103	2213	154	42800	3933	580670	29991	468441	0	794413	41613	12962	38519	12087	311058	919	174	25293	935	69071	3839	2398080	305869	0
GBM-BM-287-SL	7790	71097	156659	12794	34083	54687	1447976	0	193888	352603	153703	268522	4512	452699	59271	792	2528	43150	8954	10909	15885	7177	17491	22074	0	48258	0	77252	16657	3374	7787	24107	1021	2313	27626	278	3842	651	18023	296624	7134	54178	23331	154	18995	112367	0	9328	0	11221	0	15024	0	10018	10690	2631	6150	0	0	0	0	491	35317	1553	710	5152	7687	3574	22453	38884	1282	593	1075	4273	94918	93749	165747	28010	75745	12556	4004	2185	34034	4873	192453	0	24557	194552	530	0	21388	23233	525	1111	10920	22483	19389	29060	6178	18204	25725	28140	1351	8321	7864	34934	8836	25891	1485	23301	2295	22495	12106	13959	0	42795	5856	169097	0	327415	109841	9241	57569	11730	740	39095	22917	2921	3461	30078	3057	7914	27096	2959	26645	643	2356	842	10559	132515	5690	55344	9719	9849	3038	2982	26516	55462	0	1977	0	34805	30793	1830	59383	324	1057	37979	13661	7152	244505	3387	13943	20540	50	106697	0	4618	5528	17641	341	6557	51829	0	4871	10819	511902	40481	3203
GBM-BM-458-SL-PreOp	0	5496	251148	0	0	27974	876109	0	0	273680	2556	471268	0	288628	5763	6143	0	603	94997	1011	3957	0	1673	129	0	0	6259	352818	10423	0	696	49029	0	0	3936	722	0	473	3556	4110	5584	1056	0	0	3962	256904	9858	39566	0	4227	0	84538	0	1025	704	0	10876	114954	270171	11627	6672	0	149008	0	664	787	0	40271	19538	70755	955	370	89	8689	1446470	187802	144102	91596	39757	91868	7745	594	2020	5478	786307	5984	16218	133979	2639	286	0	15463	1494	20419	140322	30215	22411	269	2049	109159	0	45838	0	73989	30190	40964	0	45234	0	36250	388	37796	2305	1589	0	7527	0	410479	141894	172679	67503	0	49176	287	0	6190	95735	92	1144	63	0	0	1365	243	0	39	0	771	169	3616	0	36110	0	0	0	28244	14062	1241	0	0	1768	0	18299	2747	69777	4111	16126	24474	12818	65677	17994	4208	133420	0	580199	70713	4314	828	24053	28625	20846	71	0	0	0	251	1571104	121743	37963
GBM-BM-436-SL-PreOp	0	35540	382501	0	0	33337	118402	2313	409073	1037684	19450	746856	0	139210	0	0	11310	5544	0	0	0	0	18607	35	4713	0	0	317743	0	0	0	0	0	2686	0	0	0	0	1037	320	943	0	0	0	4703	232680	8214	0	0	0	0	4586	0	0	0	0	21384	0	0	0	0	0	50113	0	0	0	0	1288	15099	9833	34506	0	0	0	1405804	26300	20061	116271	10325	1677	0	3946	0	700	458174	0	5849	58284	0	0	180	13383	1980	2267	0	15576	26599	0	0	0	0	29892	3909	0	3217	39039	56	16115	0	33885	331	51971	0	11334	0	0	5731	537035	0	621234	51692	0	227727	6757	0	0	23569	0	0	898	0	0	0	448	29517	0	0	0	0	0	0	148660	15828	8921	1299	0	0	0	0	0	0	230530	0	0	54618	0	0	122	9974	0	698	0	0	0	0	248335	480894	0	18674	155017	0	0	11624	1421	8969	5177	1517612	172457	0
GBM-BM-405-SL	1540	1822	119793	0	8070	49484	936906	0	1012186	11607	1694	33568	0	234894	0	1102	0	0	29919	1734	6258	0	1593	2439	25557	0	0	221892	0	6380	4890	38782	0	0	1399	0	5954	0	6174	253248	54651	4154	1534	8797	10641	273826	0	218	4447	19253	15384	92431	660	0	5634	20783	7670	421307	58977	82239	67571	2710	32079	258	22912	3843	0	4829	3463	9586	242	532	28053	1840	718048	97756	154062	5465	18048	57436	7221	471	510	0	113207	111884	9711	128964	0	213803	0	2191	0	286	263011	207044	20524	1210	20292	47717	98969	195803	0	12183	3122	64834	315	27611	0	51834	0	55133	0	0	4405	53615	0	244904	3673	888199	139102	0	138233	509	766	1929	10779	857	0	8903	0	1473	230	2752	46745	0	0	7674	4099	8236	0	102740	1380	20	1885	3240	65176	4597	0	5928	4453	18138	10050	8755	36142	7194	5364	4031	233	3231	8652	1452	257194	21263	0	296176	1286	30271	15843	28606	9316	0	26650	500	8925	32308	1262403	146677	29377
GBM-BM-428-SL	0	9924	380124	0	87103	57088	202234	0	0	1220023	243165	32785	41148	7223	18474	171	164	0	0	0	2002	0	4938	0	0	0	0	5851	244	0	0	0	0	0	645	1014	0	147	0	0	0	691	0	0	0	0	0	0	0	0	0	0	0	0	0	0	1058	0	0	0	0	0	1072	0	0	2564	1214	0	4488	886	0	0	0	737	100419	0	12503	31668	0	2037	3229	14625	0	0	18398	0	448	712	0	0	0	980	0	0	0	4342	10002	1855	0	0	0	74275	3518	0	0	0	7733	15753	551	0	0	1698	1238	2192	0	0	1666	427676	0	28607	220347	8308	88707	9173	268	11483	21049	2955	1666	22260	0	0	77	2624	0	0	354	0	724	31311	4040	112976	34573	5610	412	0	9384	1951	0	0	0	1346	3490	0	119032	0	237	4769	44366	1208	12273	2074	0	0	0	0	8618	56733	527	50821	2314	0	0	150367	274192	221353	65515	8235	0
GBM-BM-454-SL-PreOp	574	7279	209417	78567	2821	60022	917574	722	239889	622543	2353	453579	472	437125	14601	304	607	10465	38843	539	1139	0	10566	5487	1292	61825	0	749382	10642	0	574	22551	954	492	4284	0	0	15	4223	6905	897	1055	660	1213	11720	140167	17150	6150	532	2230	0	20065	532	3519	0	0	1424	52966	215649	3069	4891	0	63090	0	0	200	294	35997	35049	35908	212667	921	11247	6102	101552	57069	81840	11045	18681	5231	5577	1864	0	7860	58802	277642	2940	40666	8180	12487	0	20051	3700	14687	31681	25541	49383	595	8870	60264	3944	30045	16	3994	2746	25682	83	22002	0	1352	405	32191	6353	11420	0	0	0	381414	22294	594961	32158	0	216048	1381	404	0	35508	3567	0	6480	134	117	207	1488	63864	178	251	0	145	3172	0	90583	644	0	1628	7789	5122	0	0	0	0	261168	2303	0	32045	0	5941	122	93	14179	2336	92	463887	0	409226	66378	262376	4353	18440	33621	3092	3090	9480	0	1585	58	1270879	43200	11856
GBM-BM-426-SL-PreOp	0	2325	12191	2689	0	7150	223469	0	38284	0	0	9933	0	139016	3515	0	0	1506	132043	2519	8117	0	57016	2911	0	796	2382	98609	9235	0	4643	435656	51467	0	26429	0	604	0	7865	42105	4057	66	676	0	23112	190052	9751	1441	30844	29649	0	14737	53	6413	11371	0	298	118879	1116003	0	12072	0	4911	27148	37	42	0	38221	27786	21903	0	2468	14612	0	6216	152021	185679	21617	14075	1276	916	0	320	6525	6115	93133	4811	19526	2425	5159	9608	20096	11246	16274	129317	16418	1006	0	23178	14335	8862	577	0	18210	1022	5864	0	1798	0	15832	0	8219	8440	5374	79907	30268	1271	25016	48944	63341	2719	0	11543	55	0	269	6105	0	292	0	0	5443	87	1186	8286	1435	0	2377	0	0	0	13054	0	0	0	37080	12736	0	0	5651	0	32500	4128	0	51546	0	1653	154	0	0	0	981	24946	19368	0	8952	0	16	5157	3842	632	1829	0	0	0	0	294281	108866	38177
GBM-BM-430-SL	430	13188	141867	0	9675	12720	1060457	0	66672	336739	10953	60967	0	99758	9975	0	0	36908	92730	694	0	1670	15285	197	0	20103	0	33057	0	0	0	0	0	0	1990	0	0	0	9135	26156	3017	1834	0	1291	419	616030	0	1051	0	6101	0	164	0	0	0	0	12127	78803	24361	0	12850	0	29432	0	2671	693	0	20149	53338	9489	1718	0	6970	4760	370927	186189	50844	89520	53973	16947	3372	2395	6788	4993	175774	329	2441	34862	0	0	0	2956	1487	1861	67309	3468	4468	121	4919	0	971	13771	8	0	7147	33572	262	9124	368	21716	0	15737	4171	25278	0	0	0	167529	30696	639944	128107	1077	60097	992	1820	677	2873	371	206	1123	0	120	221	0	10384	460	226	4490	0	219	0	25764	945	292	4718	16028	12940	0	0	0	0	3247	0	5094	50908	0	2788	156	0	3064	1101	1064	41118	0	21800	27396	0	15804	6052	18031	2785	0	0	0	15738	3999	410320	127440	3512
GBM-BM-389-SL-PreOp	0	1106	25648	1423	0	11670	597592	0	360672	2328	0	289	0	106775	1833	0	330	0	25394	0	0	0	2080	5685	0	0	0	31906	0	858	310	271608	2812	0	25390	0	0	0	4060	2540	631	0	128	0	12273	63000	0	0	0	372	2854	0	12697	0	1218	0	577	0	511428	0	805	0	22288	5381	0	0	0	46025	7756	6690	691	1040	5797	0	259378	253420	33447	85502	26565	8997	8555	0	0	280	284556	37801	25074	141766	0	0	6283	25320	3600	227	101741	38542	2411	0	18774	890	14387	253	0	5631	6516	25309	0	12122	0	26970	0	25949	941	1782	0	8566	0	119513	199	183791	1627	0	32248	0	0	0	12736	0	0	0	0	0	219	0	165568	0	0	17781	0	0	0	51069	217	0	2299	10027	6511	0	0	5150	0	147870	0	0	19432	0	6556	0	0	0	5111	660	174596	1006670	0	119860	75561	0	58609	34475	4778	0	0	0	0	0	1183251	183545	58768
GBM-BM-392-SL	405	0	73868	0	14097	14145	418068	0	3155	448342	18685	0	867	18826	595	2340	0	0	5246	1427	304	0	0	0	0	43673	116	79969	0	1098	0	20573	0	0	1950	0	0	0	7433	2496	4715	0	253	3764	653	224520	30126	3459	1763	4721	0	11911	0	0	0	0	6895	68071	14210	0	3619	3180	17169	0	1366	167	0	32084	14289	4340	6355	116	4586	11197	170568	22741	103106	37525	39806	98067	4356	16655	0	1229	435174	49654	5784	30579	1467	4311	184	5686	4482	12864	20137	4222	25728	208	1147	0	11015	111	0	0	7959	1993	97	3453	0	10170	0	35548	0	0	0	0	0	331869	24074	271894	75667	0	56619	208	0	187	8377	19	2004	819	0	1154	0	3002	40313	11756	4170	492	132	560	0	37192	233	0	0	12778	14328	0	0	4108	195	825951	15418	202	191246	4095	0	2980	647	0	7542	0	430242	253966	0	39404	0	94073	7056	22559	2129	1764	0	0	0	0	913777	13362	5593
GBM-BM-327-SL	315	30219	44057	0	556	12610	391019	0	778076	393828	6485	19930	0	53024	2869	6422	840	0	5695	4663	4594	779	2957	1144	0	0	0	20396	5007	322	0	315	0	0	318	3647	43	882	1727	10505	3635	2969	1050	0	1837	60025	0	0	0	1702	1139	13106	104	0	3537	361	2425	50679	16078	0	0	0	10799	0	0	1746	326	0	6784	0	0	0	0	0	167071	205460	49365	0	18944	1127	0	7006	3741	4449	5898	74015	3757	47602	0	10064	23732	13890	4511	0	16412	18726	20619	0	3137	4078	7070	43555	0	1949	0	2097	72	3971	0	26185	4085	689	3302	7456	0	4022	638	185974	14547	560550	16455	479	99389	920	503	516	25868	0	1595	1003	1853	0	987	222	9697	0	753	0	0	1479	0	55291	1474	0	2892	1745	461	0	46	658	8671	283087	1703	0	28543	0	0	944	237	0	906	5497	151072	3969	52047	13778	34119	6520	3474	25251	4367	2696	47311	689	3111	0	704575	23381	5735
GBM-BM-322-SL	1650	10258	3065	0	5795	4691	180720	0	0	0	259	0	0	31898	9563	0	0	388	42551	83	31889	559	5479	0	3551	0	0	6446	229	0	3542	75930	1974	0	3513	0	1198	1654	5148	25466	41536	22447	46440	14128	15678	81554	1320	0	20715	28577	6242	35488	5046	152	6681	16301	25863	307471	717168	0	22975	8001	2267	391	1635	3344	336	0	1288	0	0	3355	0	0	11997	164459	6354	0	1516	454	739	0	1781	771	0	0	14538	55684	12058	57090	0	0	0	69	2572	11552	3226	1943	7529	0	0	0	0	760	0	3650	113	0	0	6312	0	0	351	0	0	7389	0	582	79484	20535	6110	0	0	317	0	3133	0	0	7628	206	0	3187	3868	1485	2853	615	281	189	0	31463	0	1580	40	0	0	0	4727	0	2073	11271	4351	717	18816	10437	7590	0	3535	417	0	0	7599	840	3405	6780	0	496	3674	1928	269	3284	6161	0	0	0	0	0	251556	3582	61613
GBM-BM-299-SL	3422	16615	60694	5409	25842	28463	394720	2904	577519	524401	40613	0	0	12324	42598	0	3386	0	38	1821	400	7948	13309	3060	0	0	0	0	0	0	0	0	0	3435	716	1712	1617	586	2034	5023	3445	21002	12786	2293	5770	13006	0	0	78	3873	230	15013	7026	216	0	1038	17809	173081	78908	18263	4161	6153	21373	0	242	6837	7507	0	9318	7580	0	0	0	9569	112436	153987	559	943	26047	0	0	19094	640	0	48197	0	3580	46079	0	2130	0	512	0	0	0	5744	108386	6878	0	95023	0	24993	4717	0	69	8215	1176	12404	6486	0	0	926	675	499	0	0	0	382920	873	227953	102514	11173	62268	6835	0	3837	18059	1729	0	18856	0	3223	25952	7017	1610	518	1034	250	18469	42438	4271	123079	5494	4839	803	1629	3422	14483	0	1236	0	72322	25045	0	11840	8804	1011	1191	1135	9687	43683	4539	34595	0	1434	22432	0	3678	268	21421	400	431	212527	31679	45392	10128	742735	35056	10370
GBM-BM-351-SL	0	13224	2096	1994	717	7123	433342	0	63124	3575	1431	0	0	54833	2701	0	0	0	23901	3535	252	0	3858	2008	0	815	26121	17669	564	441	851	21849	163	0	3441	0	0	0	4361	5708	8633	2346	0	308	5530	113110	17127	0	15854	4873	1033	136592	201	1139	1065	751	651	0	593167	61721	14992	0	4311	2242	0	0	0	3612	478	0	0	0	2828	0	2190	8980	43955	4319	6652	0	0	1124	527	0	0	45784	2209	13993	0	6438	103441	80	0	0	16	9983	4950	0	9920	219	16778	432	0	933	0	9605	0	271	0	15486	1901	2707	0	1051	585	16380	1203	16393	124770	47043	14819	0	15041	0	46	0	264	0	0	0	0	0	172	0	6664	0	0	0	0	0	505	8355	0	0	659	0	0	0	6337	3096	0	16473	456	0	2716	0	0	0	0	0	0	93	28641	34843	17992	12578	0	0	5548	7846	35	0	0	0	0	0	97850	4195	31356
01-2020-087-SL	6638	56247	30391	10945	17052	46121	553288	10723	55780	0	39932	16706	7071	111739	97917	5894	19551	48893	23535	16985	15935	14522	123196	1594	265275	0	77791	75177	6259	0	7669	527384	11349	2661	86697	17840	3358	5442	17062	79334	5710	7043	593	2949	39281	102767	17322	704	100119	14206	1681	21220	1338	23476	13473	360	2052	107234	533796	4366	6982	1706	12425	43990	1181	4698	5861	4782	172615	1653	0	3266	164327	490	59700	81851	74578	95453	16210	138597	3067	40648	32938	3372	11551	123256	42966	7898	18395	65629	15863	4822	11906	4795	26216	66658	2188	11284	75781	1094	88179	3575	13434	4249	0	27964	7282	84407	3529	20581	11808	27439	5222	10299	5782	30580	16501	146430	458640	65933	305818	0	20927	13362	3538	9297	5206	437	1470	15253	14857	989	21571	13022	36632	7553	8761	3380	17088	65405	27868	19744	11324	675	4139	6009	14761	9770	3228	13953	2529	57441	1715	2629	24421	10894	348	0	10689	3277	69141	7052	100586	403833	0	1558	0	13924	36014	5025	2115	6729	0	14212	0	13533	78383	21665	29209
GBM-BM-268-SL	0	28712	81914	0	2651	20954	186376	40183	299044	542915	22456	5286	838	28451	17068	0	6220	1327	0	0	3138	356	31789	53	0	0	0	70629	7016	0	1360	4759	0	0	2809	863	0	0	1038	39733	14376	6252	1168	0	10658	40725	0	595	0	486	0	45949	0	0	6447	1029	0	177174	17658	0	11498	175	23412	0	108	207	1658	0	2898	977	0	0	4094	494	65103	21857	2203	1150	6729	2401	0	0	3954	0	29078	275	362	20087	0	14224	0	285	3030	0	13466	7271	8189	0	263	76	0	25350	1453	0	2461	48503	192	32444	1002	44314	4901	9300	2161	7078	0	0	15104	72856	0	99685	51829	241	37352	1243	2048	0	2424	0	0	0	1040	400	1001	0	4938	251	0	0	0	3971	4698	92313	2667	7860	1869	0	2728	0	483	0	0	12113	0	1434	2673	0	4220	814	0	5746	6318	0	107949	0	86001	1051	0	3659	5884	6596	24299	0	8721	0	12011	3758	264795	10231	1690
GBM-BM-418-SL	0	1332	8985	0	0	4097	278617	629	0	1158	0	0	0	70104	501	0	0	0	96395	246	0	0	0	0	0	0	0	129485	131	175	0	118079	0	0	0	0	0	0	8019	0	0	0	0	0	464	272400	0	0	0	45	0	0	0	0	0	0	6801	0	143053	0	0	0	9706	0	0	261	0	37680	3628	2317	0	0	0	0	96186	83798	14821	37247	49465	7355	0	916	0	1493	245452	4496	1605	41111	0	0	0	2137	204	15812	55235	2652	751	0	5492	0	1720	0	0	0	3735	14296	0	2926	0	24873	0	2792	39	0	0	16256	0	13340	160571	46463	25638	0	2080	0	0	0	3360	0	0	0	0	0	0	0	47832	0	0	89	0	623	0	5687	0	0	0	597	0	0	0	0	0	9587	0	0	32440	0	1932	0	3000	7544	1421	0	79005	0	30704	34637	0	124	3972	11803	191	0	0	0	0	0	504196	56817	0
GBM-BM-356-SL	476	1389	27774	37349	1352	7414	213538	0	176852	53848	14007	23866	3971	49132	6448	0	11560	0	0	1043	0	1112	2164	44	0	0	0	0	0	0	0	188	0	235	5682	2351	706	0	1687	13337	5832	7164	31731	0	12439	132180	0	572	0	2749	1671	187279	0	4756	404	0	5564	103756	60844	0	21846	0	17452	0	252	1102	0	0	4924	46696	5691	434	438	0	109452	18686	0	2098	24980	2361	3003	2790	467	0	108943	31954	1745	28046	0	18807	22798	293	0	0	6217	8587	18538	2604	1775	11305	1830	28448	1039	2081	0	0	725	1075	503	11696	1254	3299	324	2180	331	4292	0	98411	14154	216652	11155	2368	16949	3100	0	1595	3541	307	487	4561	1337	3039	2584	168	3926	0	0	0	0	18070	34134	11007	2692	908	4016	521	3452	3437	0	735	0	7684	6133	820	9890	569	1126	185	8574	0	17962	3498	77345	3647	74008	5574	0	1019	7284	9333	4167	498	22633	7793	10228	885	496785	2388	554
GBM-BM-379-SL	889	1524	98370	0	1088	10961	96817	227	487889	0	0	0	0	120961	2516	4702	1226	1458	2315	5204	0	0	0	1832	0	0	14437	75	5258	42	0	49045	0	0	2518	3548	0	1712	1251	3322	0	1462	0	1135	43	22781	0	2175	676	1392	0	12686	0	2533	0	0	148	7698	135981	0	1134	0	11025	0	0	84	0	21816	16626	2209	0	570	6970	0	155519	9844	20175	10300	10275	0	6321	145	1297	0	21980	33237	2090	3798	619	0	742	5239	342	1382	20856	23269	0	0	1812	115261	5508	0	1810	8815	643	17621	0	2391	0	25174	1836	7052	1450	2466	362	4035	278	91129	48558	0	3600	0	25056	598	0	0	17202	0	0	9385	1738	6396	2061	0	69170	0	0	275	324	800	2250	7662	109	0	852	2284	20114	0	0	5347	0	6792	2900	0	26688	0	2548	0	48	0	10134	0	85638	78865	0	6535	0	0	3852	0	0	0	0	0	0	0	50233	2985	13793
GBM-BM-294-SL	1969	12057	28777	0	9044	45776	459005	6229	62706	121299	58070	0	38041	101813	37950	0	0	0	333822	0	1690	920	7538	2555	0	0	0	360	789	0	1577	138626	0	1218	13008	0	0	0	6350	215585	20852	29528	16789	0	46071	112522	0	0	0	13438	840	0	0	0	38749	0	6112	0	133581	0	8084	0	11829	0	0	1455	0	1227	3529	879	0	3050	756	3340	17729	33451	0	15826	5629	9104	0	12366	0	0	47346	0	4205	5422	0	11856	0	490	882	0	10777	2576	3183	3476	1824	0	4497	9174	1315	0	0	15344	2925	6638	2393	0	1095	7156	2356	4585	0	11770	1225	20382	0	41898	60424	605	0	2786	227	10713	1152	616	0	1228	167	32471	12084	4752	1170	1751	930	50	2173	29508	444	5134	5078	5722	0	5771	47094	23368	7914	18149	831	12202	9962	15022	8449	0	4234	6708	37356	264393	66519	5656	23409	0	0	1138	3067	18943	603	14437	1247	0	0	12145	0	14059	43055	24732	771
GBM-BM-459-SL-PreOp	220	3841	112299	0	69	13657	148993	0	120108	244480	0	50859	1804	708	25906	0	0	18298	959	881	0	190	0	231	0	0	0	29963	0	0	0	4147	970	0	0	156	0	1114	1642	2126	416	291	3939	0	0	32956	0	645	0	218	0	0	0	0	0	0	10926	0	0	0	0	0	6417	0	0	213	1018	0	17293	0	0	0	0	0	223723	11241	46767	93693	25917	23784	2401	3047	7523	0	300881	0	11242	25919	0	0	0	949	0	0	11413	11871	3176	151	348	0	0	4244	177	0	0	1349	0	1122	383	0	1169	5635	7570	19050	0	0	0	115804	0	86642	39963	0	35061	945	0	1323	5932	0	370	0	0	0	1459	943	12005	0	0	583	13	249	0	34838	696	7648	0	0	4102	0	0	536	0	143359	0	0	29297	0	0	794	613	1710	8846	3927	0	26767	319610	20155	20634	1009	2753	21327	0	0	12135	0	3868	0	785251	204407	0
GBM-BM-332-SL	0	530	20219	1086	0	65728	158363	0	15991	7271	0	14602	0	158020	1452	0	0	0	128828	0	0	0	10509	361	0	0	0	101152	10139	0	0	327948	0	0	89372	764	0	177	5573	45895	1546	888	0	0	91257	200336	0	0	9336	1196	43	9037	0	5434	5188	0	0	0	353845	0	1067	0	50134	3501	0	0	0	0	0	0	0	0	26087	0	13351	32842	1999	0	3723	0	0	267	0	0	1631	70943	36	35852	0	0	0	0	0	1264	19271	145823	17236	0	46646	10443	22911	49858	0	4761	3143	106764	0	108392	0	33762	0	2489	0	0	3258	55763	0	28243	418116	49558	4175	0	8529	287	0	0	7567	0	0	0	0	0	0	97	45152	0	0	0	137	0	0	18380	0	0	2422	0	0	636	0	0	0	159597	0	0	1181	0	0	0	0	0	0	0	146834	294190	0	24184	0	0	12448	11134	0	0	177	0	880	0	343199	10116	6422
01-2020-138-SL	7402	25323	11394	0	27103	1119	201864	36532	0	192953	6248	64969	0	19455	21690	0	0	4223	3134	50437	22748	475	7639	0	42680	0	0	26565	4342	0	6393	34487	0	1085	0	0	4589	0	11874	28431	19951	8331	0	0	9102	321133	10411	0	0	40301	0	222628	0	0	1033	0	5033	0	62883	0	0	11617	10809	0	19073	7085	0	39892	111186	17345	955	49196	19096	8558	290096	180055	171657	385439	158898	1441	13372	4020	0	1199	234637	35523	32441	24710	0	0	17842	3456	17468	40835	53065	620	0	24419	3639	0	0	9002	170	0	0	39786	1321	14606	136	3029	339	13133	29	2740	0	1350	0	139678	133284	204726	335311	1196	20632	4632	0	10758	262	563	6039	6878	170	0	21050	62917	12486	0	231	0	0	0	3646	13714	18755	0	457	19417	47965	640	179	17427	0	296638	27896	10432	105209	226523	55573	2147	5955	8382	239370	0	0	235349	335297	28247	0	151707	1653	10956	6904	0	0	9779	0	25093	556753	119539	36426
01-2020-118-SL	3600	57168	8422	0	10528	2950	164887	0	68712	57315	55177	6191	0	15257	23874	0	1707	7118	5402	6048	10450	994	30718	1445	5714	44557	0	18343	11153	0	4793	25094	0	2075	10479	0	1102	0	4762	0	5996	5197	292	0	2253	18622	2650	0	0	5094	0	29802	0	0	1910	0	207	334959	25407	0	7393	0	10823	692	0	1902	447	31303	68442	7322	0	7340	8360	2091	277599	7094	115335	51949	32216	37058	0	27237	16327	0	67124	249	4743	7563	11019	3755	11350	6244	6094	80579	19012	3538	196	1454	2418	0	399	1419	250	0	0	6464	543	3059	4252	1687	3146	6239	715	10339	0	1199	629	35633	0	127731	60177	2377	6710	1463	443	4574	597	19	4305	9970	2320	0	4630	123	11646	0	2841	0	0	23397	1260	17285	4774	13	775	9927	14764	2174	0	828	28825	5307	15708	3505	20372	7674	13031	30101	190	6056	9747	8862	54926	2259	12626	15232	0	28402	3206	3839	32157	3392	0	0	399	186	186175	20873	50851
GBM-BM-386-SL-PreOp	0	0	1040	0	61	882	35644	0	2072	0	0	0	523	2669	73	0	0	0	32387	329	0	0	0	0	0	0	36795	27710	0	0	0	106581	0	0	409	0	0	0	6314	6558	1358	595	0	1308	2565	37783	0	6266	0	1229	0	5686	0	0	346	0	846	1035	18881	8463	930	0	1317	0	0	241	0	2546	2563	570	0	997	11962	0	21236	24516	234083	52253	8439	29343	5357	1722	0	1001	27582	80814	38919	35371	9418	3097	13258	1073	4036	83313	35057	525	0	0	1036	0	915	0	0	0	219	1775	0	0	0	0	0	0	0	0	0	304	0	7092	8921	25007	10551	0	242	0	0	0	0	0	0	0	0	872	1315	2011	23818	518	0	2066	0	0	0	615	39	0	0	12697	7821	0	0	228	19484	1755	12142	181	39210	0	0	0	0	3352	3657	0	70089	209	16387	285	2172	4332	2179	733	861	0	0	0	0	592	56577	139068	33732
GBM-BM-378-SL	0	0	0	0	0	0	0	0	0	0	0	0	0	0	0	0	0	0	0	0	0	0	0	0	0	0	0	0	0	0	0	0	0	0	0	0	0	0	0	0	0	0	0	107389	0	0	0	0	0	0	0	0	0	0	0	0	0	0	0	0	0	0	0	0	0	0	0	0	0	0	0	0	0	0	0	0	0	0	0	0	0	0	0	0	0	0	0	181724	9155	119	0	0	0	0	0	0	0	0	0	0	0	0	0	0	0	0	0	0	0	0	0	0	0	0	0	0	0	0	0	0	0	0	0	0	0	0	0	0	0	0	0	0	0	0	0	0	0	0	0	0	0	0	0	0	0	0	0	0	0	0	0	0	0	0	538	0	0	0	0	0	0	0	0	0	0	0	0	8714	0	230405	0	0	0	0	0	2607	229460	0	0
GBM-BM-462-SL-PreOp	0	10023	18961	978	4273	3058	95337	0	58599	149184	12590	5046	870	26429	6170	5588	44	3484	19935	810	107	0	131	338	0	0	1048	22908	11028	0	1502	48672	694	0	1539	7537	0	0	1896	290	0	2706	0	0	0	48601	50	1075	0	0	0	16077	0	0	0	0	295	4368	220557	0	0	0	4698	0	0	556	0	9130	12821	4147	0	0	2287	0	132788	69402	37788	25812	19738	4465	10616	0	0	3854	51391	15765	7410	23273	0	302	2474	1331	721	3080	27302	180	7457	268	2010	0	0	698	230	0	235	5376	145	101	0	679	403	2154	986	1266	0	3353	0	51804	12973	86590	40301	0	9798	909	0	1367	1647	0	0	1152	285	574	624	0	3087	0	211	1882	233	7126	0	3974	61	391	0	3456	3305	0	0	2981	0	21978	36865	1268	9265	0	1150	36433	2902	10397	5308	0	29751	0	0	4846	0	2301	689	3729	2722	0	0	0	0	6458	168999	11897	41517
GBM-BM-312-SL	1190	9096	2210	0	3527	2294	31415	0	1310	0	0	1203	0	13227	5986	491	2085	0	22579	6657	7068	2659	12753	397	512	18026	3986	2371	383	0	86	50084	476	82	6476	26	103	269	2090	2115	0	1714	163	0	2210	74685	10210	27251	1797	3316	0	17095	0	3451	688	0	486	2086	64749	5510	1595	601	7527	0	0	714	951	14655	11309	3426	0	0	1807	0	79012	70830	47252	13239	5980	7276	45976	7707	0	0	233	105138	1711	11898	3892	0	2036	293	5121	6521	42101	5895	1887	5475	2433	30	3167	1433	3177	0	2680	7297	0	4438	394	951	2166	4025	1559	3764	1637	2648	0	15626	110501	2025	15098	453	6209	2826	0	2935	356	698	0	6328	403	2195	3688	744	528	0	21	1330	0	15637	11149	1599	1166	0	376	1049	10718	0	2546	2597	0	1471	677	1640	3322	654	117	0	0	0	13470	0	0	433	0	1125	0	166	1662	0	1303	365	0	0	2231	0	193034	642	3294
01-2020-108-SL	0	0	0	0	0	321	43351	0	0	5230	0	0	0	3274	0	0	0	0	203	0	0	0	2212	0	201	695	3164	157	0	0	258	2792	0	0	3573	0	0	0	0	2338	0	0	9729	0	3125	16408	0	0	0	0	0	30369	0	895	0	0	0	3191	38619	106	0	0	1675	2867	0	0	0	120	0	0	0	0	0	0	35460	4102	3006	621	2918	0	0	0	0	0	0	4165	0	866	0	0	1383	0	0	0	0	32175	0	0	3180	0	513	0	0	0	0	16076	0	5367	0	2583	0	0	0	0	0	0	0	3406	51413	0	1465	0	0	0	0	0	2252	0	0	0	0	0	0	0	5299	0	0	0	0	1867	0	0	0	0	0	0	0	0	0	0	0	21198	0	0	0	0	0	0	0	0	0	0	9998	12936	0	0	0	0	130	533	0	0	0	0	0	0	82730	0	18984
01-2020-49-SL	0	0	139256	0	0	74605	575136	0	0	1386	0	502064	0	120353	0	0	0	0	9741	0	0	0	1878	0	0	0	0	0	0	0	0	52150	0	0	783	0	0	0	3420	7154	1809	123	33870	0	39914	273352	0	0	0	1189	0	27397	0	503	20585	0	5590	3700	598701	24662	0	0	47849	0	0	42	0	0	0	0	0	0	22459	0	0	570238	1808	24155	21949	0	0	2832	0	0	139685	1340344	17734	187059	0	0	35083	35131	0	0	128161	114097	10726	0	10911	8750	33	115770	0	21540	0	44041	0	142333	2552	0	0	95736	0	0	6080	204619	195915	489862	1538077	717937	15937	0	452738	0	10698	0	60214	0	0	889	0	0	0	153	0	0	0	0	0	0	3846	66177	1008	0	3702	0	0	0	0	0	0	988708	0	0	1219	0	0	0	0	0	0	0	4179	363947	71485	191849	21773	0	80657	58195	0	0	0	0	23439	0	1467033	49235	492
01-2020-20-SL	0	8202	97680	0	3543	184934	4625317	0	233953	0	373	0	0	897397	3720	0	0	0	339385	1792	0	0	0	0	1270	0	0	647585	0	0	0	168105	0	0	858	0	0	2245	5729	14602	5434	1066	9532	0	24373	440524	2810	0	0	4249	0	21622	0	0	3551	0	0	157	1361290	0	0	0	28939	0	0	821	0	31	112	33092	0	0	11016	0	96538	312439	11444	25153	9351	0	0	722	0	0	10711	31487	3920	242382	0	2993	0	43938	0	0	72387	0	4642	0	328522	140	25087	20529	0	53755	4907	455	0	79251	0	399794	0	10375	0	0	1265	0	14538	88711	8815	1464899	12592	0	108137	0	0	0	15466	0	0	0	0	0	86	249	93188	0	268	248	0	1876	0	405602	244	0	377	0	0	0	0	725	0	0	0	0	16272	0	0	0	3668	0	0	0	34485	0	145398	83841	0	0	72805	76219	0	0	0	0	0	2050	927653	29582	12151
01-2020-50-SL	0	1588	229625	0	5596	74483	539496	0	3662598	2097401	8723	211045	1107	694761	30439	0	536	8253	3028	0	577	0	1356	532	0	0	0	119581	21445	0	947	22780	0	322	1651	10267	0	2365	42	43188	8835	2332	0	150	35673	27717	0	0	0	0	0	390	0	0	2288	0	1034	28549	0	13022	0	0	59556	0	0	420	0	0	1798	19107	0	0	3002	0	119162	3067	4795	0	0	0	0	0	0	0	3708	2627	0	14092	0	0	0	23364	0	0	0	54532	344832	420	0	0	352712	167435	788	0	11467	648197	1289	182022	880	62360	1683	29753	3355	0	0	13201	0	490765	9920	774773	38347	0	298254	261	1397	432	68016	1531	0	1060	1335	0	1873	2773	213804	108	0	0	7629	4080	0	90112	4997	15000	83	0	0	0	0	0	0	296252	0	0	502	0	0	0	0	0	1605	0	35953	37928	3346	2477	64369	0	20161	65643	0	0	601914	1547	0	0	722459	6661	0
GBM-BM-295-SL	0	27982	95535	6022	9960	22583	551292	0	3119440	86174	4546	0	0	73051	16436	0	0	10406	38162	5240	6182	1054	4930	0	0	0	0	4492	0	0	0	0	0	0	0	1434	95	6675	1493	26682	9348	76664	23385	493	8954	209409	340	0	0	307	5272	282208	0	0	10262	0	34644	1558072	94051	0	179	599	43892	0	973	6907	476	0	690	0	0	0	0	0	791588	20747	1774	0	116483	0	0	1904	11056	0	308	0	8926	74270	0	0	0	0	0	0	0	5172	45745	8586	3280	0	0	4790	0	0	0	0	672	4394	0	21996	0	0	1286	0	0	5103	0	373710	43224	1105428	113940	0	68790	0	0	1298	22634	0	0	235	0	0	350	0	5298	0	0	0	648	26883	0	57686	0	0	0	0	0	0	0	0	0	214999	22738	0	5548	0	30	243	195	15601	3145	0	100888	0	23070	15258	8589	112	5478	8052	2754	1320	0	0	0	1049	1986360	53891	12772
01-2020-16-SL	3838	31558	78175	0	18159	17109	755681	35	217936	340463	117432	0	9543	20922	24477	35493	3735	20678	62798	0	9258	12377	3558	169	816	0	342	99676	42238	0	0	84031	0	133	5421	7417	0	2887	2455	13712	2532	29197	18122	0	12658	286459	15168	0	1282	0	0	5011	0	0	1910	0	11245	0	0	0	0	0	57414	0	0	2953	0	0	8023	0	0	0	0	0	308860	564240	1839459	152179	16895	14443	34308	7756	7363	0	491432	0	12356	60095	4014	0	0	7727	0	69218	35635	0	7318	3282	0	0	0	38000	3158	0	284	29732	1122	9806	2540	0	299	6336	0	1162	0	0	444	418889	1789	559981	90889	16981	13928	11396	945	16350	22653	259	4271	13738	2856	2791	23522	32371	356	533	105	2085	4670	164361	18176	27834	14451	2807	1013	176233	190676	0	0	0	0	12525	31790	0	133512	4552	6303	514	2762	1532	75052	6770	10241	2893	578	19534	24523	21839	18736	49852	0	0	102	42175	5795	14418	4410342	1113729	13971
01-2020-30-SL	0	0	138653	100957	0	59870	2834913	0	0	95844	1120	71766	0	517924	0	0	0	0	29955	0	3290	0	0	8036	0	0	0	103003	0	0	1173	0	0	0	1537	0	0	0	10148	53757	65286	12689	5021	356	24028	305645	0	0	0	64834	1970	71330	0	10319	20444	2510	6736	1090167	231246	373054	4992	0	51887	0	5830	347	0	0	0	0	0	0	0	0	151521	628263	15583	5574	581391	0	0	0	0	0	0	0	15066	80670	0	0	0	17901	0	0	0	70386	58927	0	11148	36330	82	60604	0	10750	14366	67326	0	22801	0	115868	0	11602	0	0	0	41325	0	357010	99567	1179403	109298	0	185664	0	0	52	50268	0	0	1017	0	0	0	0	59391	0	0	0	0	0	0	309280	0	0	0	3653	2523	0	5093	7413	0	42559	5372	0	9864	0	0	2082	0	1113	0	0	447225	11916	122325	40214	0	0	24104	50730	751	0	0	0	27703	0	1447992	720555	73572
01-2020-10-SL	0	59465	14320	0	3063	753326	653289	42460	15237	28339	7443	0	0	1755401	66241	0	3106	8808	1745316	8889	11492	838	46333	6293	143154	702509	1560731	0	8457	31969	164504	1884766	9962	1446	269506	0	10295	8308	50585	476024	66761	20330	92905	56143	210477	662989	72445	7372	76811	57814	5024	22081	75465	1601	36410	150933	11134	295660	1230403	0	35221	705	15786	1314	2380	2055	136	11082	0	0	1162	1494	40633	0	678	111578	501643	268207	31574	1796	0	0	0	0	2004	395863	15524	143643	360792	209956	26117	34176	5448	2355	11765	186051	0	0	198652	0	41854	0	0	36178	4400	34319	0	48536	14	46443	8177	4383	1243	0	17214	390715	10484	15145	1955760	272147	45010	0	0	4060	56	0	897	0	0	0	12110	0	613	1659	151584	2463	2921	12107	2282	2352	0	43713	1047	0	0	572	215	0	31257	54942	8212	82520	0	0	20566	0	6138	0	722	0	4633	1286	26204	195262	36513	35598	857	156	67761	190824	14226	1055	0	0	0	0	586394	55496	40190
01-2020-64-SL	2176	5745	30898	1145	28780	6054	545413	1357	0	73842	23086	1766	0	261	13934	0	0	0	7518	193873	0	0	2108	292	6784	37874	0	1244	0	0	0	0	0	0	0	0	0	0	6411	108718	178314	8310	0	0	38535	119089	0	0	2286	28703	599	406600	150	0	19426	1710	0	220102	218051	0	0	273	8365	0	1391	1505	0	0	0	0	1283	0	0	0	109618	210851	783	0	46598	0	0	0	2055	0	97713	0	8856	12786	8069	0	150131	0	0	0	0	0	24707	0	18811	0	3849	4731	0	0	0	15088	2191	5824	0	0	0	0	0	0	0	0	111	61699	28346	419444	192977	0	15515	0	0	0	4369	0	0	1423	0	0	0	0	1399	0	0	0	136	0	0	4370	13	0	0	1368	0	0	5683	5863	0	4438	7706	0	42733	0	1256	0	0	0	386	0	4534	0	0	346	15804	0	59	12679	1667	1469	0	0	1053	2837	179436	19044	26298
GBM-BM-259-SL	396	23025	79142	0	899	31562	1317126	0	57648	0	2565	12464	0	274504	11393	0	0	1064	30087	2631	4693	0	0	689	0	10629	0	30268	2122	0	5119	59433	1809	0	29342	2856	0	2206	682	31215	13465	6750	2711	1962	24583	32149	0	0	0	2428	42	3011	522	2974	738	0	0	1368	214608	0	20463	0	73548	0	144	993	1293	16337	2465	14147	2280	0	8697	0	129590	22866	17611	809	176	0	0	229	154	1582	84988	811	0	17454	0	0	4000	11257	0	0	2996	16429	131264	586	32916	130098	4281	10002	0	14970	16852	51797	523	39258	0	14429	2830	26072	786	0	208	39400	4172	256136	67287	637100	9829	0	10787	501	0	1220	13470	0	0	735	0	0	1892	6392	34146	0	0	0	1797	2319	0	265480	76	0	49	2654	4537	0	0	2337	0	54129	10396	0	1517	0	9007	342	3117	2111	2449	0	32565	110616	0	4801	0	0	43205	3898	0	0	0	0	3214	0	138989	4229	1671
GBM-BM-279-SL	0	97953	143721	0	22139	41371	830711	0	717	1177431	13005	334907	6794	70374	23330	788	0	4444	11999	0	355	0	5809	0	58141	6862	0	31625	6185	957	4513	0	1217	0	5472	0	0	0	1601	12034	37008	1100	0	0	8939	242956	0	7050	0	11572	0	26523	0	0	4372	0	7601	17750	42479	0	44	0	18790	0	0	74	580	965	3906	3777	0	0	1684	0	150763	56021	1327	3268	14063	482	1513	5414	0	0	121615	0	271	30939	0	0	0	1535	196	0	0	6772	68653	0	5901	0	1513	59553	0	0	5900	62023	441	55757	923	0	1556	20442	0	373	0	1358	15109	392850	64483	380860	58467	0	109837	579	1527	0	15361	131	0	4637	0	0	0	0	2040	0	0	0	0	91	0	174835	2075	0	913	940	1047	0	0	0	0	79074	783	0	37557	0	4972	0	0	0	0	0	0	0	26520	42407	219797	5180	8106	24290	0	0	4939	0	33444	0	332517	22448	8642
01-2020-46-SL	3727	4262	95932	58501	7322	81593	1128665	0	807054	344402	58311	135126	1818	277986	24641	0	0	0	434352	88	0	0	91142	0	3384	31825	298729	0	0	0	0	433145	0	3499	27926	0	664	1874	1255	71425	36578	8426	0	0	158101	139655	1543	0	0	0	0	192087	0	26644	9558	0	0	828	920958	4982	66460	0	65038	0	0	3354	802	3971	0	4044	0	0	31522	0	9489	113322	29527	0	4192	0	0	0	0	0	102	29360	3271	69185	0	5909	38931	6481	0	12716	0	42439	50412	0	115911	0	133253	110711	0	104237	0	140455	14	88498	0	97696	0	4549	0	0	119	38829	0	384844	503791	487283	33330	0	375097	1673	0	0	23816	0	0	0	0	0	60	0	54349	0	0	0	0	30596	0	37737	0	0	0	0	0	0	0	0	0	22984	554	0	0	0	0	0	0	0	0	0	31854	0	19947	438	9208	0	16595	8151	3742	0	0	0	0	0	217773	445	9534
01-2020-42-SL	1353	36903	18068	0	30725	23565	588405	10404	967200	1171	9031	15060	650	118356	44992	0	2841	0	0	7103	1731	0	3510	428	26818	0	0	2522	3345	0	2300	9278	7197	0	25227	237	9367	0	11106	151461	5076	94844	109178	0	12515	325346	56173	638	114229	964	7659	11392	0	0	11031	0	713	337131	545438	22144	28628	5444	4753	65	0	6831	0	0	316	969	0	0	0	2984	519	7020	341953	0	503	0	0	521	161	0	1737	0	236	31638	0	11241	5651	0	0	0	0	926	42972	8089	0	0	0	918	8	0	2108	0	475	19925	565	0	4201	0	1860	1212	0	16045	1200	15682	0	35352	128085	0	1738	0	771	9888	110	428	0	3223	0	15713	6001	308	4690	0	2586	0	349	15232	379	0	642	0	0	1308	15704	785	0	1005	0	0	9721	0	2334	126	0	0	0	8479	11911	2841	3047	0	1641	0	0	2580	5219	397	34783	0	0	0	0	1106	629239	27416	7644
GBM-BM-291-SL	633	37271	70205	0	4247	9235	803235	0	821807	876302	1773	8617	0	257457	27799	0	0	19356	13262	28634	0	0	13908	0	180	299235	0	38166	0	8200	11024	2311	8017	0	34109	878	0	2336	11728	116	179463	2256	67353	0	98951	0	0	0	0	3657	3903	153056	0	0	0	0	0	2554	0	7521	0	0	34010	0	0	493	214	0	0	0	0	0	0	0	0	11876	0	280	32768	0	0	396	748	0	0	5233	3538	20298	0	12538	8922	0	0	0	0	544	20467	0	0	0	1026	33223	0	0	0	12039	625	0	2852	123	0	1058	1588	943	0	36745	0	68586	172607	520469	90881	0	53372	1943	805	0	2236	0	0	0	0	599	277	0	1208	0	0	0	2064	4943	1423	13570	244	0	261	182	5796	0	5272	6956	4641	17471	1923	0	869	0	0	0	0	0	0	0	14843	0	9705	33027	16758	0	8823	54996	445	0	0	0	0	1770	910379	32089	146441
01-2020-90-SL	0	10384	20606	0	10178	6254	585960	0	48294	111651	0	9534	790	256	7047	0	0	3770	0	0	3350	0	1330	0	0	1366	0	0	7175	0	0	273	0	0	0	0	0	275	252	5506	11808	8143	6342	236	4247	38333	0	0	0	694	0	84974	0	0	738	0	8343	106282	33529	53101	0	1565	13970	0	0	796	0	0	0	0	0	0	0	1276	525239	24862	8048	423	22438	1408	0	81	0	0	63624	0	19925	24592	0	4056	28684	0	0	0	0	0	80326	1794	519	345	0	6173	0	0	0	6134	0	4093	0	0	0	0	0	0	0	0	625	433252	5206	869710	233489	0	13609	0	0	226	0	0	0	0	0	663	0	84	2890	0	0	0	1025	1213	0	133599	678	0	0	1313	555	0	0	0	0	37562	17077	0	22965	104	3808	0	0	0	167	1625	158048	0	0	19768	0	1057	474	21368	3470	0	43489	0	0	4441	741481	28434	83005
01-2020-14-SL	0	17916	32557	0	653	10737	810121	576	87943	0	49694	1259	27173	20753	25901	0	11632	42327	9293	11101	629	12660	20972	1300	0	544	0	17135	12029	1153	2688	3779	78	33	120	1960	2352	1701	137	1161	3473	4930	2454	0	6866	30901	153	0	14817	14079	0	36502	0	0	2771	0	606	1854	25183	0	7019	0	2386	330	0	530	0	0	0	0	0	0	0	0	215491	7611	14509	0	8363	14373	441	6468	11548	0	2792	19554	3094	6669	0	3290	14066	468	0	0	977	577	5768	0	6939	3225	0	505	3583	320	0	43	1021	1947	636	15461	3016	2135	1679	976	0	15890	8831	30229	120233	59598	93247	695	7882	3150	0	0	0	0	0	632	102	0	0	0	379	361	0	0	1856	3033	9002	5273	6371	0	0	0	1443	0	0	5546	0	922	4751	0	8077	0	0	0	0	0	2129	0	104	0	826	4526	0	2658	898	16063	0	0	5866	3011	10769	371	65768	8647	22157
02-2020-49-SL	5478	34625	63603	19661	26308	31002	90546	0	215422	190996	3642	2992	970	171317	18781	0	0	0	41499	16573	1252	1462	25269	0	3716	0	0	34521	2066	375	0	49440	0	0	30200	480	322	0	7742	587	31111	14223	51405	0	18047	33835	0	0	0	13936	3919	18534	17140	0	2410	19725	6494	92733	68356	42377	11594	4755	33537	15879	10761	11047	0	46530	24491	12259	0	6552	26503	0	9869	17113	56204	44480	4076	26494	22830	7882	0	3924	38052	9104	2076	34405	0	8178	0	4684	4801	0	15355	45152	66477	12154	98	0	14467	13343	0	12225	4367	26904	1376	10332	0	29690	0	5725	2680	1208	950	4664	0	108356	5837	504244	134733	2409	66467	6268	0	10410	18521	3079	2066	11943	0	20103	21661	12809	58538	8957	330	3392	0	95339	0	23665	1805	0	0	14403	129501	2531	0	7557	0	31091	28957	1709	91628	14503	7175	24402	0	25905	20211	2005	178202	0	119753	5120	0	41307	10766	9132	33711	3756	0	4019	2589	0	658607	138144	34047
01-2020-22-SL	0	25645	92938	0	6993	6753	92273	1518	657409	351149	0	60559	0	157867	20365	0	0	0	4893	6225	6409	1944	1365	0	973	0	0	8115	1799	2123	0	9746	0	0	0	0	70	565	1251	30562	4227	5831	11797	3795	10901	128530	0	0	0	14088	0	23125	1871	0	346	0	28642	11328	13157	0	2264	554	34756	0	0	1509	0	0	2725	0	0	0	0	1811	211995	24262	63853	26226	54840	3493	0	0	1306	0	69045	1218	14494	21940	0	0	2442	1108	552	0	1905	9752	60453	0	0	0	0	1512	0	0	3324	11782	1566	23394	0	854	0	1004	30	0	0	0	0	176745	72314	468972	67516	0	110625	840	0	2318	18824	0	0	0	0	0	236	279	29600	361	0	159	465	13198	0	12802	7531	0	0	4533	7395	53	322	9295	0	38689	10479	0	63230	234	0	1639	0	748	2741	0	29787	0	0	22739	126472	3953	0	6449	2769	0	0	420	0	13646	570236	270491	15371
01-2020-09-SL	117	6979	8689	0	11188	699	116654	0	0	85290	15237	0	3965	3455	768	0	0	0	4000	1019	0	0	0	0	0	0	0	8482	434	0	0	33173	0	0	7208	0	0	0	1048	36193	5857	3184	4629	0	37077	146069	0	1279	0	8058	0	145765	0	0	3788	0	14032	0	31308	0	4370	294	3332	0	603	1600	0	984	3887	0	0	0	0	0	30105	2862	46837	71068	151382	0	1653	33372	0	243	148477	2477	2804	18691	0	5367	0	1894	0	3679	10160	514	3719	0	1180	0	0	5894	1987	0	0	9123	0	4913	0	3872	0	3575	0	0	0	0	0	66723	0	393084	245464	0	18843	4878	0	3601	2191	919	1061	8950	0	0	688	5232	81	0	0	0	0	0	0	5567	19786	0	0	531	8271	0	174	0	0	8762	1453	0	28824	1400	0	0	14402	28671	23768	5943	0	0	0	6658	0	49	3962	15137	0	0	0	0	0	9989	708964	114803	31942
01-2020-24-SL	0	0	1029	0	4941	8262	178521	0	1028	0	350	0	0	0	1911	0	0	0	33516	16684	11290	0	1918	0	0	0	51728	2076	139	0	21087	48270	0	0	38772	0	14780	4360	7668	91912	23069	4946	2252	3290	63356	142022	0	1934	0	11304	6492	270551	0	70	16631	685	456	38890	633639	0	158213	0	3146	2553	511	201	0	0	0	0	0	1160	0	0	0	5984	10425	387	22823	146	0	0	0	0	0	335	486	4603	0	0	48166	0	223	0	0	2219	0	0	33047	0	640	0	0	0	0	4681	30	183	0	3707	0	0	0	0	0	1342	0	0	118458	0	69582	0	71	0	0	884	0	0	0	0	0	0	4126	0	1119	0	0	0	0	10985	0	0	0	0	0	2864	5028	26	834	1864	0	0	498	0	1331	0	1294	0	0	0	2080	0	2038	0	0	323	0	0	0	0	2140	0	0	0	0	0	61038	69331	24902
01-2020-27-SL	0	552	12244	6240	0	68679	218178	0	27624	22306	0	3505	0	46751	9894	19847	0	1046	126790	1542	1995	0	0	0	62426	170817	175996	11559	3141	11467	2149	473434	0	0	17967	0	0	0	204356	20748	5675	2238	0	0	8225	185007	69816	1629	5105	1072	0	75881	13885	0	4890	698	0	91037	594463	0	26362	0	17377	3855	0	0	0	21127	6392	5218	10914	0	5109	0	26825	23860	88026	25777	38452	3965	0	0	0	190	1809	14179	6595	8290	7037	2668	1751	5600	0	4996	1374	28434	0	0	36824	529	2484	0	0	20153	920	10331	0	14814	0	21895	0	0	1144	0	852	18310	0	100346	253499	7991	42626	0	1505	0	0	199	23765	0	0	734	0	338	189	2611	36490	0	1554	65829	0	0	0	6555	0	0	0	10338	25	0	0	766	4394	4629	2028	0	3854	0	0	0	0	0	0	0	1762	8968	0	413	0	0	7932	3084	1001	0	0	0	0	0	109570	19255	53494
01-2020-08-SL	0	2823	86273	0	0	4009	84573	0	200968	584120	10010	170963	0	52	301	0	0	0	0	0	0	0	0	0	0	0	0	41909	0	0	0	0	0	0	0	0	0	0	0	2206	9939	0	0	0	5522	19636	0	0	0	4577	0	14393	0	0	0	0	343	28897	2254	0	0	0	13544	0	0	0	0	0	0	0	0	0	0	0	281321	0	95	0	166237	0	0	1453	0	0	101126	0	995	27123	0	24347	0	0	0	0	0	0	8768	0	485	0	0	0	0	0	0	0	0	0	0	0	0	0	0	0	0	0	0	5995	0	178622	417579	0	29170	0	0	0	0	0	0	0	0	54	0	0	139	0	0	0	0	0	0	18429	26	0	0	0	309	0	0	870	0	30989	1184	0	2570	0	0	0	0	0	0	696	48749	0	20511	2187	23425	6155	1795	18221	72	0	142162	3324	140466	1327	232858	36469	23564
01-2020-12-SL	3592	37610	0	0	4501	0	80647	0	110577	6852	133	0	0	0	0	0	0	0	0	0	4454	0	0	0	0	0	0	0	0	0	0	0	0	0	0	0	0	134	1360	0	0	0	0	0	0	0	0	0	0	0	0	0	0	0	0	878	0	0	102326	0	0	0	1783	0	0	403	0	0	0	0	0	0	0	0	0	0	573676	0	0	0	0	3720	0	0	0	3785	0	0	0	26683	0	0	0	0	0	0	333	5885	19469	0	0	2266	0	3115	0	0	0	8594	0	0	0	0	0	0	0	0	0	0	0	0	0	0	0	0	0	0	0	0	0	0	0	0	0	0	0	0	0	0	0	2941	0	0	0	0	0	0	0	0	0	0	0	0	0	0	0	0	0	0	0	0	0	0	0	2239	0	0	0	0	0	0	0	0	0	0	0	1589	1779	2502	0
01-2020-19-SL	0	4384	22652	0	1888	4331	267746	0	47730	72691	27912	0	0	96804	10314	0	0	5660	0	668	0	0	6178	1272	0	0	0	32613	2981	0	3097	0	0	87	0	0	0	0	338	20759	13491	5936	0	2113	8694	35564	0	0	0	0	6629	0	0	0	735	0	0	0	5801	0	0	0	26998	0	0	411	790	2237	289	0	0	0	933	0	0	26042	29956	119	19359	0	0	0	0	3360	38896	947	1028	48839	0	0	0	2729	0	0	31742	11628	66486	0	4992	0	61356	33015	0	2536	10901	54003	634	24621	0	15983	1401	1875	76	334	0	12545	358	53548	6225	433854	8850	0	15146	0	0	56	27961	0	0	582	201	0	0	1522	18388	0	38	0	1082	11859	294	23499	1024	0	0	0	0	0	9137	9860	0	24800	5851	0	28130	0	0	0	0	2025	101	0	63327	1054	3789	21454	18442	797	3875	73662	0	0	0	0	0	0	525268	146033	15994
01-2020-41-SL	3893	25825	119045	0	79093	31246	291458	0	0	339518	204871	0	0	29181	41915	0	0	0	0	1646	0	24201	2191	0	0	0	0	0	0	0	0	0	0	0	0	0	0	0	0	1536	11411	23077	5532	0	4781	1041	0	0	0	0	0	0	0	0	0	0	1524	0	0	0	0	0	11998	0	0	6046	0	1064	5067	0	0	0	0	3323	92566	0	0	0	5980	128760	0	612	0	0	74608	0	0	10302	0	0	0	0	0	0	0	421	42792	8930	0	0	0	49567	1888	0	0	38829	7204	12271	0	3045	0	735	48	55	0	0	0	82956	0	353265	400190	11122	27629	13019	0	28009	21359	1229	0	12110	0	0	287	4161	8140	0	0	0	0	20161	0	16823	43860	0	0	0	0	539	0	0	0	19320	0	0	204226	0	0	181	74789	42663	13550	0	211827	0	0	0	0	2892	2109	24216	7483	2518	26445	29549	20755	7572	484005	12969	0
01-2020-58-SL	0	3796	28546	0	0	10613	450301	0	0	0	4002	0	1004	71543	8928	0	0	0	20456	85	0	0	4313	0	0	0	0	45626	3281	0	4123	83887	0	0	508	0	0	0	547	7914	0	0	0	0	8848	24162	0	0	1477	1390	0	62343	0	0	636	0	0	62966	255447	3848	10754	0	17403	0	130	0	777	10553	1584	1142	0	732	1622	0	559	0	10139	10544	20940	3578	2154	87	0	0	15043	28419	2481	5793	496	726	706	11405	181	0	7269	3173	6718	0	6705	0	12808	0	0	0	5966	67483	0	27713	0	7063	0	5383	50	0	64	11642	0	228346	165033	828	8753	0	23513	43	0	0	10317	197	0	63	0	0	240	171	5525	0	0	0	3346	2961	0	40976	1890	42	0	1004	1840	0	0	0	0	34543	0	0	1430	0	0	0	0	942	0	0	20824	5622	0	0	0	0	6970	0	0	0	0	0	0	0	161308	23038	36681
GBM-BM-265-SL	0	5733	93801	0	0	1862	362384	0	0	0	12394	0	0	6166	2064	77	0	0	0	0	0	2105	0	584	0	0	0	0	3293	0	0	0	0	0	0	0	0	0	0	2372	0	533	5553	0	552	161	0	0	0	0	0	0	0	0	0	0	3034	0	0	940	0	0	3145	0	0	0	0	0	312	0	0	0	0	0	3227	0	2073	0	877	22137	0	0	1172	0	81947	111	460	2317	0	0	0	2179	0	123	0	1237	0	0	0	5699	20293	0	837	7661	0	0	56	2658	0	0	0	4754	0	0	0	0	0	0	40222	0	22135	228	20723	2251	0	0	2216	0	0	0	0	0	775	0	4335	71	0	0	1359	1937	0	12768	3644	0	0	478	0	0	92	0	0	30070	4256	0	4070	0	0	0	0	0	0	0	31030	15303	0	0	0	2904	0	688	0	0	0	0	0	0	186317	152089	5366
01-2020-21-SL	2088	12641	16023	0	1403	16684	72627	0	9658	1056	10973	0	1483	75631	63537	1264	0	0	56985	23640	15535	0	3808	17	0	11872	68884	2095	0	19627	8187	273662	2821	0	21920	0	1198	0	4133	35359	21605	1134	2252	3752	26202	94082	0	0	3658	3068	0	140103	1266	14406	8916	0	0	4351	224510	40866	32221	0	2770	911	958	257	7978	19487	10538	1562	887	4349	11475	0	4644	11807	8629	4439	5985	215	180	0	2409	717	0	29316	7601	13965	0	1812	47099	1025	931	9990	18721	14589	0	0	21590	104	14841	0	207	8029	1994	8239	0	5102	780	8962	0	3093	979	523	9795	10711	696	1061	354928	2078	20687	0	2644	297	0	357	240	0	0	236	0	2443	6530	5543	8867	2207	0	0	68	0	0	560	876	0	0	6888	6779	0	0	3999	1183	2961	3057	0	9652	0	1610	0	0	0	8622	0	8003	17261	0	211	0	0	2383	2104	4613	0	0	0	0	0	200013	9761	44577
01-2020-52-SL	219	7355	32711	152	2896	9106	208682	0	133317	35236	65287	2595	0	42726	5935	31036	6509	5273	2520	0	0	10494	14535	950	0	0	479	27675	21277	0	0	4199	0	0	0	514	0	0	1607	2954	13561	2294	4445	3917	6961	66811	0	0	0	11848	85	88538	2366	1272	0	0	15044	0	27676	0	0	0	10271	0	1587	1209	0	0	5795	974	0	0	0	0	58606	1315	1371	8309	62696	5737	0	645	6893	0	12672	1977	2078	1552	0	0	0	658	0	0	135	78	2760	0	0	0	0	0	1537	0	212	3172	0	2314	511	396	2733	909	1534	1037	0	0	1861	80242	6542	19519	64584	1501	9175	1022	334	89	7265	0	280	5229	0	0	3106	960	707	0	0	0	491	28924	1052	8059	3317	20	0	4976	2872	0	712	1142	0	497	10781	493	17205	0	3821	4716	9425	2005	4368	0	5839	0	1356	1609	380	16	29	0	5273	0	0	1198	0	139	54977	9072	38775
01-2020-29-SL	596	36051	10536	0	23156	4626	157138	0	204887	76603	51347	2552	806	17466	5342	0	0	0	3519	2892	5829	0	0	0	19018	1453	0	1560	0	0	0	0	0	0	1961	0	0	0	773	33771	8111	8338	787	0	840	15292	1241	0	1475	87	0	45046	0	5089	0	0	0	2030	15943	887	0	0	2486	0	0	972	0	0	0	0	0	0	0	0	30129	43288	12027	590	808	0	0	3004	4446	0	823	0	0	6450	1708	0	52811	0	0	21363	0	899	22859	3821	2634	798	529	3206	839	0	0	0	156	2813	0	4649	0	1198	0	0	0	7796	287	22282	940	67694	46175	13	27452	980	0	1398	262	1533	0	2913	0	0	341	125	805	0	0	0	809	5944	0	26158	3814	880	1140	640	148	0	2262	0	0	1615	928	0	9275	0	0	2129	0	2064	2090	0	13868	0	7137	352	872	514	538	1028	2282	0	0	0	0	1694	3829	9149	5144
GBM-BM-305-SL	23	16424	9211	0	1413	10128	144278	0	6019	0	5324	0	0	76866	7572	31848	672	149	42635	54126	3288	0	53359	2621	0	0	4013	0	30253	11638	5654	201802	12871	0	36524	283	124	0	1516	21839	5102	1959	0	0	11087	63257	353	6754	6423	0	0	34796	0	0	344	0	0	92549	85341	0	9590	0	1779	0	0	0	0	69252	5762	0	1802	1460	4535	0	8631	7932	10042	20916	12463	0	17579	0	2394	491	67	40014	2415	12302	569	3884	32376	12580	12678	7077	21699	37674	0	0	555	240	3303	0	210	6263	0	6051	253	8518	1154	15007	1797	7542	1107	1760	8198	29655	10974	2998	177505	54	41613	334	166	886	0	675	386	0	0	0	0	3997	657	0	6586	0	0	0	0	865	330	7951	1007	0	708	10256	6504	0	0	975	2061	11683	0	0	5869	0	0	0	0	0	0	0	285	14005	0	10132	0	254	1605	0	177	0	0	0	0	0	52118	10078	34539
GBM-BM-282-SL	0	989	2176	0	0	0	77028	0	21659	22024	0	0	0	8559	415	0	0	43	0	0	0	0	0	0	0	0	0	976	0	0	336	0	0	0	0	0	0	0	944	53823	16097	6043	15098	0	1809	15359	8444	0	0	7024	0	61800	0	0	408	457	0	95907	164400	0	0	0	478	0	856	32	0	0	0	0	0	0	0	0	10391	3365	0	1101	0	0	0	0	0	111	0	0	0	6262	0	0	71642	5047	0	0	1906	0	739	0	755	0	0	134	0	0	0	1682	0	417	0	3389	0	0	0	0	0	640	0	1668	0	54160	108593	0	872	0	0	0	0	0	0	0	0	0	0	0	3609	0	0	0	0	0	0	0	0	0	0	0	0	0	1189	0	0	0	1117	0	15258	0	0	0	0	5988	0	0	2865	0	0	6464	0	0	0	3084	0	0	0	0	231	0	52377	18166	2916
01-2020-28-SL	0	30409	0	0	0	1991	0	0	0	0	8574	0	0	0	18329	0	0	8717	0	0	0	147	2370	45	0	0	0	0	0	0	0	0	0	0	0	4399	0	9732	0	0	0	376	0	0	8327	224	0	0	0	0	0	0	0	0	0	0	0	0	0	0	0	0	0	0	0	0	1232	0	2196	0	0	0	0	0	20374	0	0	31921	23177	1345	0	1356	0	0	54311	0	1881	2568	0	0	340	0	0	0	0	0	0	0	0	0	0	0	452	0	0	0	432	0	0	0	306	0	375	0	0	0	735	0	0	0	52774	0	0	1714	0	0	0	0	0	0	0	0	0	0	0	0	0	0	1137	0	609	0	3368	0	0	0	0	0	678	0	0	0	2657	0	14605	0	0	0	0	0	0	0	0	0	0	0	0	0	0	422	0	0	0	3584	0	1532	184000	154162	35293
01-2020-44-SL	185	8765	510	0	174	3740	36609	3970	15851	550	10454	0	2440	546	16418	0	0	22097	197	4359	9202	712	21945	2436	0	3486	476	666	13177	4359	44	5549	1110	0	6574	2988	1111	7960	2234	1048	20834	1008	0	0	0	21640	5548	11888	7736	10798	1203	112659	0	0	0	0	188	35947	297	0	237	0	38	60	0	1162	1019	0	7004	0	0	290	0	0	33350	2922	34612	14802	48671	0	6234	1223	3735	978	6567	0	3182	1567	0	0	0	214	997	739	301	0	0	0	0	0	0	0	0	0	0	0	311	0	254	0	1555	0	8291	4414	0	0	0	12345	0	31858	19479	2110	337	2275	993	0	0	0	0	3320	1643	860	6575	2003	1632	0	381	0	0	16815	0	720	2900	0	0	175	9865	0	0	107	0	2018	931	0	36359	0	1327	0	787	0	10775	1884	94987	2456	0	0	0	21054	0	0	0	0	0	0	0	0	47984	1372	0
GBM-BM-308-SL-ab	0	401	0	0	0	0	8956	0	0	0	0	0	0	1774	0	0	0	0	9397	0	0	0	0	0	0	0	465	56	0	0	0	9586	0	0	0	0	0	0	0	0	0	0	0	0	0	3026	0	0	0	0	0	0	0	0	0	0	0	0	0	0	0	0	291	0	0	0	0	0	0	0	0	0	0	0	576	2324	31278	0	0	0	0	0	0	0	24	0	0	655	0	832	217	0	0	0	0	0	0	0	0	0	0	0	0	0	0	0	0	0	0	0	0	0	0	0	0	0	0	0	9047	0	0	0	0	0	0	0	0	0	0	0	0	0	0	0	2600	0	0	0	0	0	0	0	0	0	0	0	0	0	5365	0	0	0	0	0	0	0	0	0	0	0	0	0	0	0	0	377	0	0	0	0	0	0	0	0	0	0	6781	3893	0
