feature	X1552	X13165	X9450	X6952	X9467	X16971	X1543	X17167	X8007	X6956	X2043	X1564	X1536	X6939	X1472	X1545	X9712	X17130	X8071	X8235	X6936	X1468	X1466	X15878	X8130	X16987	X1395	X2492	X8047	X2502	X8059	X1522	X8245	X15888	X17153	X8053	X8249	X9649	X7298	X9463	X8255	X2479	X4494	X7285	X19850	X6055	X9447	X17007	X5266	X1525	X2497	X5273	X5989	X6067	X9422	X19351	X9648	X1561	X6001	X9631	X17008	X9733	X2532	X7295	X9634	X19825	X9632	X7284
01-2020-64-OR	97745	3197401	19464	32963	832140	8271	57	0	7684	270	0	0	0	550191	0	0	73007	0	5683	0	2028	0	21271	233626	0	61281	1330	157012	101246	396775	0	14738	11743	15527	0	129	23771	0	0	0	443	49825	18898	0	0	0	0	0	1081	3158	42082	0	0	0	0	352	0	0	0	0	1110	0	2464	0	0	0	0	0
01-2020-90-OR	1503338	695374	39678	2670641	505988	3971955	214824	883868	1981658	18257	3029	1522	2449	1671652	0	66961	204746	141201	300602	43333	890936	0	16233	249743	10549	576486	7973	51201	124400	78732	0	50259	0	326164	318729	9695	80103	0	519	232103	107968	31991	5957	1037	3032	12035	4992	39687	0	60298	86961	22386	0	0	96167	42238	0	22672	4057	0	60012	0	3567	0	0	0	0	0
GBM-BM-323-Or	75872	34305	0	0	2418503	10829	0	0	0	8356	81213	0	0	30516	0	0	144872	0	0	158	0	2063	0	15124	599	0	3372	4864	0	5152	10450	0	0	1441	1157	102	4883	0	0	7014	5601	2021	0	3207	0	0	0	0	0	3570	6216	0	0	0	401	0	510	1174	485	0	0	0	5730	0	0	0	0	0
02-2020-43-OR	1878654	332	19338	0	0	1163431	63066	400021	510444	1028902	3169	15966	0	9556	0	0	104544	21230	973536	0	819581	2236	0	2482	2370	610	2057	0	0	0	8140	83882	0	0	60540	0	0	0	40829	0	108585	0	19297	0	0	3986	0	0	390	365	0	1291	3147	6739	0	55419	0	3455	0	0	0	0	0	0	0	0	0	0
GBM-BM-385-Or-PreOp	1092912	0	1255	729001	66425	1477480	394221	515150	114058	0	10143	15110	1086	46445	0	144552	34042	958067	880003	0	271278	121768	0	125153	59867	0	21174	3248	20097	520	0	84166	589	0	36479	36774	8805	0	235857	0	129601	2716	1178	7595	85923	19003	425	87205	0	4967	2016	60702	38328	22003	1425	24406	2099	17234	60871	1946	13601	30208	2979	25157	0	10374	0	0
02-2020-20-OR	41306	51412	0	0	0	504	0	0	10690	70830	183704	0	3475	971357	0	0	98881	0	0	977270	1008	0	763	632952	19197	19787	6125	0	0	42508	73	0	0	6503	0	83452	1044	472	0	11385	0	0	33404	130886	0	300	0	2983	0	0	126341	0	0	0	2457	0	0	0	646	0	0	0	1555	1241	0	0	0	0
01-2020-12-OR	1004	0	2331	0	0	0	0	0	0	0	0	0	0	0	0	0	0	0	0	2546	0	0	0	0	0	0	0	0	0	0	0	0	0	0	0	0	0	0	0	0	0	0	0	0	0	0	0	0	0	740	0	0	0	0	0	0	0	0	0	0	0	0	0	0	0	0	0	0
GBM-BM-426-Or-PreOp	399	14842	35242	0	36566	258264	0	0	0	497	32844	117	2572	238505	0	0	50528	0	0	6633	6523	56	0	320072	43922	20237	9895	58	50970	0	201169	15038	15906	87692	13506	18481	37474	61229	7774	0	6641	5452	1663	148594	0	28018	1168	119567	5650	17797	11617	0	8305	4500	9213	186	31155	70734	111004	0	16217	0	2062	38742	0	78	1764	0
GBM-BM-462-Or-PreOp	497773	12394	564121	517273	9554	700366	304619	138164	571914	21182	101430	54493	66053	37438	4856	32893	243033	69921	403757	0	82541	49177	0	20406	33290	36740	2349	0	21115	0	50087	21291	0	35043	19786	5287	8711	0	171457	0	157426	0	7982	3990	6708	3341	42	2448	0	4522	1371	15757	30781	8598	74	13299	0	3070	8609	64146	8190	1288	2881	661	0	13884	0	0
GBM-BM-389-Or-PreOp	46198	0	78359	34285	0	582928	0	29283	33789	0	32562	6897	2227	1292	0	21735	19932	23944	126129	0	8399	2141	0	12690	35949	14601	0	173	12552	0	11756	435	0	0	154936	15347	13373	0	26837	0	67061	2164	1337	0	17137	0	486	5729	1070	419	0	1439	3429	153	666	1447	0	1695	1143	0	5083	0	722	2164	0	5074	0	0
GBM-BM-392-Or	13127	192	0	6676	8443	251604	468	0	35636	2293	2630	0	0	178695	0	0	103794	1078	27399	141	23834	9913	1641	142688	82654	537	0	0	16085	64	23119	0	0	5400	0	309430	3637	240315	0	0	3168	0	0	26128	0	0	0	1029	0	0	0	0	0	71	2077	0	0	0	4369	8696	683	0	2910	979	1002	0	0	5987
01-2020-22-OR	105234	13000	20123	445196	4187	508575	59650	12567	187246	256833	20091	29031	13871	45242	0	81159	341011	26441	151575	0	50434	2290	0	28852	9910	11680	30954	37621	27178	5825	2851	22348	0	2036	40886	828	6099	0	5740	0	41207	10959	0	0	11466	0	2488	3531	0	131196	4116	8426	0	0	16089	19755	0	57799	6947	0	2673	0	1947	137	0	0	0	0
GBM-BM-307-Or	15593	119363	337	1815	89054	12701	302	0	27277	0	3302	0	0	38004	3550	5224	16773	0	0	25113	1003	6507	0	62148	17585	2225	306	1658	347214	8243	4886	0	1559	0	0	17574	7273	70264	212	129498	740	1497	2054	95474	148	113	0	0	0	0	2369	0	124	0	1531	0	0	0	1964	909	111	0	554	0	0	505	0	0
GBM-BM-308-OR	765	0	914	0	0	13812	77	0	0	18804	17360	0	12926	3576	340	0	6719	0	0	21382	0	117	0	14932	1071	11283	0	1965	1626	2916	1017	0	0	1986	1791	0	0	0	0	0	3096	226	0	0	174	0	1871	0	0	4419	0	0	0	0	0	0	0	653	0	0	0	0	305	0	0	0	0	0
GBM-BM-318-Or	31630	9736	39412	1953	66612	6573	6965	0	2620	0	4928	66077	41756	153136	22697	0	99093	0	475	259	2658	23889	0	75262	28054	569	1494	15154	7335	4312	0	25470	3648	12177	0	8069	5720	107509	0	2820	0	151	0	263	0	4094	6730	1438	0	11449	11332	0	0	0	7138	3677	0	8024	5688	243	1338	15134	1786	2384	5399	3201	0	0
GBM-BM-263-Or	18201	236395	7615	0	29295	6009	8081	0	17232	24583	1312	11291	12101	80091	9214	9087	35592	334	0	66808	1127	0	13299	6437	38776	20741	5044	36937	9948	15762	4711	65	261	1234	5802	1189	3483	0	0	0	4742	4700	8788	1527	600	0	14752	0	0	12827	916	1024	1383	0	0	595	0	3549	672	0	1069	0	3504	1325	0	0	0	0
01-2020-10-OR	389	1749	2600	0	15310	0	0	0	0	18250	5620	1820	10980	3465	12555	0	46421	0	0	193127	0	0	100981	0	8645	0	53421	38677	0	5409	655	0	93825	0	0	0	0	25872	0	0	906	2887	0	402	0	0	0	0	0	1760	522	0	0	0	0	0	6619	473	0	0	0	0	2106	0	0	0	0	0
GBM-BM-386-Or-PreOp	1926	0	0	1927	0	72825	0	5122	9399	0	2934	0	28	696	0	0	1996	0	11612	3296	1203	1080	0	12827	12726	529	0	0	2806	0	4994	0	1913	0	0	23153	9094	0	3694	867	1331	0	0	204925	975	0	0	0	0	0	0	0	0	873	0	0	0	0	0	1074	0	0	123	0	0	0	0	8934
GBM-BM-322-Or	669	43636	17370	0	168799	8581	0	0	0	723	956	0	0	0	0	0	10573	0	0	10632	0	0	0	1305	0	18649	0	495	532	4246	0	0	57685	1793	0	0	1477	13675	0	0	830	764	0	139	0	0	2736	0	0	381	2450	0	0	0	2567	0	0	0	0	0	0	0	502	0	0	0	0	0
GBM-BM-452-Or-PreOp	13374	48980	127822	642	52	42044	1430	7710	2953	28581	27802	7623	12508	60991	16876	13861	100493	894	4793	0	2467	889	0	20331	5448	50274	692	1895	8947	0	8114	2943	0	13920	12221	56800	0	24	18430	2350	5082	1429	599	16750	3100	0	6683	12239	555	7928	383	1245	5347	642	0	457	0	22672	17009	5999	1731	8464	1047	3434	0	0	0	0
GBM-BM-396-Or	0	11522	0	0	23814	9113	0	0	0	203	0	0	0	614	0	0	14906	0	0	5975	0	0	0	561	0	37424	3548	0	9588	0	0	0	79	0	0	0	0	16369	0	24705	0	0	0	5497	0	0	0	0	0	0	0	0	0	0	0	0	0	0	0	0	0	0	386	0	0	0	0	0
GBM-BM-444-Or	0	112254	0	0	42136	747	0	0	0	1272	404	0	0	0	0	0	3804	0	0	5079	0	0	1020	0	0	0	0	0	0	1457	1230	0	0	0	0	0	0	369	0	0	24	274	0	1359	0	0	0	0	0	0	0	0	0	0	0	0	1578	0	0	0	0	0	419	0	0	0	0	0
GBM-BM-460-Or-PreOp	67454	0	0	32784	1841	47598	2988	25789	52166	0	209	0	0	30200	0	17287	8107	2040	22298	0	9864	23061	823	84044	28559	1156	216	854	20231	0	0	2237	0	325	2066	27221	2204	0	4903	0	4462	0	0	311	0	0	917	2524	126	4617	0	631	0	0	569	936	554	2833	6506	0	0	1747	0	0	0	163	541	0
GBM-BM-430-Or	29590	0	0	36353	19769	32499	1468	734	76805	3529	0	0	2328	40903	0	0	55173	0	10452	0	1664	0	4766	16588	27523	191	0	454	16006	0	0	304	0	0	725	5171	0	0	5650	0	2238	0	0	1441	0	0	0	317	0	470	0	0	845	572	445	0	0	0	8997	0	1672	0	1001	0	0	0	0	0
02-2020-29-OR	74476	47102	0	12606	498	90	10932	5779	1943	1531	0	494	0	5356	0	34100	9388	4401	129	18726	13454	0	0	597	0	26628	31682	13289	0	17448	0	3893	0	2486	0	0	0	0	0	0	457	0	0	0	217	0	0	0	0	0	18726	0	0	0	0	0	27	0	0	0	0	0	187	0	0	0	0	0
01-2020-29-OR	16484	48253	0	465	0	0	0	0	5418	0	0	0	0	15116	0	0	7721	0	0	0	0	0	0	23150	0	1065	210	1236	0	1259	0	0	0	47752	0	0	0	0	0	0	0	0	0	6986	0	0	0	413	0	2378	6345	0	0	0	0	0	0	0	0	0	918	0	0	0	0	0	0	0
GBM-BM-279-OR	28276	19556	2175	0	7465	13113	133	0	0	0	0	0	0	10393	0	0	38316	0	0	0	0	0	3995	46558	1883	907	0	1050	2449	9643	0	0	0	0	276	213	0	0	0	0	0	68	0	0	0	0	0	0	0	213	0	0	0	0	13043	0	0	0	0	0	0	420	0	0	0	0	0	0
GBM-BM-291-OR	89	44779	0	0	0	2017	0	0	0	0	0	0	0	481	0	0	0	0	0	0	0	0	32797	0	0	15184	0	0	182	4672	0	0	0	0	0	0	0	0	0	0	0	0	0	0	0	0	0	0	0	0	0	0	0	0	0	0	0	0	0	0	0	0	0	0	0	0	0	0
GBM-BM-260-OR	0	30577	0	0	0	0	0	0	0	0	0	0	0	0	0	0	0	0	0	0	0	0	0	285	0	1470	0	0	0	0	0	0	0	0	0	0	0	0	0	1269	0	0	0	0	0	0	0	0	0	0	353	0	0	0	0	0	0	0	0	0	0	0	0	0	0	0	0	0
GBM-BM-286-Or	22335	13540	602	7384	9286	10516	20	0	4750	0	0	0	0	8813	0	0	1255	0	1428	0	0	0	572	0	870	10339	0	0	523	465	0	0	0	197	0	0	314	1114	0	0	2609	0	0	0	0	0	0	0	0	480	0	0	0	0	0	0	0	780	0	0	0	0	0	0	0	0	0	0
GBM-BM-428-Or	9978	0	0	0	0	0	20249	0	720	0	0	0	0	27384	0	0	0	0	23	0	8350	0	0	17383	3017	0	122	0	0	0	0	10136	0	0	0	0	0	0	0	0	0	0	0	0	0	0	0	1259	0	1650	0	0	0	0	0	0	0	1904	741	0	0	0	0	0	0	0	0	0
GBM-BM-464-Or-PreOp	17736	16496	2491	1077	1131	13730	346	3559	1018	1344	3756	149	0	2702	0	57	9890	395	880	244	2172	0	806	1622	6201	27334	938	310	6605	0	171	427	0	296	0	92	598	1001	1514	16428	147	0	0	18397	0	0	499	389	0	7610	554	342	1961	874	0	716	0	12045	7153	0	3641	1201	357	392	3197	0	0	5997
GBM-BM-259-OR	8695	0	0	164	0	29	0	0	0	365	0	0	0	0	0	0	325	0	0	0	0	0	1748	1902	0	0	3879	665	0	1061	0	0	0	1522	0	0	0	0	0	0	0	264	0	0	0	0	801	0	0	0	0	0	0	0	0	0	0	0	0	0	0	0	0	0	0	0	0	0
GBM-BM-379-Or	0	1770	4896	0	2195	1026	0	303	2476	353	798	0	0	0	0	0	236	0	0	0	0	0	0	7264	747	806	0	0	2350	0	1003	0	0	0	0	0	0	0	32	0	0	0	143	1602	0	0	0	455	355	0	0	0	2424	451	0	0	0	0	6428	0	0	0	0	0	0	0	0	1000
01-2020-108-OR-ab	0	0	0	0	0	438	0	0	0	511	0	0	0	0	0	0	173	0	0	0	0	0	0	0	0	0	0	0	0	0	50	0	0	0	0	0	0	0	0	0	0	0	0	0	0	0	0	0	0	0	0	0	0	0	0	0	0	0	0	0	0	0	0	0	0	0	0	0
SRR514211	20827	3900	123088	33593	64985	1430272	12610	7714	27457	16437	0	3510	9096	159678	0	10137	8267138	8386	30583	0	7634	75184	0	274469	19490	1898	0	7107	12464	62069	390037	2690	0	4491	15799	0	599	48928	2587	0	171135	19494	13754	190754	4267	6044	20647	1311	494	452	419	4557	82306	8769	11580	27949	129	0	8985	886	193	836	187864	0	0	0	4378	0
SRR513822	736	2970	11144	0	316039	1421998	0	0	3098	9353	34689	0	3777	66595	13769	0	5702187	0	25158	13109	0	26719	0	58989	199278	3997	6939	9112	29719	15136	1967561	0	20303	0	18958	5581	31153	208107	9042	0	298907	22502	8432	1192344	0	0	2849	467	305	0	0	0	119894	4949	20297	1745	25603	0	20523	3600	1894	10815	84989	1158	16679	1935	0	0
SRR062041	0	115509	0	117	10103	16594	0	0	4245	0	1740	0	0	205261	0	0	13473	0	174	0	8096	0	0	687074	149675	43188	0	313496	225880	188457	0	0	0	198218	1669	21552	28471	5238	0	0	0	47214	0	194	0	62882	51356	3788185	0	361	249713	0	0	0	91749	1623	0	12846	204270	0	45665	27700	11828	1245	0	0	0	0
SRR061999	0	192	7644	0	1889	55	0	0	477	1753	15291	712	53090	552	46120	0	183577	0	0	0	0	0	3201506	0	616	0	532717	867708	133	1350	27	0	744245	0	0	0	0	107816	105	0	0	1330	3415	185164	38	0	0	0	0	0	0	0	63318	11515	221	11442	388962	0	18806	138	679	0	58669	456	99040	12764	0	702
SRR513445	3484	2854	7778	1306	6629	4383	0	959	11073	22056	192450	49992	26184	159624	2252	0	121089	744	2012	1400	754	742	2478026	106337	114583	2059	198449	21737	16338	14683	4023	0	111202	0	10402	68600	4917	341382	3012	1232	1185	20494	3109	213757	181	0	325	45779	472	35782	7645	607	56005	2494	2361	89131	265215	19769	219923	2264	3139	10232	17020	9410	0	279	0	61306
SRR514198	2826	1519	4921	0	2617	11172	0	13361	19619	27032	57234	142	5861	93697	2309	0	552116	0	0	7573	0	168	0	76898	227892	0	0	882	19248	551	2655	0	15369	12061	883	32424	4277	2392860	3197	0	948	346	4667	247392	227	0	0	3136	3012	0	0	0	38574	5297	617	1590	212176	0	5947	20382	256	0	13491	0	0	0	6053	105569
SRR061437	22974	1694	101474	2086	29029	8875	0	11797	48992	47267	50733	3038	25516	221551	33567	10702	1023737	5516	2328	0	4926	8171	5803	737367	1880282	3512	721	29534	148207	8851	5387	1147	3080	1732	1634	74361	53324	150462	2594	0	2145	11585	9705	468686	1878	0	26122	0	1997	7997	0	4192	91533	10772	12996	11174	705	0	130667	657	18816	0	52996	0	43473	78	19964	0
SRR062429	17658	0	58938	17876	29251	1794801	1617	4259	19287	23340	14712	6336	9942	11025	0	5301	247044	15	13490	236	3912	3780	0	45285	120137	13190	80	1113	14563	0	750498	926	0	1049	452	8175	658	3367	6567	905	16843	6456	3746	52214	5396	5813	2114	264	2114	2996	0	171	24843	3807	423	5183	1702	1335	8695	3612	3157	0	5045	43	12148	3496	5155	24048
SRR513162	8985	3118	1853	316	14443	202741	0	0	1858	7642	95817	0	13984	143702	100455	0	1642250	0	98826	0	0	8706	0	12081	18258	689	0	8964	2025	253	282348	0	944	0	15934	0	907	70010	295	0	104677	876	5136	283815	197	0	1172	0	227	1062	0	0	15745	0	19	0	5859	37	4043	0	0	0	33336	216	0	2265	0	0
SRR061945	0	1327	173	0	12757	0	0	0	0	0	373	0	0	7066	0	0	10459	0	0	0	0	0	162871	5856	123133	5481	577744	0	13044	0	104	0	360846	43678	289	524	7910	267243	0	0	0	0	0	65204	0	0	0	189	0	0	0	0	0	0	261	0	132564	0	22535	0	774	0	1603358	0	4607	0	0	0
SRR1804049	17358	1272	35732	36588	0	627369	15271	3718	10363	0	47251	4783	39732	55176	9402	3955	1533829	3581	72686	0	4469	43263	0	35374	21907	716	0	889	10604	0	86927	1893	0	0	26400	7656	2181	3942	16966	0	142594	15991	4128	110766	1697	0	0	0	3980	475	1144	1579	76268	962	5184	8375	122	0	58350	0	501	157	62103	15	0	0	0	0
SRR061985	2120	34863	44247	0	1312	5020	0	8000	24068	107315	70726	0	20197	35616	12910	0	307979	1446	0	3369	0	0	0	5781	31895	12123	123191	8568	31367	11384	3005	0	20783	395	5651	7998	4300	57702	11094	36481	2890	3170	3370	903588	3167	0	8774	0	1106	1901	0	285	102556	9027	0	398	1293384	0	9616	40258	541	2510	132452	4538	491806	25816	8210	774292
SRR1803912	12376	13129	9194	15478	63489	108323	12422	6736	1361	7145	54562	1993	16805	50066	56946	1394	1284060	1910	1862	4887	1713	9392	267	33465	25475	1337	15311	0	1840	10134	1891	215	19493	1175	6666	2805	2485	4337	580	1900	14535	1076	28837	63126	698	0	5143	171	0	0	0	397	56153	8073	0	1768	45092	0	10571	602	0	1655	26225	263	1537	0	0	0
SRR061472	4875	0	9122	2335	12737	5305	0	0	3033	1578	3813	1624	568	0	0	0	35167	137	1864	0	1513	0	0	396	24238	426	0	3569	1988	82	2491	175	2213	0	0	404	0	1044629	1408	0	557	43	0	63367	59	2891	0	0	0	0	0	0	8039	0	0	1339	57797	0	4867	1351	0	0	1150	0	0	0	2903	0
SRR059334	0	0	935	0	183	7623	0	0	1306	0	1094	0	658	0	0	0	291015	0	0	0	0	1477	97440	0	0	0	7061	40	62	0	0	0	46276	0	0	0	0	754478	0	0	0	0	0	43785	0	0	4816	0	0	0	0	0	966	0	0	0	339360	0	182	1486	0	0	6262	0	988132	0	11864	1364
SRR062326	9450	2046	0	1597	339799	18209	2015	1049	8966	10649	91895	2050	5694	29021	789	562	203432	333	1475	45055	764	862	186231	43165	205717	35856	211082	32109	20709	7947	13628	0	73441	5517	4288	83908	5419	878587	923	8073	616	4455	453	114705	1277	5204	0	38680	3490	0	4070	976	16538	0	1172	3190	24536	0	37500	410	3760	60093	30932	1723	18742	2603	33078	13613
SRR1803336	0	378	203416	0	362914	4676	0	0	1572	27179	32782	0	9259	50757	3028	0	177652	0	0	18304	0	0	566129	0	77517	169	792000	0	33136	23421	0	0	103519	0	453	40235	172	877671	378	0	2413	2204	884	41899	0	0	0	0	439	124	0	1735	4777	2040	0	0	11503	0	114849	0	0	0	84083	0	0	0	285	1865
SRR1803923	12477	30054	118667	3575	2263	51526	0	2936	2168	17716	19408	5313	6934	42921	1571	891	857767	92	198	5741	1835	0	0	32171	157737	18963	0	1537	10259	5421	2012	1192	135452	4804	1287	5405	20197	154672	5469	4486	3071	5307	0	273595	279	0	23023	12211	326	0	0	0	45834	3779	10243	263	86949	0	8554	0	2404	68107	28468	9481	0	14360	0	0
SRR061193	6000	10511	4570	4413	27740	178895	1326	679	2335	4141	26911	2028	5488	413740	0	942	825124	62	12104	85935	5873	33263	49363	435332	293109	2332	496	3211	3413	21613	1791	1006	7138	1156	13036	177610	18696	35398	857	0	6189	13348	1653	91822	627	1074	0	416	2198	7605	3426	336	10798	2493	4411	4166	20845	3880	39691	5519	0	2503	10541	292	0	0	0	0
SRR1804146	66460	51824	137751	102879	777642	140376	39099	53595	58573	14970	18312	14018	7418	259271	0	26023	139708	11147	39230	161716	43079	7998	0	68211	31276	25137	1314	1852	136152	1975	650	7415	20042	3774	5445	7136	5185	52950	2461	44783	11864	3555	2127	35972	2015	9602	7243	1697	0	0	0	6988	5362	0	3767	17575	0	0	8852	2335	2744	2001	6811	0	374516	12965	0	0
SRR513159	1252	8687	26152	0	203774	547	0	0	2015	6146	5596	542	294	2352	0	0	148901	0	779	1975	0	0	28608	5199	21765	2856	4352	0	67793	1428	2069	0	60859	0	0	0	337	769523	76	0	1156	259	142	626939	960	0	0	73	0	0	0	0	976	0	0	0	17432	0	514	1528	423	0	2809	0	279609	2174	10011	14656
SRR1804050	8671	0	1325	1346	5829	1735	2134	199	113593	2400	9638	1245	923	54690	729	973	81521	422	1136	409	1695	0	54368	48146	31983	0	1961	1699	1877	1105	220	62	20019	455	0	22149	140	765485	507	0	1044	1705	168	208907	490	2306	3292	23789	601	1365	2491	0	10364	2238	2583	513	5238	0	34744	0	1344	13095	1583	8661	0	251	0	0
SRR062027	2538	8718	4875	0	3750	16143	0	0	140	3747	13287	0	9276	22867	28037	0	632764	0	0	0	0	1854	0	75478	46832	3601	93443	523	6072	1239	527	0	14487	0	0	0	2544	89625	0	275	74	5633	2648	117559	0	0	404	0	0	3512	0	0	17626	1362	0	1545	10427	1388	28851	2762	274	0	14418	0	23607	15657	1814	0
SRR1803362	10430	0	3112	2723	60312	1591	3328	126	5995	1109	15635	1751	5569	67916	1498	2079	625232	60	2124	0	849	2286	0	106518	284656	0	5348	3736	1403	1245	0	783	86674	0	0	39709	5799	590926	32	0	101	2042	0	55010	461	0	0	0	0	1637	0	0	9336	3710	2007	3578	23649	451	3631	0	0	0	14304	31	291090	108835	0	0
SRR061142	3620	5127	1694	0	68498	6870	0	0	4452	2598	20772	0	8784	384966	3398	0	479985	0	0	9142	0	0	624612	19029	210206	6876	78449	1157	18313	14029	1592	0	70527	5071	0	69559	6674	23747	270	1973	0	1242	2055	128319	0	0	4228	0	292	890	618	0	22615	1380	0	0	109015	472	29104	280	0	0	13110	3677	0	0	1816	1105
SRR061371	11593	25746	12847	0	277227	3551	0	0	0	7172	333718	0	8538	250524	3598	0	517209	0	0	244001	0	148	44722	10325	13787	18428	324926	18264	28901	234686	927	0	113544	464	6373	340425	2125	86988	414	70720	25	42395	1460	163288	22	0	1366	1323	1243	21	820	0	94786	4154	0	480	127849	1627	301364	1217	0	5778	37573	33998	0	26125	10391	36389
SRR1804565	13161	120506	18658	5942	141614	36457	761	2615	21743	45351	36149	49	720	63875	4432	1202	447212	1056	13403	520	6426	465	0	110979	245475	76533	0	37972	61973	58737	8821	0	104257	2146	1801	35578	16418	458219	5148	0	9737	56668	0	196351	91	199	0	8935	289	5745	2538	914	8622	2737	129661	6496	323144	4781	21885	19970	6867	7358	61801	0	0	72	0	93813
SRR514264	3675	10541	77373	50	10401	30567	0	3776	2142	12717	37629	443	6734	3531	783	0	52251	0	554	589	0	0	0	2052	45693	466	0	0	3773	0	1039	0	1786	0	301	0	36	8706	162	10779	77	965	0	460432	126	205	0	0	0	0	0	0	8212	447	1583	679	434418	0	273	3640	0	501	3909	0	0	0	28606	76102
SRR1803884	2501	34363	18370	2069	0	456266	1531	929	12190	665	1328	24	0	32776	0	0	295302	0	12556	0	1027	4798	0	48916	77651	3310	0	40	8290	0	610	602	0	12372	1515	2794	18	6956	0	0	929	0	0	4335	22	316	28528	25432	0	0	797	0	0	0	31789	1329	0	0	859	176	2348	5395	5351	0	0	0	3244	0
SRR059832	8110	3407	0	3699	14977	8396	0	2683	11300	18110	10895	238	1543	27725	0	1772	384962	597	5619	0	1567	0	2682	25283	71369	3942	3219	781	28048	660	5662	1218	12023	287	0	8814	3743	2009	679	0	1931	1236	0	14680	290	0	14969	7573	0	1465	1452	845	1784	0	235	1550	34218	1890	7830	0	775	15437	2406	528	13291	0	0	10748
SRR1804129	0	2963	7932	0	7703	102419	0	81	865	895	4031	0	0	1234	340	0	375259	0	0	0	0	0	0	14990	8817	2956	0	151	5711	0	82852	0	0	136	946	334	0	2315	505	13246	2423	0	210	22597	0	0	544	348	0	0	0	0	13477	0	0	0	0	0	820	0	0	94	4004	0	130	0	0	0
SRR059438	331	0	160	0	0	57	0	0	761	3478	8421	0	142	0	0	0	10507	0	0	0	0	0	0	71	2171	105	0	2020	1553	0	1347	0	0	0	0	0	0	365409	517	0	0	0	260	26954	0	0	0	0	0	0	0	0	6729	468	0	227	1369	0	0	4688	0	0	361	0	7127	0	0	100447
SRR061396	2753	23495	13792	843	92687	6698	0	2267	30291	12947	28682	1833	827	27929	0	1470	364490	1196	3893	75783	1425	0	0	41881	73573	19913	5050	2390	34255	19476	1006	22	49465	2926	952	27888	6079	291860	1081	4179	1547	6539	485	279645	680	1863	89	7050	0	0	0	0	4153	533	10564	1937	7352	0	4925	9669	3676	5283	29523	1758	213890	236	4371	146157
SRR513816	98903	4962	147232	37971	0	359895	0	59634	12751	36238	7316	9382	2359	39883	0	0	129913	8545	13929	0	26397	2474	0	86403	11492	1890	985	0	19309	0	56	5367	0	1172	4158	1219	0	3262	5162	0	5393	9810	352	0	1891	0	1988	8733	10925	0	0	2938	23923	7171	2128	9028	0	0	1083	0	508	0	1220	0	0	0	0	744
SRR060400	76236	12198	69967	73177	16143	38967	7755	0	15770	58811	114699	10506	61945	5243	4579	1895	350903	4148	31362	856	14679	5617	0	1236	18625	8991	6453	2106	17508	9545	26882	2277	505	0	0	0	645	9657	13266	938	17287	7915	5966	288805	4222	290	2627	0	895	2968	508	2785	54424	6337	771	11724	25357	2432	4212	1105	3036	2882	13233	278	48243	431	82873	0
SRR062285	13690	5627	14150	7654	5016	30706	39	0	1862	11782	1905	1276	1662	49785	0	0	345462	31	5982	0	120	222	0	0	36422	5794	0	2583	16206	2879	30719	0	0	0	98	7362	4427	5343	6901	937	8621	7174	1319	93767	251	0	0	0	82	0	1635	418	31712	1826	0	1427	0	0	3116	815	0	0	17966	515	0	0	0	0
SRR513778	32171	9920	19312	22991	117697	347139	3462	5702	12305	13434	13567	0	5092	90403	59	19189	22432	2315	22458	1032	10472	5532	0	223486	47704	8809	626	360	5484	8397	1154	2971	0	1884	5664	14738	3090	72	2990	0	4654	3389	1647	86211	0	0	193	14318	0	2587	0	1468	8485	125	1113	3719	0	146	10767	0	1788	496	4275	6184	0	2244	13162	17228
SRR1804291	27707	6229	42093	38111	357633	29687	13832	9247	13198	16409	49233	20276	7893	37552	0	14831	232498	3869	17248	10084	9096	15934	517	77837	120339	2214	604	2170	7115	464	4617	5511	51316	0	3010	16696	4471	25110	6897	0	6921	2529	75	123479	3812	27870	8758	5860	2724	286	60	5253	30661	2589	2920	16587	90889	0	3999	2488	3934	5603	7916	1290	87360	995	50453	82699
SRR1804073	0	0	2290	0	587	5802	0	0	1651	39957	5130	0	1180	19278	0	0	124486	0	499	0	0	0	0	10325	81253	0	0	0	3790	0	9540	0	0	0	1000	811	0	314466	1192	0	774	0	0	2340	0	0	0	24	0	0	0	0	1620	0	0	0	0	0	3191	1798	0	0	196	0	0	0	0	0
SRR061965	18083	3472	12050	12359	38900	17231	42493	7837	27648	11888	78470	7427	10941	37886	8141	33692	305822	1263	8050	40739	10899	2289	3245	34766	166284	629	13479	6552	34957	2086	11984	7937	19517	0	2697	42324	2969	199033	4468	5382	1021	3936	1926	129852	2375	11211	1095	380	3551	1768	206	5577	40823	6443	545	4827	14507	611	23599	4267	318	30393	34828	11080	0	6351	573	56322
SRR059384	2097	0	0	4984	0	26525	10451	0	11980	0	0	94	0	83363	0	1222	206579	153	6509	0	4784	0	294875	7194	5684	0	0	20538	2684	0	0	2839	847	134	202	28054	0	0	0	0	0	0	0	20045	0	885	0	0	0	782	0	0	0	785	19	15348	103642	107	25126	0	0	0	4059	0	920	0	0	0
SRR061287	2415	1981	23437	0	292081	17259	0	0	0	4818	103935	3391	12133	2430	17950	0	254728	0	0	5335	0	0	0	5071	13467	1496	1271	2721	5673	28198	6509	0	2345	0	7284	3937	1412	63337	265	0	1298	33821	0	57448	1707	0	6564	0	481	250	0	0	6866	224	0	188	2265	772	7481	1520	0	67	5999	401	9239	110	0	15639
SRR061444	2778	10387	38300	0	47495	44205	0	932	304	11644	35321	1805	12633	35941	22303	0	290772	0	670	4538	0	1175	26883	63848	9548	6374	5957	2329	8928	6479	7831	0	22980	5390	0	13419	4352	200618	4972	17277	2215	24256	6193	74211	149	0	296	27000	1930	0	10649	0	33976	4025	1989	1514	20499	2202	24846	921	468	5947	8861	2576	4175	73240	14333	20885
SRR1803328	8274	0	2239	6369	1786	35001	0	0	2462	3483	0	0	1854	30817	0	0	286000	0	19269	0	1050	418	2338	230130	29610	0	456	0	13388	0	0	0	0	0	0	6695	2116	23736	360	0	674	0	0	3818	0	0	0	0	79	0	0	0	492	0	866	576	2365	0	0	0	0	0	121	0	0	0	0	0
SRR1804336	0	10632	55105	0	0	67175	0	0	5134	11041	21193	0	2847	6486	0	0	285337	1773	1683	0	0	0	0	16709	9004	12638	944	3609	14257	0	9795	0	0	2021	222	0	0	12384	1529	0	1364	4381	844	4998	0	382	11370	6949	0	405	0	0	3132	0	7516	1157	0	0	4222	0	153	7334	5264	0	0	0	0	342
SRR061223	3951	2263	13441	1186	65403	105928	657	206	925	2434	18436	426	1326	15312	1829	0	279379	0	2692	0	121	1319	0	37444	13577	3647	0	1044	17635	3520	38093	0	7759	1547	7141	5559	1049	38239	1244	0	1275	690	3238	133150	324	2086	545	14370	1574	0	634	0	29451	2165	254	328	18592	469	12282	505	398	4987	6735	312	925	44	1216	0
SRR1031148	2703	8555	7956	672	260456	22086	0	714	1095	1206	19802	255	0	25073	389	110	68153	0	452	12743	116	1566	0	120763	17148	6218	0	0	32789	3931	551	0	1425	0	6810	23578	144	41701	136	0	100	0	48	20980	66	0	196	2908	1116	464	0	0	3375	563	1820	292	0	0	803	0	1936	0	1424	0	34718	0	322	0
SRR1803367	1765	17088	469	114	141752	380	0	0	123378	0	0	0	0	16285	0	0	255393	306	172	7193	0	0	53085	8877	54986	315	43761	2982	12345	3133	0	0	11886	0	0	45645	3190	64601	0	0	0	5825	73	32778	0	0	1565	0	465	0	510	0	3846	145	0	0	0	0	1127	0	0	0	2700	0	1270	0	0	0
SRR059482	7365	2899	346	8365	13892	6006	8247	386	12824	11535	17009	3346	3982	5998	0	9581	250738	1272	3573	0	4828	678	0	17075	26360	126	0	724	7084	0	678	1405	23212	0	0	1202	873	87006	590	0	788	494	0	75386	955	0	1409	25	0	417	0	416	3565	0	798	2174	30337	622	1326	1768	217	783	4030	547	0	0	2179	19648
SRR063519	8030	5037	39161	4739	74115	68820	2966	256	4910	9558	27675	1262	3118	35710	5792	13046	250718	0	5832	739	3361	3107	14867	23135	37445	2358	31469	0	2638	1760	2503	519	52191	0	1330	9257	1328	160703	630	0	1499	1352	1138	233597	1281	0	44	580	750	6661	0	297	26139	5364	1207	1694	41257	492	6427	346	171	8706	32510	592	0	2878	0	5710
SRR1803308	41090	10139	8832	4599	35991	1195	2655	1032	26387	3250	2176	2791	4383	141396	3080	160	245226	0	1897	19260	1430	2253	54637	48048	6307	2041	23792	221	11913	4871	0	434	23791	0	2967	43940	3245	26881	404	1057	615	8399	5027	77053	281	847	0	3340	1153	2613	4744	261	24740	7082	7142	1608	32217	7546	34453	2119	88	2705	3502	8114	0	8037	734	0
SRR061476	0	2272	0	429	23035	4235	0	0	655	0	1602	0	0	1414	0	0	242457	0	324	0	936	0	0	12800	5084	187	0	960	8582	0	0	0	0	0	0	2151	0	6497	0	0	0	0	0	53106	0	0	0	333	0	0	0	0	0	0	0	0	0	0	0	0	86	1006	0	0	0	0	35641	22106
SRR1803330	0	34883	10022	0	3765	7190	0	0	0	1039	54277	0	1561	81979	49618	0	241469	0	0	1605	0	1003	0	22019	917	2323	107	0	6675	258	69016	0	1570	0	563	4704	676	15177	240	533	0	677	2286	14042	203	0	152	0	3774	0	0	0	12586	147	0	0	0	0	485	864	0	0	6591	0	0	1572	2824	0
SRR059358	34275	0	2377	5385	0	1163	0	476	18493	30496	6392	7271	15101	5377	0	0	52340	287	3179	368	7614	0	0	576	39045	0	0	16777	288	0	1478	7174	64	0	0	9258	541	80937	1497	0	987	0	1227	241445	613	9576	0	0	733	1396	0	3270	9780	456	0	8359	25950	896	14408	13124	0	0	1472	0	12010	1433	27463	0
SRR1804840	1361	0	1454	974	0	558	0	0	451	0	979	0	396	6553	0	0	18885	0	207	1305	0	0	0	11955	41790	0	0	0	1956	0	0	0	4355	0	157	0	155	196380	0	0	0	584	0	23562	197	0	0	0	0	0	0	0	0	0	0	0	0	0	391	0	0	0	516	0	0	0	0	0
SRR060434	4147	7712	9317	20417	17742	203797	26717	12463	86665	0	131	12664	0	10835	0	4582	52577	1946	24553	0	22273	2303	0	45615	2023	4997	1189	961	24614	622	0	3971	0	1392	335	0	450	28810	503	0	834	22	0	461	1280	19010	126	4593	0	517	0	921	3159	0	823	7167	0	0	3527	0	3044	716	1367	0	0	0	1066	0
SRR1803363	17181	0	13335	5068	47965	7728	462	9045	1328	7764	61311	3880	12184	38921	4554	0	186149	2396	930	28731	2099	1153	0	13337	40593	0	291	678	40815	2490	1717	1060	2547	0	4920	25684	1672	27259	1928	0	1212	884	553	22433	3483	1182	977	371	465	495	1574	1873	7853	1981	733	1737	0	0	7245	521	1227	4791	2714	3543	0	0	0	0
SRR1803858	589	186	9149	289	3951	183782	0	0	1259	1100	8255	0	154	2026	2960	0	151860	0	175	0	322	0	0	30384	13902	0	0	0	2491	0	5535	0	1697	0	0	910	1483	178507	574	0	907	46	188	77257	0	0	0	218	0	0	0	0	3773	0	240	0	394	0	378	0	691	11725	6171	0	0	0	0	10798
SRR1803904	3026	32087	13693	1508	111791	178824	343	2896	9186	3067	7095	136	5858	41947	1903	543	176769	0	3976	9768	283	4826	3238	65557	62239	23023	0	2386	12664	7128	4314	0	8729	2109	2866	20559	2951	9030	988	2503	2934	8649	282	20673	411	0	9216	0	0	0	0	0	3549	0	10453	2307	0	0	4158	0	0	0	6485	61	1043	1777	0	1405
SRR1804744	0	3245	118596	641	1552	45519	0	177	4428	46264	4538	0	286	6737	0	0	176159	0	1546	0	0	0	0	8607	62392	1152	0	2120	10368	0	31560	0	1328	1872	586	401	0	43394	6872	0	4354	0	194	8016	0	103	4787	8673	0	0	1401	0	9080	0	1199	0	13543	0	2136	8889	469	546	1706	520	148315	0	3222	2135
SRR1804058	5900	0	9412	2823	19512	5089	448	2391	1203	7078	2039	1580	11389	1067	0	56	40820	1980	3600	136	2723	2609	0	34736	8898	0	35	817	4302	0	2995	593	0	0	1638	3594	0	0	1828	0	2786	346	0	96293	1478	680	334	0	251	0	0	617	4469	0	0	2523	0	0	1094	0	735	1088	352	0	0	0	172443	0
SRR1804312	275	854	14001	1184	3119	15189	0	0	0	2907	20564	69	969	48218	0	0	149559	15	185	29947	0	356	0	72558	159611	582	0	0	2393	0	24110	0	1678	0	1220	32213	0	17006	5318	0	5407	715	0	58618	263	0	0	0	0	2220	0	413	2717	79	292	0	8776	585	13532	0	0	1731	402	2910	0	8559	0	55491
SRR549655	1087	0	7724	483	3461	1709	3771	3475	2605	735	832	0	892	0	0	937	27111	699	298	0	713	0	549	1470	89	0	8497	0	0	0	288	837	4585	0	0	0	0	38434	0	0	0	0	0	41041	686	0	0	0	0	0	0	0	0	0	0	681	7696	0	0	959	0	448	16367	0	148344	0	1299	0
SRR061975	8579	2219	1522	3888	12879	105692	0	5417	14126	7973	2884	1050	991	11845	969	7084	143341	0	8250	1029	7949	0	0	2443	13165	2681	0	0	9428	0	80373	402	220	714	0	9629	0	0	684	3452	1803	0	119	18125	1987	811	0	0	719	1483	0	478	6129	0	228	3102	3007	4219	2970	2009	0	190	1160	0	0	0	0	8670
SRR1803299	5517	4836	3873	4450	63238	72196	626	5958	3698	9304	6527	2839	1887	14576	2926	0	136457	1665	3013	0	1801	1588	0	11075	1435	164	0	0	3419	0	2039	65	2561	0	7132	0	936	53225	696	0	1274	10602	2581	17456	542	0	0	0	1741	0	0	328	15444	4062	643	2661	576	0	668	191	0	0	11803	0	0	117	339	11553
SRR061344	31543	27	0	26623	0	88388	0	41209	376	0	15887	2951	11069	133021	0	23267	21563	15986	18453	489	2533	5844	0	50841	53361	0	1625	319	0	357	0	355	8171	0	6063	13612	7989	2435	3712	0	12990	380	125	19476	6813	0	0	16554	4389	4370	1293	5408	23890	3471	0	2550	0	2721	11941	0	0	6801	344	15	0	2008	0	0
SRR1179028	992	28763	34642	0	132031	82750	0	0	1858	8415	10266	0	573	3131	0	0	87424	0	29	0	0	0	43833	7630	1215	5533	7429	0	7881	0	80956	0	8938	0	829	0	430	88890	0	0	1093	0	0	19527	0	0	0	99	0	0	0	0	813	0	0	0	0	0	1721	0	667	955	2372	0	0	0	0	4137
SRR061981	1866	1611	13110	0	12287	1058	0	2031	1274	8765	24580	448	1007	1550	0	0	20285	0	316	0	0	0	0	14628	7198	1209	0	9534	10754	0	2648	0	0	909	0	0	0	9580	2407	0	754	0	70	131747	342	0	0	328	0	0	0	0	4674	0	0	75	0	0	2541	4232	0	8524	935	441	7934	0	143	0
SRR1803296	0	0	3136	0	1108	21752	0	503	386	1089	313	0	56	0	0	2270	20164	2372	396	0	260	0	0	13589	5262	43	0	2109	0	0	573	0	0	0	709	3570	0	130204	0	0	0	600	0	14779	517	263	359	0	0	0	0	0	60	0	0	429	0	0	293	0	0	0	308	0	16689	0	381	5293
SRR061379	530	6668	46270	0	4557	14650	0	1432	1900	10839	16136	139	710	1953	0	0	124587	604	725	243	264	0	0	11230	14161	6292	455	362	6579	123	7256	125	0	0	3608	2582	0	40590	4058	9906	1117	1282	0	4749	74	0	44	2632	155	0	0	0	8622	217	0	1034	2445	0	2504	5363	152	66	2924	60	6908	0	0	97
SRR1804071	749	162	8887	145	0	4060	0	0	5867	779	2745	0	518	2092	361	0	41250	0	0	0	0	0	0	17012	1241	0	1226	0	2280	0	817	0	1885	0	0	0	0	119557	0	0	0	85	0	1533	281	0	0	0	0	0	0	0	1394	0	0	0	0	0	0	0	0	0	0	0	8568	0	10948	0
SRR1803309	0	0	0	1030	2700	35842	1161	0	908	0	0	0	0	1324	0	419	114925	0	811	4127	1251	0	0	13235	55416	0	0	0	3067	0	0	0	554	0	0	835	1695	667	0	0	799	0	0	20852	0	0	0	0	0	0	0	0	0	0	0	0	0	0	151	0	0	0	1192	0	0	0	0	0
SRR1804158	6075	2241	9806	0	0	208	0	0	0	4317	15148	0	2956	28520	0	0	44321	3400	0	0	0	3486	3416	11066	13419	1206	81	2579	2443	849	0	0	7355	0	2893	21919	2266	106908	465	0	0	2513	806	13773	961	1182	518	0	0	0	0	0	8812	1695	0	701	4671	0	8177	2731	0	296	2068	327	1236	15109	0	19509
SRR1031208	11354	1976	288	0	73571	0	0	0	10416	1047	11846	0	3466	60607	0	0	100744	0	0	20570	0	1650	0	33163	78852	0	0	0	6109	292	0	0	11683	0	1424	10500	3836	32632	0	0	0	22	0	30356	0	0	0	0	0	0	0	0	1296	714	0	0	0	0	1188	0	0	0	2499	0	0	1145	0	0
SRR1803899	6351	294	9531	2404	14380	1215	19	645	0	1865	7165	1069	5608	98392	0	0	22217	0	134	11847	0	549	0	21657	78392	163	0	98	20356	0	801	0	11388	0	705	5683	1426	50181	0	0	49	0	0	30368	231	0	378	758	0	0	0	0	1397	0	454	187	0	0	391	708	44	1664	0	0	0	235	0	0
SRR063709	2307	13932	96455	0	19449	2974	0	1517	4152	13170	37765	0	8306	9941	610	0	69207	0	0	1042	0	0	0	1804	34139	9164	1044	678	11706	2079	3185	0	5682	989	0	8727	5359	11308	5457	0	2954	133	364	23601	182	0	786	10176	958	2356	3685	0	27791	2901	0	657	0	3654	19056	65	1843	19777	10071	953	2715	231	0	1760
SRR1804580	0	1903	244	0	2864	25845	0	0	4176	0	159	0	0	22752	0	0	95354	0	0	6581	0	0	1193	42856	49763	5162	210	1513	1023	3767	0	0	8637	0	0	18780	2973	23767	0	0	510	2330	0	10912	0	0	0	1151	0	0	191	0	0	0	310	0	1905	0	1921	0	0	0	1263	0	0	0	0	25139
SRR063494	15422	621	1823	7515	21392	1494	0	5059	18367	13846	5123	2880	1303	67895	0	164	28810	7210	5433	9937	3351	4485	7100	34308	33445	385	1808	1596	15862	10266	2565	667	689	16833	0	25383	442	0	1879	0	1620	2525	1491	2815	3444	1283	0	17634	956	674	1696	169	5687	3642	896	4598	7527	0	22592	693	0	3756	1356	1682	899	31	449	91281
SRR060422	11849	0	21938	0	16255	569	0	0	4649	20016	11869	4625	3010	7470	0	105	52818	391	891	0	498	0	0	0	3842	583	317	5886	6804	1089	5784	4642	32	0	0	500	0	83400	1352	186	1684	1506	1013	43890	1907	3314	0	0	620	0	0	1569	8723	1247	0	10916	2555	387	9248	1438	0	325	2501	0	0	558	329	9707
SRR060388	594	528	0	142	2049	945	0	0	4788	1301	1327	0	0	700	0	0	9848	0	3835	123	258	0	264	10142	6649	42	0	95	4258	0	0	0	0	0	0	7224	0	75569	0	0	51	0	0	16904	0	0	0	0	0	0	0	0	0	0	3789	0	0	0	142	1097	0	0	192	0	0	0	4019	0
SRR1803321	3749	0	36466	0	0	74807	0	5082	687	17913	4473	1455	1021	3461	396	0	54496	806	0	1677	0	0	0	14522	14103	0	0	0	2069	0	4697	0	0	0	0	4798	0	0	863	1150	223	1640	663	3545	407	0	0	357	652	0	0	0	11481	4613	0	228	0	0	702	0	0	0	634	0	0	0	0	0
SRR1031089	0	0	1522	0	0	0	0	0	0	0	0	0	0	0	0	0	74663	0	0	0	0	0	0	818	0	0	0	0	0	0	0	0	0	0	0	0	0	17705	0	0	0	0	0	3745	0	0	533	0	0	0	0	0	0	0	0	0	3893	0	0	0	0	0	309	0	0	0	1621	0
SRR549453	0	186	0	0	0	84	0	0	408	0	487	0	0	0	0	0	28287	0	0	0	0	0	73775	0	109	84	15973	0	240	0	0	0	9734	0	0	771	0	31449	0	552	0	0	0	3487	0	0	0	383	0	0	0	0	0	0	467	0	4259	0	0	435	0	481	0	0	0	0	231	108
SRR061531	0	0	5746	140	11358	6735	0	0	474	852	1341	0	0	0	0	0	73355	0	872	238	0	0	0	0	8492	0	0	0	516	0	0	0	527	0	0	720	0	55306	0	0	170	0	0	5551	0	0	0	0	0	0	0	0	0	0	0	0	2341	0	0	0	0	0	1234	0	0	0	1348	0
SRR1804136	0	2955	1143	0	13240	14649	0	0	0	0	599	0	0	1699	0	0	10897	0	0	3222	0	0	68278	14052	20567	2880	19282	0	6052	0	0	0	12303	1120	0	0	242	50095	0	2059	172	0	0	15398	0	0	1850	867	0	0	0	0	0	0	0	0	530	0	0	223	624	2962	1065	0	22358	0	0	3793
SRR1803878	839	2030	9779	3654	634	67736	378	0	6458	0	1402	0	0	30252	0	1630	23825	46	4226	0	7356	0	0	16712	12833	992	0	0	3124	0	301	0	0	136	97	10661	836	20084	0	259	1041	0	0	9810	0	0	0	0	0	0	0	0	0	0	733	0	0	0	0	1908	0	1073	12378	0	0	0	0	0
SRR1804468	227	0	46	513	5365	464	0	457	0	0	7471	0	572	48837	0	0	30029	30	0	5814	0	306	0	14201	18935	0	782	8716	2020	2281	0	5175	0	0	256	3845	1420	0	0	0	0	6124	1212	11100	0	199	0	14993	0	3357	479	0	1278	358	3588	363	66649	633	45461	0	0	403	3358	5066	0	0	2060	0
SRR061388	0	3124	3152	0	5142	720	0	0	1770	995	2276	0	180	640	0	0	9249	0	0	0	0	0	0	6990	9188	3079	0	0	666	0	215	0	0	0	0	1849	0	66349	0	359	102	0	0	28740	0	0	0	2467	0	614	0	0	207	0	0	0	0	1803	1033	358	418	3801	5907	0	0	206	0	111
SRR1031145	0	755	0	0	1992	5801	0	0	0	0	1172	0	0	3550	0	0	64536	0	0	0	0	0	0	9798	2452	0	3733	0	5239	0	0	0	504	917	0	0	343	4041	0	0	0	0	0	0	0	0	0	25	0	0	0	0	0	0	5325	0	5016	0	158	0	0	0	0	0	0	0	0	0
SRR1179026	0	17050	3974	0	15653	490	805	265	0	0	3244	0	0	0	0	402	14963	324	0	0	0	0	0	2922	3991	871	0	950	2052	299	185	0	10675	0	333	0	0	57369	0	0	0	0	0	12579	132	0	1454	0	0	0	0	0	200	0	0	0	3715	0	0	3261	0	0	41	0	64390	0	0	0
SRR1804060	3199	2371	4628	1106	20873	8525	0	162	283	2929	4190	660	717	14315	1517	0	62883	0	880	652	352	1494	0	2007	6844	1641	0	0	6209	0	27	0	0	551	0	615	0	4119	0	1181	231	703	0	15665	482	186	0	0	0	126	0	0	2585	433	0	404	13479	0	1009	128	0	0	3465	0	0	208	0	0
SRR1804622	1680	0	1578	500	51	17658	0	162	1145	1956	5693	0	679	3989	0	0	56997	0	5232	0	80	908	0	3724	4056	0	0	0	207	0	1767	0	0	0	1181	0	0	0	0	0	2703	0	0	7531	226	0	0	0	0	0	0	0	3967	0	0	0	0	0	0	0	0	0	1460	0	0	0	0	0
SRR1803322	885	0	3623	343	0	22623	0	0	33304	335	2157	0	0	56796	0	0	54235	0	1836	0	0	0	0	19489	26374	0	0	0	4122	0	1454	0	220	0	260	970	0	0	0	0	0	0	0	17246	0	0	0	0	0	0	0	0	0	0	0	0	8311	0	0	1983	0	0	1711	0	0	0	0	0
SRR1803316	1973	1753	0	195	13302	10517	0	0	1832	2178	8298	0	200	54489	500	0	7299	0	164	0	173	865	267	40297	39814	1024	48	1553	7348	0	139	0	525	3993	399	11769	1209	540	0	150	0	0	0	7903	0	2492	0	7105	0	1493	0	0	394	0	221	191	0	568	3099	0	0	3739	377	0	0	0	0	2408
SRR061468	0	3467	5214	0	7820	5835	0	717	0	7071	10625	0	748	481	283	0	53612	0	0	1396	0	0	3444	8184	22585	4212	350	1788	8392	134	4330	0	768	1079	0	6216	197	0	2488	0	122	829	0	3538	146	0	0	17947	16	0	0	0	8439	486	0	259	2046	0	6749	307	0	1549	2419	351	320	0	0	7124
SRR1803914	2818	4504	53309	1608	6030	10928	0	2038	1726	44544	20082	0	1571	935	0	259	32599	973	1530	0	1159	0	0	1610	1996	2430	0	0	4633	0	13464	0	0	787	3563	0	0	4140	6994	0	2606	466	397	1906	52	0	175	645	1495	0	200	4474	15627	444	0	788	0	98	1237	13	404	270	535	0	0	0	0	1699
SRR1031073	0	12938	11012	0	52474	4946	0	1273	0	1815	8640	0	692	3792	2246	0	50043	0	0	760	0	0	0	8336	11231	455	0	232	4840	1421	4818	0	505	0	0	413	352	24368	0	1416	0	1349	0	11310	469	0	665	0	0	0	0	0	2446	0	0	0	128	0	199	155	0	1373	1824	0	0	0	0	16395
SRR062098	6771	6644	1204	5227	50739	456	4101	4571	16228	903	13750	838	730	13264	0	1542	29499	530	2528	3224	3955	221	17333	3704	11177	1897	5389	13252	21162	14441	147	1561	3779	383	0	1544	1078	3551	0	0	174	623	0	2343	107	4951	0	1418	0	888	0	297	6890	287	1060	8545	2109	0	12153	1704	0	7704	2125	529	0	42	0	9169
SRR1804243	954	0	6875	3682	0	2208	1414	1323	1414	2480	1229	1099	0	20539	0	6920	50438	195	919	0	760	1141	0	30990	40954	0	0	0	7210	0	0	684	5815	893	962	620	1360	1229	106	0	125	1106	0	4830	376	1018	1048	10328	0	0	1864	0	461	0	628	1067	0	0	1093	0	302	0	1261	0	0	0	0	1376
SRR1804169	1895	166	0	4224	0	1413	0	1696	6651	5632	2850	569	1424	7087	0	0	10783	686	941	0	529	0	0	49148	10110	2111	0	0	3566	0	378	0	0	0	57	17799	0	1250	0	0	154	0	0	3731	117	0	0	0	0	0	0	0	494	0	0	553	0	0	1596	0	0	0	161	30	5822	0	1037	11723
SRR1803826	0	0	3048	0	0	30215	936	0	973	0	704	226	0	10163	0	776	48723	0	0	0	112	0	0	9978	3626	0	0	0	4043	0	3306	0	0	0	0	930	0	0	0	0	1418	0	0	7661	0	531	0	0	0	0	0	0	1396	0	148	0	0	0	164	0	0	129	3798	0	0	0	0	0
SRR061543	5282	0	5655	16310	141	11675	25441	7640	37515	772	3557	1774	454	0	0	39665	48142	5900	14905	0	13644	408	0	1389	6118	307	0	3935	886	0	1756	4429	16	0	134	207	0	14520	717	0	543	0	0	15638	0	1975	0	0	0	0	0	1480	1074	249	0	7771	0	0	2525	641	0	0	510	0	0	0	0	1789
SRR061425	0	0	25844	0	4191	3627	0	0	2644	480	48032	0	0	1872	0	0	16848	0	0	3083	0	0	0	14336	1074	5101	3160	0	0	0	54	0	6598	432	0	1493	433	26277	0	0	237	1766	124	31981	0	0	0	42913	0	0	8404	0	0	0	0	0	1204	0	6329	0	0	0	1175	392	0	163	0	8509
SRR061909	19757	133	5444	11706	14469	6065	16642	360	12302	3317	2267	559	3464	12926	0	0	47239	0	8288	0	9902	400	0	2905	32532	0	0	2114	3301	0	0	3130	0	268	1031	6734	1105	14609	1237	221	1112	0	0	4378	534	0	0	1339	93	1645	182	172	415	0	0	2950	0	800	2399	1882	0	4653	283	0	1368	1293	0	0
SRR549652	0	2554	4186	0	0	46986	0	0	0	1360	425	0	0	62	0	0	14789	0	0	0	0	0	0	2051	2411	3272	0	0	715	0	26952	0	0	0	0	0	0	7278	0	0	0	0	0	1980	0	0	0	0	0	0	0	0	1184	0	0	0	747	0	0	0	0	3057	341	0	0	0	0	5478
SRR1804276	2810	1435	2710	1248	2617	4194	632	3966	815	1172	5364	135	0	1227	0	0	1138	2982	0	0	1273	0	0	40186	7089	498	0	0	3241	0	0	0	0	7169	0	0	0	0	0	41	0	0	0	3330	22	0	176	14342	0	0	0	0	0	0	960	0	1372	0	0	0	0	1207	0	0	0	0	125	0
SRR1803835	0	0	0	0	0	852	0	0	2723	0	0	0	0	22371	0	0	6408	0	556	0	0	0	0	41943	23999	0	0	0	21854	0	0	0	0	0	528	11800	159	0	0	0	0	609	0	1318	0	0	0	2717	0	0	0	0	0	0	754	0	0	0	159	0	0	0	0	0	0	0	0	0
SRR1803305	5446	534	614	2853	0	41014	0	5951	9178	22152	7162	0	3219	653	139	0	13567	1070	12080	0	0	0	942	5867	3860	1364	496	204	1333	0	2390	0	3140	0	179	0	0	32120	3653	2916	14504	0	1168	9194	323	0	0	0	0	0	0	0	0	0	0	0	2433	0	288	0	0	5283	0	0	0	0	373	1186
SRR1031159	0	0	0	0	1195	9541	0	0	2836	0	0	0	0	7129	0	0	39158	0	2376	0	0	0	1655	15266	18715	2404	0	0	1337	0	10213	0	46	0	0	1022	0	5469	0	0	1259	393	0	6339	0	0	0	0	0	0	0	0	293	0	693	0	0	0	401	0	0	0	835	0	0	0	0	0
SRR1568878	0	374	7327	1007	0	1469	0	0	319	6193	7258	1208	2706	840	616	0	36403	0	0	0	0	0	0	268	1513	0	0	792	0	0	351	0	0	0	0	1305	0	11903	494	0	0	0	0	2068	0	0	0	0	0	0	0	0	4796	576	0	1631	0	0	8613	201	0	372	857	571	0	0	0	0
SRR531396	0	18067	283	0	3258	36115	0	286	260	0	86	0	0	0	0	0	16496	0	0	0	0	0	0	5121	360	1152	0	0	4940	0	4617	0	0	0	0	0	0	19583	0	231	0	0	0	258	0	0	177	0	0	0	0	0	0	0	0	0	0	0	0	509	0	0	288	0	0	0	0	4103
SRR1568918	333	7181	1462	0	35823	0	0	0	0	224	3804	0	0	784	299	0	1629	0	0	0	0	0	0	832	1818	328	0	0	2049	439	0	0	0	0	364	18	124	0	0	0	0	0	0	33739	0	0	0	0	0	0	0	0	786	0	0	0	0	0	0	1929	0	0	3071	0	0	0	206	2211
SRR539935	0	0	0	0	0	0	0	0	0	0	1194	0	0	363	0	0	1651	0	0	239	0	0	0	33098	5319	0	0	0	479	0	0	0	0	0	0	0	0	0	0	0	0	0	0	0	0	0	0	0	0	0	0	0	0	0	0	0	0	0	281	0	152	0	0	0	0	0	0	363
SRR549413	1557	5898	712	601	224	287	473	1394	1684	599	2500	458	350	0	0	109	5139	0	174	0	106	0	1053	442	4076	324	0	0	1633	0	0	0	110	0	0	0	0	7756	0	1282	0	0	0	796	282	0	0	0	0	0	0	43	0	0	0	0	0	0	0	3522	0	0	1308	0	0	0	33084	0
SRR1804458	550	0	0	1638	580	24114	0	454	2097	0	0	0	0	2635	0	0	9661	0	5709	0	0	0	0	16732	6090	0	0	0	1016	0	0	0	0	0	0	106	0	2476	1659	0	1810	0	0	9400	0	0	0	0	0	0	0	0	0	0	0	0	0	0	0	0	0	0	0	0	0	0	0	32861
SRR1803301	0	10229	3956	0	13236	307	0	0	8678	0	1673	0	0	3235	0	0	1802	0	0	0	0	0	0	32290	4536	397	0	0	8814	0	0	0	4388	2697	0	0	0	13345	0	0	0	0	0	27036	0	0	109	5424	0	0	0	0	0	0	1361	0	0	0	0	0	4643	0	0	0	0	0	14304	0
SRR1803307	0	0	0	0	0	797	0	0	14912	0	0	0	0	6924	0	0	11014	0	1627	0	0	0	0	18452	31580	0	0	0	6354	0	0	0	0	0	0	783	0	21367	0	0	0	0	0	0	0	0	0	0	0	0	0	0	0	0	0	0	0	0	0	0	0	0	0	0	0	0	7994	0
SRR549713	0	0	263	0	0	290	0	0	0	1505	0	0	0	0	0	0	758	0	0	0	0	0	0	0	0	0	0	0	0	0	0	0	0	0	0	0	0	30050	0	0	0	0	0	2375	0	0	0	0	0	0	0	0	0	0	0	0	0	0	0	0	0	0	0	0	0	0	0	0
SRR1803356	3286	0	5601	1956	0	1887	0	546	6266	10689	19142	3418	2410	8039	0	2802	24322	291	2476	0	1415	0	0	3505	12701	0	0	0	5579	0	4265	883	0	0	0	7261	0	1034	806	0	370	0	0	28476	1849	0	0	73	312	598	0	897	2672	0	0	3729	0	0	0	0	0	0	798	0	0	0	0	0
SRR1803905	948	0	0	1284	0	1332	841	430	4503	0	51	0	0	14384	0	0	1890	0	521	1161	349	0	0	27627	10149	0	0	0	10220	0	0	0	0	1876	0	12312	159	0	0	0	0	0	0	5771	0	0	0	8410	0	0	0	0	0	0	0	0	0	0	1985	0	0	0	0	0	0	0	43	0
SRR061395	0	2215	0	86	3192	3361	266	0	436	0	170	0	0	659	0	428	4775	0	271	0	304	0	0	12284	4887	1476	0	0	2721	0	1420	0	0	0	304	1970	0	27616	0	0	0	0	0	1400	0	0	0	0	0	0	0	0	0	0	0	633	0	0	0	0	0	0	2925	0	3115	0	0	0
SRR1568944	589	1154	5198	0	279	1361	0	24	0	3498	3865	570	884	0	0	0	19891	0	0	0	0	0	0	0	1429	241	0	446	80	0	932	0	0	0	0	0	0	23849	163	0	0	82	0	1731	58	0	0	0	0	0	0	0	5417	0	0	0	0	0	1509	1039	0	329	945	0	0	103	94	26691
SRR1803312	0	16822	954	1286	24754	782	446	0	1208	90	0	0	0	1006	0	401	3159	0	1044	0	568	0	0	4936	5460	2934	0	0	14687	0	0	0	0	0	0	764	0	0	0	0	0	0	0	1786	0	0	0	0	0	0	0	0	0	0	0	258	0	0	0	448	0	0	0	0	0	0	0	1214
SRR1568868	0	292	0	0	685	9512	0	0	0	0	0	0	0	566	0	0	24144	0	0	0	0	0	0	327	271	0	0	0	2662	0	922	0	0	0	0	0	0	0	0	0	0	0	0	0	0	0	0	0	0	124	0	0	0	0	0	0	0	241	574	0	0	0	564	0	0	0	0	0
SRR1803823	3114	568	7263	6242	1068	12522	1147	152	1330	280	2206	1255	3843	8493	0	431	24130	0	1965	0	215	2593	0	18482	13955	42	0	1327	2611	846	762	0	0	2779	209	7526	629	542	338	0	101	1704	0	3042	37	0	0	2393	0	0	0	0	4282	0	0	1711	0	0	6382	2819	0	5135	110	1213	0	0	0	0
SRR1031106	0	0	0	285	186	0	1852	589	0	477	0	939	148	726	0	258	3461	0	111	0	363	133	0	8497	3982	0	0	0	542	0	0	0	894	0	0	54	0	20485	0	0	0	0	0	2817	0	0	0	0	0	0	0	0	0	0	0	0	21962	0	0	0	0	0	305	0	18341	0	0	392
SRR1031064	907	0	3405	0	0	82	0	0	0	553	1843	1644	475	0	130	0	21894	0	0	0	384	0	0	0	1327	0	0	0	0	0	0	106	5721	0	0	0	0	15400	0	0	0	0	0	13092	132	0	0	0	0	0	0	0	157	0	0	0	4064	0	0	313	0	0	309	0	0	0	5506	0
SRR1803995	0	0	1801	0	70	1643	0	74	392	0	2152	0	0	0	0	0	7804	0	0	0	0	0	0	0	1593	0	0	0	0	0	26	0	566	0	0	888	0	20066	0	0	0	0	0	13791	37	0	0	0	0	0	0	0	0	0	0	0	3481	0	0	716	0	0	0	0	2183	0	1508	3526
SRR1804166	1740	0	0	1480	4520	1620	19	0	1276	0	0	0	0	9055	0	0	3345	0	1724	494	440	0	0	17791	11835	1333	0	0	5569	0	0	0	0	0	0	3320	482	0	0	0	49	0	0	4409	60	0	0	690	0	0	0	0	0	0	0	184	0	0	0	0	0	0	1976	0	0	0	0	0
SRR549458	0	0	0	0	0	16868	0	0	0	0	0	0	0	235	0	0	567	0	0	0	0	0	0	17230	9281	0	0	0	2432	0	0	0	0	0	0	0	889	0	0	0	363	0	0	3644	0	0	0	0	0	0	0	0	0	0	0	0	0	0	0	0	0	0	0	0	0	0	0	16007
SRR1569226	1662	2144	4008	2903	0	3004	335	1665	2612	0	1265	0	116	281	0	0	2941	1115	1073	0	274	0	0	2609	448	282	48	0	4201	0	89	0	0	0	398	0	0	0	0	0	442	0	0	16373	284	0	572	0	0	0	0	0	0	0	0	941	0	0	0	0	0	0	0	0	0	0	0	0
SRR1804303	3097	0	627	8638	0	157	2593	2229	12801	6963	5283	3310	2971	3330	0	14055	15752	584	4579	0	11687	1084	0	6971	940	0	0	0	1477	0	84	3395	0	0	335	1535	0	0	551	0	76	0	0	4592	614	99	0	0	0	61	0	0	702	0	0	1359	0	0	0	738	0	0	0	0	6300	123	0	1656
SRR1031317	0	6371	3327	0	15315	3318	269	394	0	0	267	0	0	781	0	358	1812	0	0	1047	0	0	0	2986	297	3180	0	0	638	0	136	0	0	133	0	0	0	2293	0	1178	0	0	0	3381	0	0	0	0	0	0	0	0	0	0	0	0	1193	0	409	0	0	0	674	0	0	0	0	3365
SRR059920	6225	8818	555	1005	9860	318	0	356	1816	4263	2947	135	834	3930	0	0	14748	393	814	900	39	0	1680	8158	5668	693	1519	0	5703	1702	0	494	895	0	0	349	0	12291	338	3844	561	128	0	4212	0	585	0	4369	0	1448	721	367	685	0	196	286	0	10483	5980	2210	0	534	267	0	0	0	0	0
SRR059444	6793	0	0	5557	0	5570	3283	1427	10890	0	1494	92	0	4238	0	2204	4377	1207	8444	0	5140	0	0	4439	14510	0	883	0	3385	0	0	787	223	0	0	4422	629	0	312	0	599	234	0	6718	587	100	0	1145	0	260	0	0	0	0	0	227	0	0	1310	181	0	1861	297	62	0	219	0	0
SRR549499	0	1407	0	421	0	0	0	0	1324	986	1834	0	515	0	0	0	14052	0	0	0	0	0	0	941	2596	0	0	0	638	0	0	0	158	0	0	1031	0	14448	0	0	0	0	0	1888	0	0	0	0	0	0	0	0	0	0	0	0	0	0	0	646	0	0	8650	0	0	0	0	0
SRR549637	786	0	452	858	0	2646	295	0	1604	3243	1246	0	0	1279	0	0	11365	0	389	0	0	0	0	12453	625	0	0	321	1948	62	0	0	0	0	0	761	0	13529	0	0	0	0	0	4324	0	0	0	0	0	0	0	0	0	0	114	0	1547	0	147	0	0	0	171	0	0	0	983	0
SRR539467	10659	1357	10459	577	153	538	705	6477	5087	8518	13257	2437	1910	0	0	0	7956	1401	2869	0	1330	56	0	0	0	0	0	0	515	0	852	486	0	0	0	0	0	1624	1301	0	272	0	0	0	2160	213	0	0	1095	0	0	1999	5366	1370	0	3151	0	0	68	1411	0	0	0	0	413	0	0	11129
SRR063472	1541	0	1070	5581	0	2936	2545	2848	8619	1758	683	1683	430	11551	0	4004	5081	454	4857	0	4508	0	0	10312	6503	0	60	0	3591	0	117	1024	0	0	0	1783	0	2001	0	0	197	0	0	260	498	0	0	4308	590	1159	0	2018	848	0	651	1612	0	0	1337	0	0	296	0	0	0	551	0	73
SRR1803297	5397	1060	1890	6305	1477	4781	1018	3613	7814	474	664	100	54	274	0	0	8246	1064	3054	0	776	0	0	2299	1083	0	0	0	1153	0	83	0	607	0	0	0	0	0	393	0	855	0	0	12073	193	105	0	48	0	0	0	41	484	0	0	822	0	0	481	90	0	0	0	0	0	0	0	0
SRR1568828	1232	0	0	1154	0	29	0	0	908	4668	420	1998	7996	2988	0	0	10686	0	638	0	0	1097	0	1612	5053	0	0	0	135	0	0	318	0	0	0	123	0	4102	0	0	0	0	0	8081	0	0	0	0	0	0	0	0	609	0	0	0	0	0	607	0	0	0	0	0	0	0	0	0
SRR1568915	0	1465	719	0	1696	0	0	0	316	209	1097	0	0	0	0	0	826	0	0	0	0	0	0	0	0	0	0	0	505	0	0	0	731	0	0	0	0	0	0	949	0	0	0	10546	0	0	0	0	0	0	0	0	0	0	0	0	0	0	0	80	0	0	9697	0	0	49	44	3412
SRR1804078	526	54	7588	0	1047	0	0	0	199	885	1267	0	0	454	0	0	9751	0	0	0	0	0	0	7894	362	0	0	0	1417	0	154	0	122	0	0	0	0	1842	0	0	0	0	0	917	15	0	0	145	0	0	0	0	1371	0	0	0	0	0	0	0	0	0	0	0	0	0	0	0
SRR1803782	0	0	0	1733	0	5770	0	2216	1173	0	0	0	0	1060	0	0	0	0	2724	0	1750	0	0	4662	0	0	0	0	0	0	0	0	0	0	403	0	0	0	62	0	1347	0	0	0	0	0	0	0	0	0	0	0	0	0	0	0	0	0	0	0	0	0	0	0	0	0	0	0
SRR549457	3281	81	0	1222	3796	301	0	0	1519	1110	0	0	0	0	0	0	7733	0	387	0	0	0	0	0	889	0	557	1196	330	0	0	0	47	0	0	0	0	9182	0	733	0	0	0	1150	0	0	0	0	0	0	0	0	0	0	0	117	609	0	301	1825	0	0	1614	0	1031	0	0	0
SRR1803875	0	934	3581	2183	8231	2786	6396	0	4427	749	4861	410	281	180	0	0	3112	430	934	585	1605	0	0	1718	228	64	0	78	2153	0	719	87	0	0	0	88	0	0	0	0	250	0	0	0	0	191	0	1199	0	0	0	243	0	0	0	1053	0	0	164	80	0	2024	0	0	0	232	0	5667
SRR549421	0	3098	45	0	3359	0	0	0	0	0	0	0	0	0	0	0	3571	0	0	0	0	0	7025	0	0	0	0	0	4883	0	0	0	15	0	0	0	0	0	0	0	0	0	0	270	0	0	0	0	0	0	0	0	0	0	0	0	831	0	0	508	0	332	3776	0	0	0	0	2343
SRR059448	0	2719	1202	0	7004	951	0	0	0	172	1790	0	0	2689	0	0	5966	0	0	607	0	0	247	6266	988	0	0	0	3324	185	0	0	0	0	0	1304	0	0	0	0	0	540	0	2699	0	0	0	0	0	0	0	0	2918	0	184	0	0	0	2562	0	0	1141	0	0	0	0	0	6776
SRR1031264	0	108	0	401	0	0	258	355	2961	0	0	0	0	4119	0	0	5544	0	0	0	493	0	0	3092	717	127	0	0	886	0	0	0	0	0	0	0	0	0	0	0	0	0	0	849	0	0	0	0	0	0	0	0	0	0	0	0	0	0	0	818	0	0	0	0	0	0	1435	0
SRR1804677	564	0	0	299	0	1274	0	689	3931	0	293	0	0	0	0	0	684	0	1596	0	0	0	0	3193	1975	0	0	0	198	0	0	0	0	0	0	342	0	0	0	0	77	0	0	825	0	0	0	0	0	0	0	0	401	0	0	0	0	0	949	0	0	323	0	0	0	0	0	5301
SRR1568830	1412	0	4782	1113	101	259	2180	0	2497	1668	3791	343	0	0	0	0	2336	15	0	0	834	0	0	0	0	0	0	0	0	0	0	0	0	0	0	0	0	2161	0	0	0	0	0	1040	15	0	0	0	0	208	0	335	1249	0	0	0	0	0	0	0	0	0	0	0	0	0	0	0
SRR1569399	325	56	0	2097	833	757	4052	308	1328	0	0	0	0	265	0	0	1250	208	624	0	1099	0	0	0	278	0	0	0	575	0	0	127	0	0	49	0	0	0	0	0	0	0	0	189	0	0	0	0	0	343	0	0	0	0	0	113	0	103	0	0	0	0	0	0	0	0	0	641
SRR569355	0	2962	318	0	131	0	0	419	129	616	1696	0	0	0	0	0	1202	0	0	0	0	0	0	1666	0	0	0	0	0	0	75	0	185	436	385	0	0	0	0	0	0	0	0	1057	0	0	0	0	0	0	0	0	0	0	0	0	592	0	143	0	0	0	0	0	0	0	0	0
SRR1568829	0	1790	1262	0	1896	0	0	147	3770	288	1503	0	0	842	0	0	3005	0	0	0	0	0	0	837	1353	0	0	0	1050	0	0	0	0	0	0	676	0	3648	0	255	0	0	0	2974	0	0	0	0	0	0	0	0	0	0	0	0	0	0	0	940	0	0	151	0	0	0	0	0
SRR061463	0	0	0	0	0	0	0	0	0	0	0	0	0	3408	0	0	0	0	0	0	0	0	0	133	0	0	0	0	0	0	0	0	0	0	0	17	0	0	0	0	0	0	0	0	0	0	0	0	0	0	0	0	0	0	0	0	0	0	0	0	0	0	0	0	0	0	0	0
SRR549638	0	0	764	0	1560	0	0	0	0	211	1805	0	0	0	0	0	1197	0	0	0	0	0	0	0	120	0	0	0	247	0	0	0	0	0	0	0	0	0	0	0	0	0	0	734	0	0	0	0	0	0	0	0	0	0	0	0	0	0	0	0	0	0	0	0	0	0	0	1298
SRR1569948	0	83	0	0	0	1703	0	0	0	0	232	0	0	0	0	0	1167	0	0	0	0	0	0	0	0	506	0	0	0	0	0	0	0	0	0	0	0	0	0	245	0	0	0	0	0	0	0	0	0	0	0	0	0	0	0	0	0	0	0	0	0	0	577	0	0	0	0	0
SRR549496	0	609	0	0	0	0	0	236	0	0	906	0	0	0	0	0	0	0	0	0	0	0	0	0	0	582	0	0	0	0	0	0	0	0	0	0	0	0	0	0	0	0	0	877	0	0	0	0	0	0	0	0	0	0	0	0	0	0	0	383	0	0	0	0	0	0	0	0
SRR1031120	0	0	0	0	746	0	0	0	0	0	0	0	0	0	0	0	261	0	0	0	0	0	0	751	0	0	0	0	0	0	0	0	0	0	0	0	0	195	0	0	0	0	0	0	0	0	0	0	0	0	0	0	0	0	0	0	0	0	135	0	0	0	0	0	0	0	0	0
